order_id,order_date,customer_id,customer_name,age,gender,region,city,product_category,product_name,quantity,unit_price,discount_pct,sales_amount,profit,shipping_cost,payment_method,customer_satisfaction,return_flag,order_status,days_to_ship
ORD-03903,15-08-2024,CUST32603,Aarav Mehta,39,Other,Central,Raipur,Groceries,Sugar,8,346.32,0.2,2765.02,289.18,56.04,Debit Card,3,TRUE,Returned,7
ORD-02198,16-08-2022,CUST07881,Sanjay Verma,28,Male,West,Mumbai,Beauty,Sunscreen,8,858.66,0.08,6863.78,5355.56,64.49,Debit Card,5,FALSE,Delivered,2
ORD-01348,29-08-2021,CUST49296,Pooja Sharma,41,Other,West,Surat,Furniture,Sofa,4,25941.32,0.14,103620.01,36956.51,67.65,Debit Card,4,FALSE,Delivered,5
ORD-02076,07-05-2022,CUST05587,Priya Reddy,29,Other,West,Ahmedabad,Furniture,Bed Frame,9,22071.92,0.17,198309.58,66644.99,54.47,EMI,3,FALSE,Delivered,4
ORD-00287,05-07-2020,CUST58035,Ritu Sharma,34,Male,Central,Nagpur,Groceries,Cooking Oil,1,320.06,0.31,319.07,31.38,48.81,Net Banking,4,FALSE,Pending,4
ORD-03954,02-09-2024,CUST17187,Vikram Iyer,29,Male,West,Surat,Books,Self-Help Book,2,949.5,0.22,1894.82,964.66,62.42,Cash on Delivery,2,TRUE,Returned,8
ORD-01412,28-09-2021,CUST02453,Arjun Shah,31,Female,Central,Bhopal,Books,Self-Help Book,3,329.03,0.02,986.89,375.07,77.34,Credit Card,5,TRUE,Returned,10
ORD-02911,06-10-2023,CUST23285,Aditya Sharma,43,Female,North,Amritsar,Clothing,Saree,1,1356.6,0.01,1356.46,717.27,82.68,UPI,1,FALSE,Delivered,4
ORD-00465,24-07-2020,CUST23609,Aditya Patel,44,Female,East,Patna,Books,Self-Help Book,8,495.77,0.37,3951.49,1338.88,84.5,Debit Card,1,FALSE,Cancelled,10
ORD-00105,02-09-2020,CUST75337,Arjun Das,17,Female,East,Patna,Clothing,Kurta,9,2128.77,0.1,19139.77,4173.45,75.33,UPI,3,FALSE,Delivered,8
ORD-00362,06-04-2020,CUST80340,Meera Mishra,51,Other,Central,Raipur,Furniture,Wardrobe,3,24460.8,0.15,73272.33,14762.22,60.11,UPI,1,FALSE,Delivered,8
ORD-01701,28-01-2022,CUST47772,Shreya Bose,14,Female,West,Ahmedabad,Groceries,Dal (1Kg),2,274.81,0.15,548.8,24.26,46.69,EMI,4,FALSE,Delivered,4
ORD-02270,14-09-2022,CUST31062,Vikram Pillai,15,Other,North,Ludhiana,Beauty,Lipstick,7,111.14,0.37,775.1,305.65,44.94,Net Banking,4,FALSE,Delivered,9
ORD-03417,21-01-2024,CUST83946,Karan Bose,29,Female,West,Pune,Books,Cook Book,10,1492.28,0.38,14866.09,4336.31,66.67,Debit Card,3,TRUE,Returned,5
ORD-02532,01-04-2023,CUST73360,Deepa Joshi,53,Male,South,Kochi,Clothing,T-Shirt,9,590.14,0.2,5300.64,2277.4,79.19,EMI,1,FALSE,Delivered,4
ORD-03524,03-10-2024,CUST50623,Deepa Mehta,30,Female,South,Kochi,Furniture,Chair,10,12138.87,0.15,121206.62,50995.28,49.93,EMI,3,FALSE,Delivered,1
ORD-01814,14-03-2022,CUST08792,Rahul Gupta,26,Male,South,Bangalore,Clothing,Dress,10,1706.05,0.04,17053.68,6453.4,89.15,UPI,5,FALSE,Delivered,4
ORD-03257,06-11-2023,CUST88256,Shreya Singh,15,Male,East,Guwahati,Electronics,Tablet,8,73558.44,0.4,586113.65,53808.65,82.71,UPI,3,FALSE,Delivered,6
ORD-04171,17-12-2024,CUST15084,Nikhil Mishra,43,Male,South,Kochi,Clothing,Jacket,5,3006.52,0.12,15014.56,4837.79,75.97,Credit Card,1,FALSE,Delivered,5
ORD-00049,19-01-2020,CUST43401,Sanjay Bose,21,Other,North,Delhi,Furniture,Sofa,3,34890.63,0.29,104368.34,18067.63,40.97,Net Banking,5,FALSE,Shipped,3
ORD-01978,24-05-2022,CUST43165,Kavya Kumar,15,Other,South,Chennai,Electronics,Headphones,7,48577.53,0.07,339804.68,36816.91,57.45,EMI,2,FALSE,Delivered,4
ORD-00968,17-03-2021,CUST41573,Sanjay Mishra,35,Female,South,Kochi,Sports,Dumbbells,8,7643.4,0.09,61092.17,10099.62,65.76,Credit Card,3,FALSE,Delivered,8
ORD-02727,28-03-2023,CUST68233,Rahul Joshi,22,Female,Central,Nagpur,Books,Comic Book,6,1467.54,0.29,8779.7,3606.99,50.88,UPI,3,FALSE,Delivered,4
ORD-02986,17-07-2023,CUST62795,Arjun Chatterjee,30,Male,South,Bangalore,Books,Self-Help Book,5,478.05,0.02,2389.77,290.9,63.7,Cash on Delivery,2,FALSE,Delivered,7
ORD-04158,12-10-2024,CUST75042,Pooja Verma,44,Female,Central,Nagpur,Books,Self-Help Book,7,612.7,0.22,4279.46,991.03,55.8,Credit Card,5,FALSE,Delivered,4
ORD-03913,17-08-2024,CUST83779,Nikhil Bhat,31,Other,West,Surat,Sports,Football,9,3000.32,0.21,26946.17,6330.95,68.5,UPI,4,FALSE,Delivered,9
ORD-01473,25-10-2021,CUST33809,Sanjay Reddy,31,Other,West,Surat,Groceries,Cooking Oil,2,233.12,0.28,464.93,21.37,57.3,Cash on Delivery,3,FALSE,Delivered,7
ORD-03795,07-07-2024,CUST28954,Nikhil Bose,35,Female,Central,Bhopal,Clothing,T-Shirt,2,735.25,0.03,1470.06,795.65,74.95,UPI,5,FALSE,Delivered,8
ORD-01275,28-07-2021,CUST94413,Rahul Gupta,35,Male,Central,Indore,Electronics,Laptop,9,63147.82,0.14,567534.72,86070.79,60.5,Cash on Delivery,4,TRUE,Returned,3
ORD-00412,07-01-2020,CUST88814,Rahul Kapoor,51,Other,West,Ahmedabad,Books,Comic Book,8,635.66,0.34,5067.99,1269.07,67.01,Cash on Delivery,1,FALSE,Delivered,3
ORD-01848,29-03-2022,CUST43339,Arjun Pillai,28,Male,South,Kochi,Sports,Cricket Bat,7,6478.95,0.22,45252.87,8443.99,69.59,EMI,1,FALSE,Delivered,2
ORD-02684,03-10-2023,CUST32875,Kavya Patel,41,Male,South,Kochi,Beauty,Hair Oil,3,1290.21,0.12,3865.99,1777.76,64.97,Cash on Delivery,3,FALSE,Delivered,5
ORD-00936,27-02-2021,CUST82575,Kavya Pillai,29,Female,Central,Nagpur,Furniture,Bookshelf,1,33537.06,0.25,33453.22,5814.79,56.47,Debit Card,4,FALSE,Delivered,2
ORD-03422,23-01-2024,CUST58923,Deepa Pillai,20,Male,East,Guwahati,Electronics,Headphones,3,64874.09,0.02,194583.35,20320.94,79.56,UPI,1,FALSE,Delivered,7
ORD-01505,11-06-2021,CUST41623,Vikram Pillai,65,Other,North,Chandigarh,Books,Comic Book,4,1350.95,0.21,5392.45,1854.28,44.83,Credit Card,3,FALSE,Delivered,2
ORD-04045,22-10-2024,CUST10094,Rahul Sharma,26,Other,North,Amritsar,Electronics,Camera,3,68799.42,0.07,206253.78,36091.77,48.01,UPI,1,FALSE,Delivered,7
ORD-02565,17-01-2023,CUST71120,Ritu Nair,35,Male,North,Amritsar,Furniture,Sofa,3,31242.32,0.01,93717.59,27403.47,52.73,Debit Card,3,TRUE,Returned,4
ORD-02031,14-06-2022,CUST13864,Amit Kumar,30,Other,Central,Bhopal,Books,Comic Book,6,1431.29,0.04,8584.3,819.7,70.38,Credit Card,5,TRUE,Returned,8
ORD-03773,30-06-2024,CUST34644,Ananya Patel,27,Male,South,Bangalore,Clothing,Jeans,3,1621.83,0.4,4846.03,1799.06,67.23,Credit Card,2,FALSE,Delivered,4
ORD-00025,01-10-2020,CUST91373,Karan Iyer,52,Female,West,Mumbai,Books,Cook Book,10,324.41,0.32,3233.72,903.99,48.24,UPI,3,FALSE,Delivered,4
ORD-02868,31-05-2023,CUST17518,Sanjay Shah,42,Female,Central,Indore,Furniture,Wardrobe,6,20242.36,0.04,121405.58,59116.34,83.75,Credit Card,2,FALSE,Delivered,9
ORD-01993,30-05-2022,CUST20457,Vikram Kumar,40,Other,North,Ludhiana,Sports,Tennis Racket,9,14422.23,0.21,129527.49,40739.98,58.92,EMI,5,FALSE,Delivered,1
ORD-00415,07-01-2020,CUST39948,Nikhil Kapoor,34,Female,North,Chandigarh,Furniture,Desk,2,33115.91,0.28,66046.37,13232.77,39.83,EMI,5,FALSE,Delivered,1
ORD-02867,31-05-2023,CUST70575,Aditya Reddy,49,Female,North,Amritsar,Sports,Cricket Bat,8,3917.74,0.27,31257.3,11271.87,60.71,Cash on Delivery,3,FALSE,Delivered,8
ORD-00757,12-09-2020,CUST29818,Meera Gupta,34,Female,South,Kochi,Furniture,Bookshelf,4,11267.5,0.2,44979.86,7321.53,70.73,UPI,4,FALSE,Delivered,1
ORD-03357,23-12-2023,CUST53286,Kavya Verma,34,Male,East,Patna,Beauty,Face Cream,5,2497.1,0.37,12439.3,2649.2,61.27,Cash on Delivery,1,FALSE,Shipped,5
ORD-02282,18-09-2022,CUST94046,Ananya Nair,38,Other,Central,Raipur,Electronics,Camera,5,11463.02,0.34,57120.23,3355.55,36.32,Cash on Delivery,5,FALSE,Delivered,10
ORD-04111,22-11-2024,CUST99588,Meera Kumar,57,Female,Central,Indore,Books,Comic Book,7,785.67,0.12,5493.09,2037.5,63.64,Credit Card,3,FALSE,Delivered,2
ORD-00707,16-11-2020,CUST43806,Nikhil Reddy,36,Female,North,Ludhiana,Clothing,Jeans,2,1557.26,0.13,3110.47,840.29,50.66,EMI,2,FALSE,Delivered,10
ORD-01870,04-05-2022,CUST73941,Aditya Mehta,48,Male,East,Bhubaneswar,Groceries,Cooking Oil,2,393.55,0.02,786.94,87.14,87.03,Debit Card,1,FALSE,Delivered,1
ORD-01047,20-04-2021,CUST61067,Meera Chatterjee,34,Female,North,Ludhiana,Sports,Football,5,8244.31,0.12,41172.08,13744.26,51.59,Cash on Delivery,1,FALSE,Delivered,4
ORD-01968,20-05-2022,CUST46310,Sanjay Kapoor,28,Male,East,Guwahati,Books,Comic Book,5,1063.62,0.16,5309.59,2963.48,62.28,UPI,3,FALSE,Delivered,5
ORD-03033,08-05-2023,CUST52453,Vikram Shah,34,Other,North,Amritsar,Groceries,Sugar,7,315.62,0.28,2203.15,104.43,72.63,Credit Card,5,FALSE,Delivered,7
ORD-02831,17-05-2023,CUST55922,Aditya Pillai,51,Female,West,Ahmedabad,Beauty,Lipstick,1,697.15,0.18,695.9,335.66,48.84,Debit Card,3,FALSE,Pending,10
ORD-00489,08-03-2020,CUST85726,Ritu Verma,34,Male,Central,Raipur,Electronics,Tablet,2,52363.15,0.25,104464.48,14474.33,45.26,Net Banking,2,FALSE,Pending,9
ORD-00364,06-04-2020,CUST12024,Shreya Kumar,37,Male,West,Surat,Sports,Football,3,2684.91,0.15,8042.65,2543.29,67.28,Net Banking,2,FALSE,Delivered,9
ORD-03081,22-08-2023,CUST01739,Rohan Nair,42,Female,North,Amritsar,Books,Fiction Novel,4,889.6,0.36,3545.59,1076.91,58.16,Credit Card,3,TRUE,Returned,3
ORD-00357,06-02-2020,CUST75375,Priya Joshi,41,Female,Central,Nagpur,Clothing,Jeans,2,1548.43,0.38,3085.09,866.5,49.01,EMI,1,FALSE,Delivered,6
ORD-03752,22-06-2024,CUST35687,Deepa Nair,42,Other,West,Surat,Books,Comic Book,1,787.78,0.15,786.6,520.99,47.1,Credit Card,2,FALSE,Delivered,9
ORD-00117,02-12-2020,CUST33188,Sanjay Joshi,48,Female,South,Kochi,Sports,Cycle,3,6047.51,0.08,18128.02,2741.49,36.15,Debit Card,4,FALSE,Delivered,3
ORD-00225,08-04-2020,CUST97307,Ritu Gupta,37,Male,Central,Nagpur,Sports,Tennis Racket,1,5935.12,0.08,5930.37,1165.63,47.97,Credit Card,5,FALSE,Delivered,7
ORD-01273,28-07-2021,CUST00699,Shreya Nair,51,Female,West,Pune,Books,Textbook,6,1490.57,0.13,8931.79,922.64,65.57,EMI,1,FALSE,Delivered,7
ORD-01912,25-04-2022,CUST02114,Ananya Verma,34,Male,South,Chennai,Clothing,T-Shirt,2,1244.43,0.23,2483.14,1061.94,75.05,Net Banking,5,FALSE,Delivered,2
ORD-02247,09-07-2022,CUST68290,Karan Kapoor,38,Other,North,Chandigarh,Furniture,Chair,2,22082.21,0.2,44076.09,9844.24,70.14,Debit Card,1,FALSE,Pending,7
ORD-00966,17-03-2021,CUST15832,Aarav Pillai,22,Other,East,Kolkata,Electronics,Laptop,4,11157.11,0.38,44458.85,3797.24,55.14,Credit Card,1,TRUE,Returned,8
ORD-00879,02-02-2021,CUST52790,Deepa Pillai,17,Other,East,Kolkata,Books,Comic Book,7,914.96,0.36,6381.66,1423.3,77.84,UPI,3,FALSE,Delivered,5
ORD-01339,24-08-2021,CUST94587,Aditya Gupta,32,Male,North,Chandigarh,Clothing,Jacket,5,1008.19,0.27,5027.34,1377.84,53.22,UPI,1,FALSE,Delivered,4
ORD-03248,11-04-2023,CUST43818,Arjun Bhat,30,Male,South,Kochi,Clothing,Saree,7,2102.17,0.13,14696.06,3358.13,62.02,Net Banking,3,FALSE,Shipped,8
ORD-00099,02-08-2020,CUST15599,Karan Shah,33,Other,West,Pune,Furniture,Chair,9,22687.65,0.33,203515.03,33050.92,45.04,Net Banking,3,FALSE,Delivered,2
ORD-00849,21-01-2021,CUST59483,Nisha Shah,26,Other,North,Ludhiana,Electronics,Smartwatch,10,57148.46,0.06,571141.71,48368.13,33.07,EMI,1,TRUE,Returned,5
ORD-02850,26-05-2023,CUST30753,Deepa Chatterjee,28,Male,North,Chandigarh,Furniture,Bookshelf,6,5493.74,0.2,32896.52,1809.32,49,Credit Card,1,FALSE,Delivered,5
ORD-03177,10-05-2023,CUST99258,Ananya Joshi,45,Other,Central,Raipur,Furniture,Sofa,2,7616.64,0.34,15181.49,3661.21,29.23,Net Banking,4,FALSE,Delivered,1
ORD-02058,27-06-2022,CUST44617,Nikhil Reddy,21,Other,South,Bangalore,Furniture,Desk,8,3549.62,0.22,28334.49,10062.41,77.82,EMI,5,TRUE,Returned,5
ORD-03092,29-08-2023,CUST21970,Rahul Verma,34,Other,East,Bhubaneswar,Electronics,Headphones,3,15632.25,0.34,46737.3,4132.26,65.5,UPI,5,FALSE,Delivered,1
ORD-02241,09-04-2022,CUST64655,Kavya Patel,21,Female,East,Guwahati,Electronics,Headphones,4,41499.34,0,165997.36,19809.16,73.44,Debit Card,4,FALSE,Shipped,1
ORD-01278,31-07-2021,CUST65126,Arjun Mishra,48,Other,East,Bhubaneswar,Clothing,Kurta,6,3288.5,0.01,19729.03,1513.25,103.27,Cash on Delivery,3,FALSE,Delivered,4
ORD-03281,17-11-2023,CUST21469,Shreya Nair,43,Other,North,Amritsar,Sports,Football,4,3010.43,0.27,12009.21,1584.03,51.24,Cash on Delivery,3,FALSE,Delivered,6
ORD-00011,01-03-2020,CUST64950,Nisha Mehta,23,Female,South,Hyderabad,Furniture,Sofa,8,22523.15,0.34,179572.57,29818.97,65.72,EMI,2,FALSE,Delivered,5
ORD-00058,22-01-2020,CUST60127,Ritu Kapoor,16,Other,South,Bangalore,Books,Textbook,4,363.32,0.07,1452.26,410.28,89.93,EMI,5,FALSE,Shipped,5
ORD-02876,06-02-2023,CUST23195,Aditya Sharma,34,Female,West,Surat,Furniture,Wardrobe,3,31229.73,0.32,93389.38,34252.99,53.79,EMI,5,FALSE,Pending,3
ORD-02210,21-08-2022,CUST53700,Ananya Shah,49,Female,South,Chennai,Furniture,Chair,3,25395.64,0.3,75958.36,28762.52,86.28,UPI,4,FALSE,Delivered,5
ORD-01057,22-04-2021,CUST83911,Aditya Das,27,Male,North,Chandigarh,Groceries,Dal (1Kg),3,457.68,0.26,1369.47,84.35,72.86,Cash on Delivery,3,FALSE,Delivered,2
ORD-02900,06-07-2023,CUST23268,Deepa Das,31,Female,South,Chennai,Books,Self-Help Book,1,715.84,0.24,714.12,470.99,59.5,Credit Card,2,FALSE,Delivered,4
ORD-04048,23-10-2024,CUST20477,Sanjay Verma,34,Female,East,Guwahati,Sports,Football,4,9803,0.33,39082.6,6215.4,88.57,UPI,4,FALSE,Cancelled,6
ORD-00402,21-06-2020,CUST55018,Vikram Nair,37,Other,South,Chennai,Electronics,Headphones,5,28892.57,0.07,144361.73,25286.68,84.72,Debit Card,5,FALSE,Delivered,6
ORD-01747,14-02-2022,CUST14531,Meera Gupta,27,Male,North,Ludhiana,Furniture,Wardrobe,9,14001.85,0.05,125953.64,40660.47,55.44,UPI,1,TRUE,Returned,1
ORD-00593,22-09-2020,CUST21963,Priya Bhat,38,Other,Central,Bhopal,Furniture,Wardrobe,8,30292.85,0.29,241640.01,45465.04,51.64,EMI,4,FALSE,Delivered,5
ORD-04017,10-03-2024,CUST02198,Meera Singh,34,Male,East,Kolkata,Sports,Tennis Racket,2,2854.89,0.06,5706.35,1203.75,86.84,UPI,3,FALSE,Delivered,9
ORD-02956,07-04-2023,CUST64061,Rohan Pillai,10,Other,South,Chennai,Clothing,T-Shirt,9,1340.2,0.38,12015.97,3852.39,105.03,Cash on Delivery,3,FALSE,Cancelled,4
ORD-00634,10-11-2020,CUST01277,Sanjay Iyer,22,Female,West,Surat,Furniture,Bookshelf,7,34455.92,0.28,240516.1,39164.43,54.2,Debit Card,3,FALSE,Delivered,7
ORD-03084,25-08-2023,CUST97761,Rahul Verma,25,Female,East,Bhubaneswar,Books,Self-Help Book,10,755.47,0.04,7551.68,4011.83,94.06,Credit Card,3,FALSE,Cancelled,5
ORD-01699,28-01-2022,CUST22943,Nisha Shah,42,Male,North,Amritsar,Sports,Tennis Racket,10,6054.48,0.06,60508.47,9832.73,59.24,Credit Card,1,TRUE,Returned,6
ORD-01353,09-01-2021,CUST45393,Shreya Reddy,42,Male,South,Hyderabad,Furniture,Desk,10,8753.12,0.28,87286.11,17930.25,87.75,EMI,5,FALSE,Delivered,8
ORD-02391,11-01-2022,CUST63245,Ananya Verma,29,Male,Central,Indore,Books,Textbook,4,1320.32,0.01,5280.75,950.65,39.09,Debit Card,3,FALSE,Delivered,5
ORD-00729,30-11-2020,CUST88249,Karan Das,33,Female,West,Surat,Books,Cook Book,8,707.31,0.15,5649.99,1635.73,65.92,Net Banking,4,FALSE,Delivered,9
ORD-03692,22-05-2024,CUST93738,Rohan Gupta,34,Male,North,Delhi,Groceries,Dal (1Kg),5,309.97,0.04,1549.23,214.05,37.34,Cash on Delivery,5,FALSE,Shipped,4
ORD-01385,18-09-2021,CUST85642,Priya Singh,42,Other,East,Kolkata,Sports,Cricket Bat,8,12223.45,0.4,97396.45,10563.05,68.51,Net Banking,4,FALSE,Delivered,7
ORD-02434,20-11-2022,CUST85190,Nikhil Patel,45,Other,West,Surat,Electronics,Tablet,4,73017.83,0.22,291428.76,23288.67,32.14,Credit Card,3,FALSE,Delivered,8
ORD-00158,03-07-2020,CUST56042,Deepa Rao,35,Female,East,Bhubaneswar,Furniture,Desk,8,25624.31,0.12,204748.49,45753.79,65.63,Credit Card,1,FALSE,Delivered,3
ORD-00857,25-01-2021,CUST59535,Vikram Gupta,49,Male,Central,Nagpur,Beauty,Hair Oil,4,521.44,0.14,2082.84,492.45,50.42,UPI,1,FALSE,Pending,10
ORD-03406,15-01-2024,CUST62905,Vikram Iyer,41,Other,Central,Raipur,Clothing,Saree,6,3871.22,0.33,23150.67,5072.13,43.12,Debit Card,4,FALSE,Delivered,3
ORD-02843,24-05-2023,CUST04791,Rahul Verma,24,Other,West,Mumbai,Books,Self-Help Book,8,579.77,0.36,4621.46,2230.94,42.6,Debit Card,3,FALSE,Delivered,7
ORD-01014,04-04-2021,CUST62653,Nikhil Mishra,26,Male,North,Amritsar,Groceries,Cooking Oil,1,116.68,0.06,116.61,9.75,47.55,Credit Card,1,FALSE,Delivered,8
ORD-02991,19-07-2023,CUST01027,Nikhil Reddy,34,Other,North,Delhi,Groceries,Rice (5Kg),4,161.52,0.17,644.98,66.15,45.84,Net Banking,4,FALSE,Cancelled,8
ORD-01087,05-06-2021,CUST29357,Meera Nair,33,Other,West,Pune,Books,Textbook,7,1042.98,0.3,7278.96,2589.16,61.15,Debit Card,2,TRUE,Returned,4
ORD-00943,03-02-2021,CUST48937,Nisha Iyer,14,Female,Central,Indore,Clothing,Jeans,3,3314.25,0.1,9932.81,3783,52.17,UPI,3,FALSE,Shipped,8
ORD-03731,15-06-2024,CUST46976,Nikhil Sharma,11,Male,East,Patna,Electronics,Tablet,3,48747.69,0.29,145818.97,22319.7,42.24,Net Banking,5,FALSE,Delivered,6
ORD-02485,14-12-2022,CUST69585,Sunita Joshi,12,Male,West,Ahmedabad,Books,Cook Book,9,1471.74,0.05,13239.04,5411.76,50.89,Cash on Delivery,4,FALSE,Delivered,7
ORD-02773,16-04-2023,CUST69945,Rahul Das,36,Male,West,Surat,Electronics,Laptop,8,27632.84,0.08,220885.87,33436.12,20.29,Net Banking,3,FALSE,Delivered,7
ORD-01093,05-08-2021,CUST80149,Pooja Mishra,37,Other,West,Mumbai,Sports,Cycle,7,11542.97,0.16,80671.51,24424.83,53.27,EMI,1,TRUE,Returned,7
ORD-00101,08-02-2020,CUST45487,Sunita Joshi,34,Other,West,Pune,Books,Cook Book,8,1325.02,0.09,10590.62,3265.49,41.67,Debit Card,2,FALSE,Cancelled,5
ORD-03804,07-12-2024,CUST42902,Rahul Kumar,50,Other,South,Hyderabad,Groceries,Sugar,6,84.21,0.13,504.6,8.9,47.91,Cash on Delivery,4,FALSE,Delivered,2
ORD-02873,06-01-2023,CUST07917,Nikhil Nair,34,Male,East,Guwahati,Sports,Football,6,5611.57,0.2,33602.08,6107.6,97.42,Credit Card,5,FALSE,Delivered,2
ORD-03342,16-12-2023,CUST26677,Rahul Chatterjee,45,Female,Central,Raipur,Groceries,Tea,9,312.53,0.35,2802.93,155.73,48.28,Cash on Delivery,4,FALSE,Shipped,5
ORD-04177,21-12-2024,CUST44560,Amit Verma,49,Female,South,Bangalore,Sports,Dumbbells,2,13057.02,0.35,26022.64,3578.76,69.31,Credit Card,5,FALSE,Delivered,10
ORD-02805,05-01-2023,CUST85937,Deepa Verma,31,Male,South,Hyderabad,Clothing,Saree,7,3482.32,0.35,24290.92,8716.81,68.92,UPI,4,FALSE,Delivered,7
ORD-00918,17-02-2021,CUST67405,Meera Pillai,48,Male,Central,Indore,Sports,Cycle,3,11359.59,0.01,34075.36,7374.96,41.65,Debit Card,1,FALSE,Delivered,8
ORD-00759,12-10-2020,CUST23197,Amit Patel,28,Other,Central,Nagpur,Sports,Tennis Racket,5,5242.77,0.31,26132.59,2992.91,74.58,EMI,1,TRUE,Returned,5
ORD-00086,02-03-2020,CUST63884,Amit Das,29,Female,West,Ahmedabad,Furniture,Chair,10,9468.07,0.32,94377.72,15202.22,40.98,EMI,3,FALSE,Delivered,2
ORD-00793,28-12-2020,CUST49838,Sunita Gupta,37,Other,South,Bangalore,Groceries,Flour,8,491.76,0.08,3930.93,223.65,61.84,UPI,2,FALSE,Delivered,4
ORD-01894,16-04-2022,CUST28783,Rohan Shah,42,Male,East,Bhubaneswar,Beauty,Perfume,7,2235.02,0.37,15587.25,7295.66,68.83,UPI,1,TRUE,Returned,8
ORD-04109,20-11-2024,CUST36614,Shreya Pillai,27,Other,East,Guwahati,Books,Comic Book,9,1324.57,0.38,11875.83,2086.59,82.14,UPI,4,FALSE,Delivered,4
ORD-02963,07-07-2023,CUST21979,Sanjay Singh,54,Male,North,Chandigarh,Sports,Cricket Bat,1,9949.47,0.06,9943.5,3908.34,42.57,UPI,3,FALSE,Delivered,5
ORD-02212,23-08-2022,CUST44717,Meera Chatterjee,34,Male,East,Kolkata,Electronics,Headphones,6,45624.04,0.24,273087.25,23542.83,97.97,UPI,4,FALSE,Delivered,7
ORD-02836,19-05-2023,CUST76017,Arjun Chatterjee,37,Female,Central,Bhopal,Furniture,Bookshelf,10,7630.7,0.21,76146.76,21558.18,46.42,Cash on Delivery,5,FALSE,Cancelled,8
ORD-00409,27-06-2020,CUST97162,Sanjay Mehta,46,Female,East,Bhubaneswar,Sports,Cricket Bat,1,4889.3,0.16,4881.48,1406.77,63.96,Net Banking,1,FALSE,Delivered,6
ORD-00528,21-08-2020,CUST94563,Amit Das,56,Male,East,Bhubaneswar,Clothing,Dress,5,2614.79,0.12,13058.26,2796.07,55.45,Credit Card,4,TRUE,Returned,9
ORD-00268,27-04-2020,CUST64785,Sunita Reddy,32,Female,West,Mumbai,Books,Cook Book,7,257.18,0.29,1795.04,604.81,60.36,Credit Card,1,FALSE,Cancelled,5
ORD-02778,17-04-2023,CUST21931,Kavya Mehta,34,Female,West,Surat,Books,Textbook,8,337.73,0.38,2691.57,1142.99,48.99,Cash on Delivery,5,TRUE,Returned,6
ORD-00948,03-05-2021,CUST85939,Nikhil Patel,47,Female,North,Amritsar,Furniture,Chair,6,29194.28,0.36,174535.08,54404.2,64.14,Credit Card,3,FALSE,Delivered,9
ORD-03678,16-05-2024,CUST45890,Ritu Patel,16,Male,West,Mumbai,Electronics,Camera,4,20489.54,0.01,81949.96,22669.85,73.53,Cash on Delivery,1,FALSE,Pending,4
ORD-01310,08-11-2021,CUST84751,Vikram Kumar,14,Male,South,Kochi,Sports,Yoga Mat,2,11904.59,0.18,23766.32,6649.59,66.45,EMI,5,FALSE,Delivered,2
ORD-00672,31-10-2020,CUST71562,Rahul Bhat,35,Female,West,Ahmedabad,Electronics,Camera,5,49817.06,0.28,248387.86,16722.18,42.95,UPI,3,FALSE,Pending,3
ORD-04060,26-10-2024,CUST99521,Kavya Pillai,42,Other,West,Ahmedabad,Furniture,Sofa,4,10887.68,0.14,43489.75,14349.22,57.18,EMI,3,FALSE,Delivered,6
ORD-01996,06-01-2022,CUST48253,Meera Kumar,36,Male,North,Chandigarh,Clothing,Saree,5,451.03,0.19,2250.87,1165.89,23.32,Net Banking,5,FALSE,Delivered,10
ORD-01584,12-09-2021,CUST51398,Karan Bose,36,Female,North,Delhi,Books,Self-Help Book,3,586.88,0.33,1754.83,373.51,36.45,EMI,4,FALSE,Delivered,1
ORD-01026,04-09-2021,CUST78889,Nikhil Joshi,24,Other,South,Chennai,Sports,Football,10,6806.6,0.36,67820.96,7458.02,66.29,Credit Card,5,FALSE,Delivered,7
ORD-03309,12-01-2023,CUST44030,Aditya Iyer,34,Male,West,Mumbai,Clothing,Jeans,3,3608.42,0.29,10793.87,1997.74,54.98,Cash on Delivery,5,FALSE,Delivered,9
ORD-01973,22-05-2022,CUST45923,Ananya Rao,22,Male,West,Ahmedabad,Electronics,Headphones,2,72469.02,0.38,144387.28,12280.09,49.21,Net Banking,4,FALSE,Cancelled,1
ORD-03390,01-06-2024,CUST51656,Kavya Singh,20,Other,West,Pune,Electronics,Laptop,3,42514.99,0.06,127468.44,13533.76,59.07,EMI,5,FALSE,Cancelled,5
ORD-00540,26-08-2020,CUST59198,Priya Das,29,Other,East,Patna,Beauty,Face Cream,6,1644.33,0.31,9835.4,470.96,68.12,Cash on Delivery,5,TRUE,Returned,2
ORD-01905,21-04-2022,CUST28422,Ananya Nair,35,Female,West,Pune,Books,Cook Book,5,540.77,0.28,2696.28,1625.95,54.23,EMI,5,FALSE,Delivered,7
ORD-00422,07-06-2020,CUST44523,Priya Sharma,35,Other,South,Bangalore,Clothing,Jacket,2,539.35,0.23,1076.22,289.25,64.96,Cash on Delivery,5,FALSE,Delivered,8
ORD-03365,29-12-2023,CUST03410,Sunita Das,34,Female,East,Patna,Electronics,Smartphone,9,30674.09,0.39,274990.15,15597.31,76.43,Cash on Delivery,3,FALSE,Delivered,2
ORD-02069,07-02-2022,CUST03769,Sunita Mishra,32,Female,South,Kochi,Clothing,Saree,8,3278.48,0.2,26175.38,15719.62,80.96,Credit Card,3,FALSE,Delivered,1
ORD-02723,27-03-2023,CUST08867,Nisha Kapoor,12,Other,Central,Raipur,Electronics,Tablet,2,69342.57,0.08,138574.19,18946.95,47.74,Net Banking,2,FALSE,Delivered,6
ORD-00073,28-01-2020,CUST44662,Ananya Nair,34,Male,North,Delhi,Sports,Dumbbells,4,12945.28,0.13,51713.8,7042.29,65.38,Credit Card,5,FALSE,Delivered,4
ORD-02497,19-12-2022,CUST57740,Sunita Verma,19,Male,East,Kolkata,Furniture,Bookshelf,5,29767.34,0.16,148598.56,24089.4,72.23,Cash on Delivery,3,FALSE,Cancelled,6
ORD-03163,10-01-2023,CUST87976,Amit Singh,29,Male,North,Chandigarh,Sports,Cricket Bat,3,14810.59,0.08,44396.22,10260.62,65.69,Cash on Delivery,3,FALSE,Delivered,5
ORD-03997,22-09-2024,CUST57164,Karan Reddy,36,Male,East,Bhubaneswar,Beauty,Sunscreen,4,2333.1,0.22,9311.87,4828.37,72.08,UPI,3,TRUE,Returned,10
ORD-02268,14-09-2022,CUST89600,Aarav Joshi,51,Male,South,Chennai,Sports,Football,2,13833.36,0.06,27650.12,8534.61,40.57,Net Banking,3,FALSE,Delivered,8
ORD-01535,19-11-2021,CUST92130,Sunita Shah,34,Other,Central,Nagpur,Furniture,Chair,5,9804.75,0.09,48979.63,8077.49,70.12,UPI,1,FALSE,Delivered,5
ORD-02522,31-12-2022,CUST79852,Nisha Kapoor,26,Male,West,Pune,Books,Textbook,3,1379.58,0.06,4136.26,976.28,64.67,Net Banking,4,FALSE,Shipped,4
ORD-02356,16-10-2022,CUST40158,Kavya Pillai,36,Male,South,Chennai,Furniture,Chair,8,33543.43,0.22,267757.08,59861.82,56.8,EMI,2,FALSE,Delivered,8
ORD-03607,19-04-2024,CUST69333,Pooja Iyer,31,Female,South,Bangalore,Beauty,Perfume,6,1423.12,0.11,8529.33,4315.91,75.2,Cash on Delivery,4,TRUE,Returned,4
ORD-01868,04-04-2022,CUST05359,Aditya Mehta,26,Female,East,Kolkata,Electronics,Camera,8,64439.74,0.23,514332.23,80671.01,103.41,Debit Card,1,FALSE,Delivered,3
ORD-00888,02-04-2021,CUST27547,Shreya Gupta,49,Male,South,Chennai,Electronics,Smartwatch,10,72812.39,0.29,726012.34,94437.03,76.77,Net Banking,2,TRUE,Returned,10
ORD-01208,29-06-2021,CUST72453,Arjun Joshi,31,Male,South,Hyderabad,Furniture,Chair,6,3208.32,0.25,19201.8,5146.1,81.25,UPI,4,FALSE,Pending,0
ORD-02771,14-04-2023,CUST00213,Ritu Reddy,47,Male,East,Kolkata,Beauty,Sunscreen,8,415.72,0.01,3325.43,1796.21,54.55,EMI,3,FALSE,Delivered,5
ORD-00591,21-09-2020,CUST49777,Pooja Shah,33,Female,South,Hyderabad,Groceries,Tea,1,389.24,0.23,388.34,22.71,66.8,Net Banking,5,FALSE,Delivered,10
ORD-03777,07-01-2024,CUST77207,Sanjay Joshi,25,Female,North,Ludhiana,Books,Self-Help Book,5,1486.09,0.11,7422.28,719.18,43.92,Cash on Delivery,1,FALSE,Delivered,1
ORD-03456,02-08-2024,CUST58295,Sunita Iyer,38,Male,East,Kolkata,Electronics,Smartwatch,4,15346.11,0.06,61347.61,9998.89,93.55,Cash on Delivery,2,FALSE,Delivered,6
ORD-03788,07-04-2024,CUST59409,Sanjay Rao,49,Male,Central,Raipur,Books,Biography,8,1499.77,0.37,11953.77,4863.95,68.32,UPI,5,FALSE,Delivered,6
ORD-01031,04-11-2021,CUST25835,Pooja Shah,26,Male,South,Bangalore,Books,Fiction Novel,9,816.35,0.12,7338.33,3255,81.14,UPI,5,TRUE,Returned,3
ORD-03205,18-10-2023,CUST12676,Meera Iyer,40,Male,East,Bhubaneswar,Sports,Dumbbells,7,12597.24,0.11,88083.68,20197.94,79.69,Net Banking,4,FALSE,Delivered,8
ORD-03330,11-12-2023,CUST18271,Pooja Chatterjee,34,Male,West,Pune,Clothing,Jeans,3,1850.1,0.03,5548.63,1286.23,78.13,EMI,2,FALSE,Delivered,10
ORD-03149,27-09-2023,CUST52921,Vikram Nair,18,Female,East,Patna,Clothing,Dress,10,2309.23,0.02,23087.68,8270.8,94.75,Cash on Delivery,3,FALSE,Delivered,5
ORD-00490,08-04-2020,CUST00642,Kavya Das,40,Male,South,Chennai,Furniture,Wardrobe,5,12250.19,0.32,61054.95,11573.16,71.75,EMI,3,FALSE,Delivered,6
ORD-00653,20-10-2020,CUST35559,Ritu Nair,22,Female,Central,Nagpur,Books,Textbook,3,835.42,0.33,2497.99,458.44,55.32,Cash on Delivery,5,FALSE,Delivered,1
ORD-01457,22-10-2021,CUST96946,Sunita Sharma,53,Other,South,Chennai,Electronics,Headphones,9,62284.37,0.36,558541.32,40519.72,81.15,Credit Card,3,FALSE,Delivered,8
ORD-03779,07-02-2024,CUST68889,Vikram Chatterjee,56,Other,North,Ludhiana,Books,Fiction Novel,2,493.07,0.4,982.2,466.16,79.96,Net Banking,5,FALSE,Delivered,5
ORD-01596,14-12-2021,CUST72370,Priya Verma,34,Other,North,Delhi,Sports,Dumbbells,2,4486.05,0.18,8955.95,1061.82,70.4,UPI,4,FALSE,Delivered,6
ORD-00928,23-02-2021,CUST88225,Pooja Mishra,37,Female,South,Hyderabad,Clothing,Dress,2,2323.11,0.1,4641.57,1138.78,85.32,Net Banking,2,FALSE,Delivered,7
ORD-00710,19-11-2020,CUST57843,Meera Nair,51,Female,East,Bhubaneswar,Books,Fiction Novel,10,331.1,0.39,3298.09,435.14,84.94,Cash on Delivery,5,FALSE,Delivered,7
ORD-03999,23-09-2024,CUST81465,Rohan Pillai,38,Male,Central,Indore,Groceries,Flour,5,195.29,0.16,974.89,81.38,32.28,Credit Card,3,FALSE,Cancelled,5
ORD-01536,20-11-2021,CUST55972,Rohan Kumar,47,Male,West,Surat,Clothing,Kurta,10,1224.47,0.4,12195.72,2019.44,52.99,Debit Card,1,FALSE,Delivered,6
ORD-03376,31-12-2023,CUST86469,Aarav Mehta,43,Other,South,Hyderabad,Beauty,Lipstick,7,1828.2,0.21,12770.53,3919.89,72.63,Credit Card,4,FALSE,Delivered,1
ORD-00542,29-08-2020,CUST19508,Arjun Rao,28,Male,West,Pune,Electronics,Smartwatch,6,9189.44,0.19,55031.88,916.95,59.91,Debit Card,4,FALSE,Delivered,5
ORD-00273,05-01-2020,CUST92554,Nisha Joshi,34,Other,West,Pune,Electronics,Laptop,8,74156.48,0.02,593133.19,58250.48,75.8,Credit Card,5,FALSE,Delivered,2
ORD-03823,21-07-2024,CUST65889,Priya Verma,52,Female,Central,Indore,Groceries,Sugar,6,462.8,0.2,2771.25,265.28,81.01,Cash on Delivery,4,FALSE,Delivered,7
ORD-02004,06-03-2022,CUST71669,Nikhil Singh,17,Other,West,Mumbai,Books,Self-Help Book,4,664.43,0.18,2652.94,858.56,89.26,Net Banking,3,FALSE,Delivered,8
ORD-04015,10-01-2024,CUST50530,Nikhil Patel,36,Male,North,Amritsar,Furniture,Bed Frame,5,16493.24,0.1,82383.73,29222.3,63.55,Cash on Delivery,5,FALSE,Delivered,6
ORD-01540,20-11-2021,CUST28110,Kavya Rao,28,Male,North,Delhi,Clothing,Jeans,9,577.16,0.35,5176.26,896.42,45.41,UPI,3,TRUE,Returned,2
ORD-03094,30-08-2023,CUST98803,Vikram Joshi,42,Male,South,Kochi,Furniture,Bed Frame,6,21712.77,0.14,130094.23,48496.37,62.68,EMI,2,FALSE,Cancelled,9
ORD-03859,08-03-2024,CUST22956,Deepa Chatterjee,32,Other,West,Surat,Beauty,Hair Oil,5,2341.12,0.07,11697.41,7388.44,70.78,Credit Card,3,TRUE,Returned,3
ORD-01861,04-01-2022,CUST08538,Shreya Kapoor,33,Male,West,Surat,Beauty,Lipstick,3,992.1,0.25,2968.86,1765.61,59.26,Credit Card,3,FALSE,Cancelled,4
ORD-02147,31-07-2022,CUST10089,Vikram Bhat,47,Other,East,Patna,Clothing,Saree,2,3551.33,0.03,7100.53,3804.23,97.74,Net Banking,3,FALSE,Delivered,8
ORD-03452,05-02-2024,CUST47815,Aditya Shah,34,Female,North,Delhi,Sports,Tennis Racket,2,9159.84,0.21,18281.21,4525.93,58.04,EMI,4,FALSE,Delivered,4
ORD-01640,31-12-2021,CUST78194,Shreya Mishra,58,Male,West,Mumbai,Sports,Yoga Mat,3,726.67,0.34,2172.6,281.95,34.18,Cash on Delivery,1,FALSE,Shipped,9
ORD-02680,03-06-2023,CUST75386,Rohan Mishra,14,Male,East,Guwahati,Electronics,Headphones,3,65257.11,0.2,195379.79,27495.56,51.41,UPI,1,TRUE,Returned,4
ORD-03902,14-08-2024,CUST28307,Nisha Bhat,48,Other,Central,Indore,Books,Self-Help Book,6,797.16,0.34,4766.7,1174.59,15.7,Cash on Delivery,4,FALSE,Shipped,2
ORD-03310,12-02-2023,CUST44114,Aditya Mehta,36,Female,North,Ludhiana,Sports,Cricket Bat,5,11000.34,0.04,54979.7,1339.4,62.5,Net Banking,1,FALSE,Cancelled,2
ORD-00280,05-03-2020,CUST00544,Sanjay Joshi,26,Male,North,Ludhiana,Books,Textbook,10,1346.41,0.24,13431.79,5924.88,55.15,UPI,1,FALSE,Pending,2
ORD-03732,15-06-2024,CUST93241,Nikhil Patel,31,Female,North,Chandigarh,Clothing,Jeans,10,1828.09,0.4,18207.78,4543.72,54.66,UPI,5,FALSE,Delivered,10
ORD-01188,18-06-2021,CUST64503,Vikram Gupta,27,Other,Central,Raipur,Furniture,Wardrobe,5,27399.66,0.38,136477.71,31097.38,50.34,Net Banking,4,FALSE,Delivered,4
ORD-02746,04-03-2023,CUST71887,Nisha Kapoor,30,Other,East,Bhubaneswar,Books,Textbook,10,1221.02,0.17,12189.44,5083.3,86.46,EMI,5,FALSE,Pending,4
ORD-02871,31-05-2023,CUST88518,Aditya Bose,58,Female,South,Hyderabad,Electronics,Headphones,5,26851.1,0.03,134215.22,24902.1,72.55,UPI,2,FALSE,Delivered,2
ORD-03298,26-11-2023,CUST82100,Pooja Kapoor,34,Female,West,Surat,Sports,Football,3,11118.32,0.3,33254.9,4866.53,53.21,Net Banking,4,TRUE,Returned,9
ORD-00693,11-09-2020,CUST90563,Rahul Kumar,31,Male,North,Delhi,Beauty,Hair Oil,10,1973.78,0.07,19723.98,5325.39,34.79,Credit Card,4,FALSE,Delivered,8
ORD-02945,30-06-2023,CUST19434,Aarav Das,28,Other,East,Guwahati,Furniture,Bed Frame,9,12800.64,0.3,114860.14,28867.05,77.17,Cash on Delivery,5,FALSE,Delivered,7
ORD-00291,08-05-2020,CUST36091,Meera Mehta,43,Other,North,Delhi,Electronics,Laptop,5,16919.29,0.06,84545.69,14930.93,59.99,UPI,5,TRUE,Returned,10
ORD-02931,23-06-2023,CUST81737,Ananya Joshi,36,Other,West,Surat,Beauty,Shampoo,8,1976.85,0.3,15767.36,8544.51,81.44,Debit Card,4,FALSE,Delivered,6
ORD-00530,22-08-2020,CUST91144,Sanjay Iyer,29,Male,East,Patna,Beauty,Lipstick,1,357.7,0.24,356.84,137.45,95.23,Credit Card,3,FALSE,Delivered,1
ORD-01920,29-04-2022,CUST28329,Vikram Sharma,28,Male,West,Mumbai,Groceries,Sugar,10,321.34,0.16,3208.26,408.89,47.89,Credit Card,1,FALSE,Delivered,9
ORD-04004,25-09-2024,CUST45019,Nikhil Mishra,27,Other,North,Amritsar,Clothing,Dress,1,2472.06,0.23,2466.37,756.36,57.21,Net Banking,5,FALSE,Delivered,10
ORD-02861,29-05-2023,CUST53780,Meera Joshi,28,Female,North,Chandigarh,Furniture,Bed Frame,4,25915.33,0.11,103547.29,29427.55,58.32,Debit Card,5,FALSE,Delivered,10
ORD-00403,22-06-2020,CUST52549,Pooja Rao,32,Other,North,Delhi,Clothing,T-Shirt,7,2701.8,0.09,18895.58,8609.23,56.32,Cash on Delivery,5,TRUE,Returned,2
ORD-03741,19-06-2024,CUST11870,Arjun Iyer,28,Other,East,Kolkata,Clothing,Jacket,4,2577.39,0.11,10298.22,5412.09,58.52,UPI,2,FALSE,Delivered,1
ORD-03172,10-04-2023,CUST73615,Sanjay Gupta,45,Male,West,Surat,Groceries,Dal (1Kg),4,309.85,0.04,1238.9,128.93,73.63,UPI,4,TRUE,Returned,5
ORD-00749,12-06-2020,CUST43010,Priya Gupta,33,Other,Central,Nagpur,Clothing,Dress,8,2574.11,0.12,20568.17,5629.65,67.94,Credit Card,5,TRUE,Returned,10
ORD-00053,21-01-2020,CUST07190,Deepa Kapoor,33,Other,East,Guwahati,Beauty,Lipstick,9,1931.61,0.35,17323.64,5257.88,98.73,Net Banking,5,FALSE,Delivered,3
ORD-01418,10-01-2021,CUST26109,Aditya Gupta,52,Male,Central,Raipur,Sports,Cycle,3,13585.06,0.33,40620.69,5488.23,62.01,EMI,5,FALSE,Cancelled,2
ORD-03527,03-11-2024,CUST89020,Meera Patel,11,Male,East,Guwahati,Clothing,T-Shirt,2,1543.23,0.26,3078.44,1291.1,71.02,UPI,5,FALSE,Delivered,6
ORD-02382,28-10-2022,CUST54015,Shreya Rao,48,Female,West,Pune,Sports,Dumbbells,1,14172.12,0.14,14152.28,2055.13,79.52,EMI,5,FALSE,Delivered,6
ORD-00601,25-09-2020,CUST39660,Priya Pillai,53,Male,South,Kochi,Books,Textbook,7,298.01,0.2,2081.9,683.51,71.67,EMI,2,TRUE,Returned,2
ORD-00339,27-05-2020,CUST65020,Pooja Bhat,28,Other,West,Pune,Furniture,Wardrobe,10,2690.93,0.35,26815.12,7410.64,43.86,UPI,4,TRUE,Returned,4
ORD-02825,05-12-2023,CUST40911,Ritu Gupta,51,Other,Central,Raipur,Groceries,Rice (5Kg),1,380.33,0.2,379.57,44.82,61.88,UPI,3,FALSE,Delivered,6
ORD-01292,08-06-2021,CUST14859,Vikram Mehta,21,Female,West,Surat,Beauty,Lipstick,3,1302.9,0.23,3899.71,1724.59,82.26,UPI,2,FALSE,Cancelled,5
ORD-03394,01-09-2024,CUST94721,Nisha Reddy,26,Male,North,Ludhiana,Electronics,Smartwatch,4,13215.16,0.15,52781.35,3874.92,36.17,Net Banking,2,FALSE,Delivered,3
ORD-03486,24-02-2024,CUST56798,Meera Pillai,28,Female,East,Guwahati,Clothing,Saree,5,3018.53,0.26,15053.41,5208.94,73.33,Credit Card,1,FALSE,Shipped,4
ORD-03191,13-10-2023,CUST15190,Aditya Shah,37,Male,South,Hyderabad,Beauty,Shampoo,4,817.47,0.24,3262.03,1431.62,61.6,Debit Card,5,FALSE,Cancelled,2
ORD-00183,22-03-2020,CUST16395,Sunita Pillai,19,Other,Central,Raipur,Beauty,Sunscreen,9,646.01,0.38,5792,1281.84,51.72,Credit Card,2,FALSE,Pending,3
ORD-02779,18-04-2023,CUST66673,Pooja Mehta,32,Female,East,Bhubaneswar,Beauty,Face Cream,1,588.9,0.03,588.72,359.5,76.29,Net Banking,5,FALSE,Delivered,5
ORD-01224,07-06-2021,CUST34079,Nisha Das,40,Male,Central,Bhopal,Clothing,T-Shirt,6,3032.93,0.08,18183.02,10654.04,27.7,EMI,1,FALSE,Delivered,4
ORD-03282,18-11-2023,CUST30266,Deepa Bose,34,Female,West,Surat,Sports,Yoga Mat,3,14108.02,0.12,42273.27,6203.2,56.58,EMI,2,FALSE,Delivered,10
ORD-03259,11-08-2023,CUST28855,Kavya Kumar,26,Female,South,Chennai,Groceries,Cooking Oil,9,165.39,0.22,1485.24,98.81,71.09,Cash on Delivery,3,FALSE,Delivered,6
ORD-00458,20-07-2020,CUST53954,Amit Kapoor,40,Other,Central,Nagpur,Books,Cook Book,4,313.79,0.37,1250.52,369.77,43.26,Net Banking,2,FALSE,Delivered,5
ORD-02316,10-04-2022,CUST62789,Ananya Gupta,40,Other,South,Kochi,Groceries,Dal (1Kg),4,314.73,0.15,1257.03,61.22,79,Cash on Delivery,3,FALSE,Delivered,8
ORD-02007,06-04-2022,CUST96054,Ritu Nair,40,Other,East,Bhubaneswar,Electronics,Smartphone,7,21000.78,0.3,146564.44,24923.4,115.73,UPI,5,FALSE,Delivered,6
ORD-02400,11-04-2022,CUST21465,Pooja Kumar,33,Female,West,Ahmedabad,Clothing,Saree,7,525.25,0.03,3675.65,1218.39,48.82,UPI,4,FALSE,Delivered,8
ORD-02972,07-10-2023,CUST95419,Deepa Joshi,37,Male,West,Pune,Beauty,Face Cream,9,108.24,0.18,972.41,569.48,55.36,UPI,4,FALSE,Delivered,5
ORD-03622,24-04-2024,CUST32129,Sunita Iyer,39,Other,South,Hyderabad,Electronics,Smartwatch,7,45364.52,0.08,317297.6,56612.46,59.16,EMI,1,TRUE,Returned,8
ORD-00200,30-03-2020,CUST79644,Aarav Verma,23,Female,West,Mumbai,Sports,Cycle,5,9009.65,0.08,45012.21,10004.34,58.16,EMI,3,FALSE,Delivered,4
ORD-04057,25-10-2024,CUST95307,Nisha Mehta,28,Female,Central,Raipur,Electronics,Headphones,3,9261.39,0.24,27717.49,3570.94,42.63,EMI,3,FALSE,Cancelled,4
ORD-02618,02-10-2023,CUST54344,Nisha Reddy,41,Female,North,Delhi,Clothing,Saree,5,2531.54,0.2,12632.38,5111.11,49.22,Net Banking,3,FALSE,Shipped,4
ORD-02742,04-01-2023,CUST34359,Shreya Kumar,27,Male,West,Pune,Furniture,Bookshelf,7,23696.15,0.33,165325.67,50425.99,51.3,Cash on Delivery,3,FALSE,Pending,1
ORD-01568,12-02-2021,CUST42665,Shreya Chatterjee,24,Male,South,Kochi,Groceries,Rice (5Kg),1,359.04,0.01,359,18.11,72.66,Cash on Delivery,3,FALSE,Delivered,10
ORD-02757,04-08-2023,CUST97559,Sunita Kumar,49,Male,West,Ahmedabad,Sports,Dumbbells,4,2360.4,0.36,9407.61,1640.8,46.73,Credit Card,2,FALSE,Delivered,2
ORD-00881,02-02-2021,CUST31073,Kavya Shah,48,Male,East,Bhubaneswar,Groceries,Flour,7,474.48,0.26,3312.72,189.8,40.18,Debit Card,1,TRUE,Returned,2
ORD-01700,28-01-2022,CUST75005,Meera Bhat,16,Female,South,Bangalore,Sports,Tennis Racket,3,14928.96,0.4,44607.73,4574.82,60.83,UPI,1,FALSE,Delivered,8
ORD-00751,12-07-2020,CUST41385,Rohan Patel,32,Male,North,Amritsar,Books,Cook Book,6,403.63,0.15,2418.15,80603.27,48.7,EMI,5,FALSE,Delivered,1
ORD-01788,03-04-2022,CUST10753,Kavya Kumar,51,Male,Central,Indore,Beauty,Face Cream,6,153.84,0.09,922.21,616.53,54.61,Debit Card,3,FALSE,Delivered,9
ORD-00262,25-04-2020,CUST33827,Rahul Bose,24,Male,West,Surat,Furniture,Wardrobe,2,3582.55,0.08,7159.37,2610.08,54.88,Debit Card,3,FALSE,Delivered,7
ORD-04086,11-07-2024,CUST69304,Kavya Shah,57,Other,West,Ahmedabad,Electronics,Tablet,9,70570.87,0.27,633422.96,54481.93,66.68,Debit Card,2,FALSE,Delivered,3
ORD-03415,19-01-2024,CUST23737,Karan Kumar,42,Male,West,Surat,Electronics,Laptop,2,46140.78,0.22,92078.54,11876.13,85.6,Debit Card,1,FALSE,Delivered,6
ORD-01693,24-01-2022,CUST37446,Shreya Das,66,Other,North,Delhi,Beauty,Lipstick,9,265.25,0.18,2382.95,685.06,28.69,Credit Card,2,FALSE,Delivered,5
ORD-02495,18-12-2022,CUST29148,Amit Kumar,22,Female,South,Bangalore,Groceries,Sugar,7,56.3,0.16,393.47,17.73,83.47,Net Banking,4,TRUE,Returned,6
ORD-02508,24-12-2022,CUST55151,Ananya Reddy,27,Male,East,Kolkata,Furniture,Wardrobe,1,21949.11,0.11,21924.97,5291.08,87.46,EMI,1,FALSE,Delivered,2
ORD-02734,30-03-2023,CUST69340,Sanjay Kapoor,31,Male,South,Chennai,Books,Fiction Novel,10,432.2,0.22,4312.49,1857.23,69.1,Net Banking,3,FALSE,Delivered,5
ORD-01872,04-06-2022,CUST60962,Shreya Rao,30,Male,North,Amritsar,Sports,Cricket Bat,10,8393.4,0.27,83707.38,13093.99,54.18,Net Banking,2,FALSE,Delivered,8
ORD-01233,07-10-2021,CUST64805,Priya Mishra,33,Female,South,Hyderabad,Clothing,Jacket,6,2619.38,0.24,15678.56,5048.54,23.2,EMI,2,FALSE,Delivered,4
ORD-00752,12-07-2020,CUST76726,Meera Rao,26,Male,West,Surat,Sports,Tennis Racket,8,4670.6,0.27,37263.92,2879.15,51.67,Credit Card,4,FALSE,Delivered,4
ORD-00038,14-01-2020,CUST79223,Sunita Reddy,20,Male,East,Kolkata,Books,Fiction Novel,1,1172.06,0.18,1169.95,243.99,62.05,Cash on Delivery,4,FALSE,Delivered,1
ORD-00994,29-03-2021,CUST13598,Sanjay Chatterjee,31,Male,South,Chennai,Electronics,Smartwatch,4,70635.62,0.32,281638.34,19874.73,73.83,UPI,2,FALSE,Pending,1
ORD-00436,10-07-2020,CUST18887,Pooja Kapoor,43,Female,West,Pune,Books,Biography,2,449.62,0.4,895.64,247.72,68.85,Debit Card,1,FALSE,Delivered,6
ORD-00923,22-02-2021,CUST41859,Deepa Kumar,38,Other,Central,Nagpur,Beauty,Shampoo,7,322.75,0.15,2255.86,760.63,28.86,Cash on Delivery,1,TRUE,Returned,5
ORD-03838,26-07-2024,CUST12042,Vikram Reddy,39,Male,North,Amritsar,Groceries,Cooking Oil,2,92.87,0.33,185.13,19.37,36.78,EMI,3,FALSE,Cancelled,5
ORD-04035,16-10-2024,CUST10272,Sunita Das,20,Male,South,Kochi,Electronics,Smartwatch,1,78299.49,0.18,78158.55,10883.34,80.12,Credit Card,3,FALSE,Delivered,9
ORD-04090,11-09-2024,CUST31562,Rohan Shah,33,Male,East,Patna,Clothing,Jeans,4,1153.04,0.23,4601.55,1237.09,67.93,Credit Card,2,FALSE,Delivered,1
ORD-02193,15-08-2022,CUST54369,Priya Rao,65,Other,East,Kolkata,Books,Fiction Novel,6,966.11,0.29,5779.85,1896.58,107.74,Net Banking,1,FALSE,Cancelled,5
ORD-03275,16-11-2023,CUST06690,Sunita Iyer,28,Other,West,Ahmedabad,Clothing,Saree,8,1471.86,0.27,11743.09,3013.79,87.43,Credit Card,3,FALSE,Delivered,7
ORD-01237,12-07-2021,CUST86703,Sanjay Verma,20,Female,North,Amritsar,Electronics,Smartphone,3,33090.17,0.22,99052.11,11080.86,57.35,EMI,5,TRUE,Returned,6
ORD-03401,13-01-2024,CUST97545,Ritu Bose,25,Other,Central,Raipur,Books,Cook Book,2,365.34,0.09,730.02,276.46,52.27,UPI,2,FALSE,Delivered,4
ORD-04160,12-11-2024,CUST91116,Rohan Patel,36,Male,South,Hyderabad,Books,Biography,7,609.79,0.25,4257.86,1079.08,68.86,UPI,3,FALSE,Delivered,7
ORD-01192,20-06-2021,CUST39249,Pooja Kapoor,34,Other,South,Kochi,Groceries,Cooking Oil,7,363.21,0.38,2532.81,175.94,73.22,UPI,4,FALSE,Shipped,1
ORD-01195,23-06-2021,CUST26595,Ananya Gupta,40,Other,Central,Nagpur,Sports,Tennis Racket,1,8678.32,0.17,8663.57,2953.14,33.35,UPI,5,FALSE,Delivered,4
ORD-01212,07-01-2021,CUST22983,Deepa Kapoor,40,Other,South,Bangalore,Clothing,Saree,2,738.48,0.09,1475.63,565.89,67.67,Net Banking,3,FALSE,Delivered,7
ORD-00170,15-03-2020,CUST53622,Aditya Chatterjee,31,Male,South,Bangalore,Groceries,Sugar,9,236.54,0.19,2124.82,140.16,101.07,Credit Card,3,TRUE,Returned,1
ORD-01213,07-01-2021,CUST54226,Nisha Mehta,33,Male,East,Bhubaneswar,Beauty,Lipstick,5,1998.43,0.26,9966.17,4337.88,79.62,UPI,4,FALSE,Shipped,3
ORD-04115,25-11-2024,CUST88970,Ritu Pillai,38,Other,East,Patna,Electronics,Smartwatch,9,76064.53,0.25,682869.32,56343.87,79.71,Cash on Delivery,3,FALSE,Delivered,1
ORD-03200,16-10-2023,CUST43688,Amit Iyer,49,Other,North,Delhi,Groceries,Tea,1,97.17,0.14,97.03,8.27,46.49,EMI,1,FALSE,Delivered,5
ORD-00713,22-11-2020,CUST97013,Rahul Verma,48,Other,Central,Raipur,Groceries,Cooking Oil,9,407.45,0.36,3653.85,149.16,50.13,Net Banking,1,TRUE,Returned,8
ORD-00975,20-03-2021,CUST76263,Arjun Reddy,20,Male,West,Surat,Furniture,Sofa,6,5299.05,0.13,31752.97,5506.48,36.55,Cash on Delivery,4,FALSE,Delivered,7
ORD-01391,20-09-2021,CUST53724,Kavya Iyer,45,Other,East,Bhubaneswar,Groceries,Dal (1Kg),8,126.77,0.15,1012.64,66.45,64.29,Net Banking,4,FALSE,Shipped,2
ORD-02467,12-06-2022,CUST34028,Vikram Rao,14,Female,East,Guwahati,Electronics,Smartphone,1,7708.68,0.26,7688.64,534.97,101.65,EMI,2,FALSE,Shipped,6
ORD-02390,11-01-2022,CUST38274,Ananya Shah,27,Female,West,Pune,Beauty,Lipstick,6,835.52,0.01,5012.62,1237.08,54.35,Cash on Delivery,3,FALSE,Delivered,2
ORD-01111,16-05-2021,CUST07335,Vikram Kapoor,21,Male,East,Guwahati,Sports,Cricket Bat,6,3857.03,0.3,23072.75,6137.14,60.48,Cash on Delivery,2,FALSE,Delivered,4
ORD-02171,08-09-2022,CUST77492,Karan Sharma,33,Male,South,Chennai,Clothing,Saree,1,1170.22,0.37,1165.89,422.66,82.03,Debit Card,4,FALSE,Delivered,2
ORD-01824,16-03-2022,CUST58449,Priya Chatterjee,34,Female,North,Delhi,Clothing,Jeans,5,2505.4,0.11,12513.22,4140.53,57.65,Cash on Delivery,3,FALSE,Delivered,1
ORD-02834,18-05-2023,CUST80957,Pooja Gupta,31,Other,North,Delhi,Electronics,Smartphone,2,73267.64,0.32,146066.37,20643.55,69.99,Credit Card,2,FALSE,Delivered,6
ORD-03900,14-08-2024,CUST14119,Vikram Verma,39,Female,West,Mumbai,Books,Fiction Novel,3,705.21,0.14,2112.67,1040.42,76.63,EMI,1,FALSE,Delivered,8
ORD-02550,01-12-2023,CUST69130,Sunita Pillai,48,Other,North,Amritsar,Sports,Yoga Mat,6,13916.75,0.25,83291.75,12305.07,38.89,UPI,4,FALSE,Pending,5
ORD-02192,15-08-2022,CUST61790,Amit Kumar,32,Other,East,Kolkata,Furniture,Sofa,3,23445.9,0.31,70119.65,15012.25,54.92,Credit Card,1,TRUE,Returned,7
ORD-02000,06-02-2022,CUST60137,Sanjay Sharma,35,Female,East,Patna,Sports,Cricket Bat,6,6661.26,0.13,39915.6,11352.36,99.9,Cash on Delivery,2,FALSE,Delivered,8
ORD-03042,08-09-2023,CUST48817,Karan Singh,25,Male,North,Amritsar,Clothing,Saree,2,3266.34,0,6532.68,3755.8,51.58,Cash on Delivery,5,FALSE,Delivered,1
ORD-03399,01-12-2024,CUST76705,Meera Das,42,Male,South,Chennai,Beauty,Sunscreen,1,2339.83,0.03,2339.13,1351.82,88.12,Net Banking,3,FALSE,Delivered,10
ORD-01991,30-05-2022,CUST25027,Nisha Mishra,24,Female,East,Bhubaneswar,Beauty,Hair Oil,8,1075.32,0.25,8581.05,4920.35,101.65,Credit Card,1,TRUE,Returned,8
ORD-00322,21-05-2020,CUST34894,Ritu Mehta,32,Other,East,Guwahati,Electronics,Smartwatch,6,59036.18,0.38,352871.06,5073.5,67,Net Banking,4,FALSE,Delivered,3
ORD-04049,23-10-2024,CUST98496,Nisha Singh,27,Other,Central,Indore,Groceries,Flour,8,174.02,0.14,1390.21,107.89,40.35,Cash on Delivery,5,FALSE,Delivered,10
ORD-02187,14-08-2022,CUST47298,Shreya Gupta,36,Other,North,Amritsar,Books,Comic Book,1,1129.04,0.28,1125.88,412.61,40.43,Net Banking,1,TRUE,Returned,10
ORD-03703,27-05-2024,CUST91203,Arjun Verma,32,Other,West,Mumbai,Beauty,Sunscreen,4,722.47,0.19,2884.39,1526.73,71.99,EMI,1,FALSE,Cancelled,7
ORD-01312,08-12-2021,CUST22985,Amit Pillai,22,Male,North,Delhi,Beauty,Sunscreen,2,542.62,0.14,1083.72,443.38,61.76,UPI,4,FALSE,Delivered,3
ORD-00797,29-12-2020,CUST04732,Nisha Joshi,38,Male,South,Chennai,Beauty,Face Cream,4,197.52,0.35,787.31,169.93,61.28,EMI,3,FALSE,Delivered,2
ORD-00034,01-12-2020,CUST21613,Arjun Das,49,Other,West,Mumbai,Groceries,Flour,6,315.85,0.13,1892.64,13.82,60.46,Cash on Delivery,5,FALSE,Delivered,10
ORD-02663,27-02-2023,CUST82371,Kavya Nair,49,Male,East,Patna,Groceries,Dal (1Kg),4,230.58,0.17,920.75,50.26,81.52,UPI,1,FALSE,Delivered,1
ORD-01907,23-04-2022,CUST58083,Sanjay Kapoor,31,Male,Central,Raipur,Sports,Cricket Bat,6,12397.94,0.35,74127.28,14673.82,51.27,UPI,2,FALSE,Delivered,1
ORD-00766,13-12-2020,CUST94306,Shreya Kapoor,19,Female,North,Amritsar,Books,Fiction Novel,6,526.32,0.14,3153.5,588.73,49.68,Credit Card,3,TRUE,Returned,3
ORD-03824,21-07-2024,CUST13500,Amit Patel,26,Other,North,Chandigarh,Groceries,Flour,6,112.85,0.13,676.22,116.49,40.89,Cash on Delivery,5,TRUE,Returned,8
ORD-03029,08-04-2023,CUST15879,Kavya Pillai,24,Other,North,Delhi,Groceries,Flour,6,184.04,0.32,1100.71,80.93,70.55,Credit Card,5,FALSE,Delivered,1
ORD-02801,29-04-2023,CUST13741,Meera Verma,30,Female,East,Guwahati,Beauty,Hair Oil,7,1050.38,0.06,7348.25,3436.69,85.61,Debit Card,3,FALSE,Delivered,5
ORD-03014,29-07-2023,CUST35539,Karan Reddy,31,Female,South,Kochi,Sports,Dumbbells,5,8903.55,0.12,44464.33,1852.66,64.95,Debit Card,3,TRUE,Returned,7
ORD-01318,15-08-2021,CUST59067,Nikhil Gupta,49,Male,Central,Raipur,Beauty,Hair Oil,4,525.05,0.02,2099.78,964.12,71.8,EMI,5,FALSE,Delivered,1
ORD-03603,17-04-2024,CUST16934,Nisha Das,26,Other,Central,Indore,Clothing,Jeans,5,3541.45,0.23,17666.52,8625.62,58,Cash on Delivery,3,FALSE,Pending,9
ORD-01221,07-05-2021,CUST24791,Arjun Pillai,34,Male,East,Kolkata,Clothing,Saree,9,1326.38,0.16,11918.32,4308.95,58.85,Credit Card,4,FALSE,Delivered,1
ORD-02947,07-01-2023,CUST85761,Aditya Chatterjee,44,Other,South,Kochi,Furniture,Bookshelf,2,26714.83,0.23,53306.77,16676.94,67.21,UPI,5,FALSE,Delivered,7
ORD-02635,15-02-2023,CUST74282,Ritu Das,47,Male,South,Hyderabad,Beauty,Perfume,9,1698.6,0.25,15249.18,4098.15,63.7,EMI,3,FALSE,Delivered,1
ORD-02030,14-06-2022,CUST98295,Ritu Rao,17,Male,West,Pune,Sports,Football,1,13827.19,0.4,13771.88,2472.59,24.48,Net Banking,3,FALSE,Cancelled,3
ORD-02150,08-01-2022,CUST80481,Sanjay Mishra,53,Female,West,Surat,Beauty,Sunscreen,4,356.27,0.25,1421.52,531.3,38.09,Net Banking,5,FALSE,Delivered,5
ORD-01826,17-03-2022,CUST42492,Nikhil Bose,26,Male,South,Bangalore,Beauty,Sunscreen,2,563.96,0.21,1125.55,529.71,100.92,Cash on Delivery,4,FALSE,Delivered,1
ORD-03667,13-05-2024,CUST95748,Arjun Kapoor,61,Female,East,Kolkata,Electronics,Tablet,1,42744.12,0.29,42620.16,5764.27,81.41,Debit Card,4,FALSE,Delivered,8
ORD-03993,20-09-2024,CUST65197,Rohan Chatterjee,38,Female,South,Chennai,Books,Fiction Novel,9,816.41,0.35,7321.97,2136.9,42.16,UPI,2,FALSE,Delivered,5
ORD-02332,10-09-2022,CUST15721,Sunita Kumar,32,Female,West,Ahmedabad,Groceries,Flour,10,364.93,0.07,3646.75,294.88,52.13,UPI,3,FALSE,Pending,3
ORD-02774,16-04-2023,CUST92472,Deepa Gupta,33,Male,East,Patna,Sports,Dumbbells,7,12799.72,0.11,89499.48,25731.03,74.55,Net Banking,2,FALSE,Delivered,2
ORD-03017,30-07-2023,CUST11433,Aditya Shah,49,Other,North,Chandigarh,Groceries,Dal (1Kg),5,380.49,0.36,1895.6,36.06,27.57,EMI,5,FALSE,Delivered,1
ORD-01712,02-01-2022,CUST49015,Pooja Iyer,31,Male,Central,Indore,Beauty,Face Cream,6,1868.65,0.06,11205.17,667.36,71.24,UPI,4,FALSE,Delivered,2
ORD-00337,26-05-2020,CUST25152,Shreya Mishra,61,Female,West,Ahmedabad,Books,Cook Book,2,425.83,0.04,851.32,364.43,42.68,UPI,4,FALSE,Delivered,10
ORD-03207,19-10-2023,CUST72297,Nisha Bhat,53,Female,South,Bangalore,Furniture,Bed Frame,5,2374.77,0.28,11840.6,2614.25,83.81,UPI,1,FALSE,Delivered,6
ORD-00354,06-01-2020,CUST12677,Aditya Shah,41,Other,North,Chandigarh,Groceries,Rice (5Kg),8,294.27,0.35,2345.92,96.62,53.97,Cash on Delivery,1,FALSE,Delivered,5
ORD-00837,18-01-2021,CUST71096,Kavya Shah,29,Other,East,Patna,Electronics,Headphones,5,58480.23,0.09,292137.99,24313.05,84.38,Credit Card,4,FALSE,Delivered,2
ORD-02607,02-06-2023,CUST31900,Amit Rao,39,Other,South,Bangalore,Sports,Yoga Mat,8,5590.43,0.19,44638.47,4824.74,69.42,Credit Card,4,FALSE,Delivered,2
ORD-00727,29-11-2020,CUST39869,Ritu Mishra,29,Female,West,Mumbai,Electronics,Smartwatch,4,7981.68,0.38,31805.4,1753.15,40.05,Debit Card,4,FALSE,Delivered,5
ORD-02529,01-03-2023,CUST61216,Nikhil Joshi,34,Male,West,Pune,Furniture,Bed Frame,2,9783.06,0.12,19542.64,3578.22,43.71,Cash on Delivery,2,TRUE,Returned,5
ORD-03018,30-07-2023,CUST13941,Ritu Sharma,34,Other,South,Hyderabad,Electronics,Camera,4,66643.15,0.14,266199.4,40690.87,51.43,Cash on Delivery,1,FALSE,Delivered,3
ORD-01841,26-03-2022,CUST02321,Sunita Patel,26,Female,West,Surat,Beauty,Shampoo,10,160.57,0.38,1599.6,697.82,51.31,Credit Card,3,FALSE,Delivered,2
ORD-02858,28-05-2023,CUST34534,Sanjay Rao,55,Male,Central,Bhopal,Sports,Cricket Bat,7,12138.63,0.13,84859.95,21101.52,32.89,UPI,5,FALSE,Shipped,4
ORD-04176,21-12-2024,CUST37046,Rohan Bhat,30,Other,West,Surat,Electronics,Headphones,6,61234.43,0.24,366524.8,31422.9,48.82,Credit Card,3,FALSE,Delivered,4
ORD-03609,20-04-2024,CUST45693,Aditya Singh,45,Male,North,Amritsar,Books,Comic Book,5,224.92,0.24,1121.9,529.42,65.16,UPI,5,FALSE,Delivered,2
ORD-00559,09-05-2020,CUST34558,Amit Bhat,46,Other,West,Mumbai,Clothing,Jeans,8,2151.16,0.12,17188.63,4651.88,67.35,Cash on Delivery,4,TRUE,Returned,4
ORD-01775,25-02-2022,CUST42783,Ritu Das,25,Other,Central,Indore,Sports,Tennis Racket,1,7835.77,0.08,7829.5,1599.65,44.2,Credit Card,3,TRUE,Returned,5
ORD-02870,31-05-2023,CUST15861,Priya Mishra,27,Other,West,Surat,Books,Fiction Novel,2,790.19,0.12,1578.48,1241.47,75.5,UPI,2,FALSE,Delivered,1
ORD-00130,20-02-2020,CUST73625,Nisha Bose,28,Other,East,Guwahati,Books,Textbook,10,327.54,0.15,3270.49,1528.85,80.58,Debit Card,5,TRUE,Returned,2
ORD-02188,14-08-2022,CUST93685,Vikram Singh,19,Other,South,Chennai,Electronics,Laptop,10,46080.58,0.33,459285.14,38045.24,42.13,Credit Card,1,FALSE,Delivered,7
ORD-02807,05-03-2023,CUST59711,Rohan Mishra,29,Female,East,Bhubaneswar,Clothing,Kurta,10,630.78,0.18,6296.45,3459.74,83.61,Credit Card,4,FALSE,Delivered,8
ORD-01201,25-06-2021,CUST00543,Karan Singh,34,Male,South,Kochi,Sports,Cricket Bat,5,10501.07,0.1,52452.84,3020.39,56.4,Cash on Delivery,5,FALSE,Delivered,7
ORD-03976,09-10-2024,CUST72202,Aarav Joshi,28,Male,West,Ahmedabad,Electronics,Headphones,1,40304.61,0.04,40288.49,5497.55,73.05,UPI,2,FALSE,Cancelled,5
ORD-03674,15-05-2024,CUST71549,Ritu Das,37,Female,East,Kolkata,Furniture,Chair,3,16806.93,0.37,50234.23,17999.97,90.53,Credit Card,4,FALSE,Delivered,2
ORD-00982,23-03-2021,CUST31894,Amit Joshi,44,Other,North,Ludhiana,Furniture,Desk,2,4143.1,0.22,8267.97,2463.95,56.97,Net Banking,5,FALSE,Delivered,5
ORD-00485,08-02-2020,CUST67381,Amit Mehta,46,Other,East,Kolkata,Electronics,Laptop,6,76471.27,0.22,457818.2,79755.17,71.89,Cash on Delivery,5,FALSE,Delivered,5
ORD-03297,26-11-2023,CUST29713,Rahul Gupta,37,Male,West,Mumbai,Books,Cook Book,10,666.25,0.07,6657.84,1728.64,55.61,UPI,3,FALSE,Delivered,8
ORD-04137,12-04-2024,CUST62051,Ananya Pillai,34,Other,Central,Bhopal,Electronics,Tablet,4,51581.35,0.38,205541.36,15238.43,72.66,Net Banking,4,TRUE,Returned,8
ORD-02163,05-08-2022,CUST72247,Arjun Mishra,57,Male,East,Kolkata,Electronics,Tablet,1,67980.93,0.22,67831.37,11975.81,63.26,Cash on Delivery,4,FALSE,Delivered,9
ORD-02445,28-11-2022,CUST71240,Pooja Sharma,30,Other,North,Chandigarh,Books,Fiction Novel,5,1175.29,0.36,5855.29,1294.96,66.21,Net Banking,2,FALSE,Delivered,4
ORD-00767,13-12-2020,CUST99682,Aditya Mishra,17,Other,North,Ludhiana,Furniture,Sofa,5,30866.8,0.07,154225.97,26550.31,38.03,Debit Card,5,FALSE,Delivered,10
ORD-00629,10-09-2020,CUST51786,Kavya Joshi,48,Male,Central,Bhopal,Beauty,Perfume,9,1406.56,0.1,12646.38,3776.97,39.94,Cash on Delivery,3,FALSE,Delivered,5
ORD-00701,13-11-2020,CUST90688,Priya Nair,42,Female,East,Patna,Electronics,Tablet,6,50084.03,0.17,299993.32,20981.15,94.58,Debit Card,4,FALSE,Cancelled,6
ORD-00439,07-12-2020,CUST45071,Aditya Nair,22,Male,West,Ahmedabad,Groceries,Cooking Oil,2,379.2,0.2,756.88,27.25,67.65,UPI,1,FALSE,Delivered,7
ORD-00132,20-02-2020,CUST20387,Ritu Mishra,26,Female,South,Kochi,Beauty,Lipstick,2,959.97,0.05,1918.98,630.51,71.85,EMI,4,FALSE,Delivered,2
ORD-00343,28-05-2020,CUST91659,Shreya Verma,20,Male,Central,Nagpur,Clothing,Kurta,1,1604.88,0.22,1601.35,414.75,71.08,Debit Card,3,TRUE,Returned,4
ORD-02362,18-10-2022,CUST09796,Shreya Mehta,34,Other,North,Ludhiana,Clothing,Kurta,5,3077.69,0.12,15369.98,4018.97,55.38,UPI,3,FALSE,Delivered,8
ORD-01138,28-05-2021,CUST65692,Aarav Kumar,12,Other,Central,Raipur,Groceries,Tea,10,179.45,0.1,1792.71,170.8,35.54,EMI,3,FALSE,Delivered,7
ORD-03480,22-02-2024,CUST61945,Vikram Joshi,25,Other,West,Ahmedabad,Clothing,T-Shirt,6,1277.66,0.2,7650.63,2123.71,43.17,Net Banking,1,FALSE,Delivered,10
ORD-02011,06-05-2022,CUST67385,Kavya Shah,52,Female,West,Pune,Sports,Cricket Bat,10,6308.82,0.36,62861.08,13727.44,63.87,Net Banking,1,TRUE,Returned,7
ORD-03217,22-10-2023,CUST14537,Pooja Joshi,41,Other,North,Amritsar,Beauty,Hair Oil,10,850.71,0.4,8473.07,2735.24,38.04,Cash on Delivery,4,FALSE,Delivered,6
ORD-02921,17-06-2023,CUST51781,Karan Singh,26,Male,North,Delhi,Groceries,Rice (5Kg),5,200.85,0.36,1000.63,71.67,58.1,EMI,2,FALSE,Delivered,1
ORD-01303,08-10-2021,CUST71873,Aditya Singh,35,Female,East,Bhubaneswar,Furniture,Sofa,3,23823.69,0.11,71392.45,26211.15,95.16,EMI,5,FALSE,Delivered,6
ORD-01463,23-10-2021,CUST80946,Nikhil Verma,35,Other,West,Ahmedabad,Sports,Football,6,10030.26,0.17,60079.25,14093.89,33.86,Net Banking,4,FALSE,Delivered,8
ORD-02411,11-08-2022,CUST04556,Amit Shah,43,Male,East,Kolkata,Electronics,Laptop,9,33801.96,0.4,303000.77,23971.25,95.97,Cash on Delivery,3,TRUE,Returned,7
ORD-02048,20-06-2022,CUST98440,Nikhil Nair,34,Other,South,Kochi,Clothing,Saree,4,2288.92,0.09,9147.44,3680.34,53.41,Cash on Delivery,4,FALSE,Shipped,8
ORD-02047,20-06-2022,CUST63577,Sunita Iyer,49,Male,Central,Indore,Groceries,Flour,8,377.69,0.27,3013.36,244.77,42.69,Credit Card,1,FALSE,Delivered,4
ORD-00197,28-03-2020,CUST04223,Pooja Joshi,12,Other,North,Amritsar,Sports,Cycle,8,10282.68,0.11,82170.95,13106.07,65.44,Net Banking,1,FALSE,Delivered,3
ORD-01595,13-12-2021,CUST89482,Nisha Chatterjee,38,Male,South,Kochi,Books,Self-Help Book,7,233.11,0.36,1625.9,271.36,71.2,UPI,3,FALSE,Delivered,2
ORD-00799,29-12-2020,CUST20881,Rohan Singh,48,Male,West,Mumbai,Sports,Yoga Mat,4,2347.62,0.22,9369.82,1694.29,36.23,Debit Card,1,FALSE,Delivered,10
ORD-03920,20-08-2024,CUST20311,Shreya Gupta,54,Other,West,Surat,Sports,Dumbbells,8,8802.69,0.36,70168,12390.55,76.21,Credit Card,5,FALSE,Delivered,6
ORD-01013,04-03-2021,CUST39675,Priya Kapoor,24,Other,East,Bhubaneswar,Clothing,Jacket,8,1837.46,0.26,14661.46,4142.94,81.4,EMI,1,FALSE,Cancelled,8
ORD-02295,23-09-2022,CUST16205,Arjun Kapoor,32,Male,East,Guwahati,Sports,Tennis Racket,4,7290.72,0,29162.88,2532.61,59.36,EMI,5,FALSE,Delivered,2
ORD-00267,27-04-2020,CUST76356,Aditya Pillai,21,Female,East,Kolkata,Sports,Football,6,7876.81,0.02,47251.41,12406.43,62.09,Debit Card,4,FALSE,Shipped,3
ORD-01704,30-01-2022,CUST33909,Amit Reddy,28,Female,North,Chandigarh,Books,Comic Book,4,1134.89,0.05,4537.29,939.71,68.97,Net Banking,4,FALSE,Delivered,2
ORD-01925,01-05-2022,CUST73689,Meera Chatterjee,41,Male,South,Kochi,Clothing,Jeans,9,3373.39,0.02,30354.44,18565.86,73.18,Cash on Delivery,2,FALSE,Delivered,4
ORD-02748,04-05-2023,CUST72583,Sunita Bose,41,Female,West,Surat,Groceries,Tea,9,467.6,0.02,4207.56,654.29,37.13,EMI,4,FALSE,Delivered,7
ORD-00575,14-09-2020,CUST39101,Sunita Mehta,32,Other,East,Guwahati,Furniture,Bookshelf,7,5932.53,0.39,41365.75,8164.97,84.41,UPI,3,FALSE,Delivered,1
ORD-03873,08-07-2024,CUST07406,Sunita Pillai,54,Other,West,Pune,Clothing,Jeans,5,545.99,0.34,2720.67,183.45,68.2,Credit Card,1,FALSE,Delivered,9
ORD-02409,11-06-2022,CUST13324,Sanjay Iyer,31,Other,North,Delhi,Groceries,Tea,8,163.97,0.16,1309.66,91.59,24.74,Debit Card,4,FALSE,Shipped,8
ORD-02610,02-06-2023,CUST96115,Sanjay Rao,39,Male,South,Kochi,Books,Self-Help Book,10,947.87,0.24,9455.95,3527.5,84.4,Credit Card,4,FALSE,Delivered,4
ORD-00915,16-02-2021,CUST76268,Arjun Patel,36,Other,North,Amritsar,Electronics,Smartwatch,3,48921.59,0.19,146485.92,16935.06,46.65,Credit Card,1,FALSE,Delivered,3
ORD-02705,17-03-2023,CUST85785,Meera Rao,41,Female,West,Surat,Beauty,Perfume,2,888.49,0.08,1775.56,795.3,42.25,Debit Card,1,FALSE,Pending,8
ORD-01524,16-11-2021,CUST61294,Shreya Mishra,34,Other,North,Amritsar,Groceries,Rice (5Kg),1,148.49,0.12,148.31,7.46,70.77,Credit Card,1,FALSE,Delivered,9
ORD-00597,24-09-2020,CUST03651,Arjun Patel,55,Female,West,Surat,Electronics,Tablet,1,38379.55,0.18,38310.47,4708.06,49.85,EMI,2,FALSE,Delivered,6
ORD-04126,30-11-2024,CUST88649,Pooja Iyer,30,Female,South,Chennai,Books,Self-Help Book,10,1308.63,0.39,13035.26,3691.88,59.74,EMI,5,FALSE,Delivered,9
ORD-01289,08-03-2021,CUST60491,Shreya Bhat,24,Other,East,Bhubaneswar,Sports,Cycle,2,8857.58,0.05,17706.3,3446.13,90.64,Net Banking,2,TRUE,Returned,8
ORD-01992,30-05-2022,CUST42274,Nisha Reddy,38,Other,South,Chennai,Sports,Tennis Racket,10,2313.34,0.07,23117.21,6071.72,54.61,Debit Card,1,TRUE,Returned,3
ORD-02690,13-03-2023,CUST42802,Sanjay Rao,25,Male,South,Hyderabad,Sports,Cycle,4,7081.6,0.31,28238.59,6611.41,89.06,Debit Card,2,TRUE,Returned,10
ORD-02181,13-08-2022,CUST50045,Arjun Verma,21,Male,North,Chandigarh,Clothing,Jeans,8,3588.17,0.24,28636.47,13674.74,86.78,EMI,1,FALSE,Delivered,7
ORD-03851,30-07-2024,CUST24550,Amit Nair,19,Other,West,Pune,Clothing,Kurta,4,2461.65,0.33,9814.11,2386.31,85.19,Net Banking,4,FALSE,Delivered,1
ORD-00644,14-10-2020,CUST94203,Sanjay Nair,34,Other,Central,Bhopal,Furniture,Bed Frame,4,22879.02,0.1,91424.56,18612.63,53.94,Cash on Delivery,1,FALSE,Cancelled,6
ORD-02923,18-06-2023,CUST62956,Pooja Mishra,15,Male,North,Ludhiana,Books,Cook Book,9,916.14,0.36,8215.58,2666.27,63.91,Cash on Delivery,4,FALSE,Cancelled,7
ORD-01414,29-09-2021,CUST00909,Ananya Verma,32,Other,South,Bangalore,Furniture,Sofa,6,3717.72,0.22,22257.25,4949.58,62.81,Net Banking,2,FALSE,Delivered,3
ORD-03126,09-11-2023,CUST84742,Sunita Patel,42,Other,South,Bangalore,Sports,Cricket Bat,7,7005.09,0.17,48952.27,13825.48,39.04,Net Banking,3,FALSE,Delivered,3
ORD-00251,20-04-2020,CUST66007,Sunita Bose,26,Male,North,Ludhiana,Furniture,Sofa,1,6470.7,0.34,6448.7,1235.03,66.87,Net Banking,4,FALSE,Delivered,7
ORD-03006,24-07-2023,CUST96839,Amit Sharma,38,Female,Central,Raipur,Books,Cook Book,10,680.67,0.28,6787.64,4381.82,60.91,Credit Card,3,FALSE,Delivered,4
ORD-01407,25-09-2021,CUST62870,Shreya Mehta,38,Female,Central,Raipur,Beauty,Face Cream,2,1348.14,0.25,2689.54,904.82,48.59,UPI,2,FALSE,Delivered,5
ORD-02313,10-02-2022,CUST66337,Kavya Singh,34,Female,South,Bangalore,Clothing,Dress,10,2259.78,0.04,22588.76,7949.05,52.93,UPI,5,FALSE,Delivered,7
ORD-01620,25-12-2021,CUST54344,Nisha Bhat,27,Female,North,Amritsar,Beauty,Sunscreen,1,805.29,0.36,802.39,172.3,52.35,Net Banking,3,FALSE,Delivered,6
ORD-00563,09-07-2020,CUST44323,Ritu Bose,33,Female,South,Bangalore,Books,Cook Book,6,1105.96,0.29,6616.52,1716.01,67.65,Debit Card,3,TRUE,Returned,5
ORD-01940,06-05-2022,CUST29935,Sanjay Mishra,30,Female,West,Surat,Beauty,Sunscreen,8,2364.86,0.15,18890.5,11817.43,58.27,Debit Card,5,FALSE,Delivered,5
ORD-00142,27-02-2020,CUST82516,Ritu Joshi,40,Female,East,Bhubaneswar,Sports,Tennis Racket,1,11227.96,0.31,11193.15,1706.13,87.6,Net Banking,2,FALSE,Shipped,3
ORD-03035,08-05-2023,CUST76199,Meera Pillai,60,Other,West,Ahmedabad,Sports,Tennis Racket,3,6247.18,0.23,18698.43,5128.89,52.48,Credit Card,4,FALSE,Delivered,7
ORD-04095,11-11-2024,CUST78442,Arjun Gupta,43,Female,South,Kochi,Furniture,Bed Frame,2,28947.69,0.39,57669.59,8167.38,63.11,UPI,3,FALSE,Delivered,1
ORD-03088,26-08-2023,CUST49151,Sunita Patel,35,Other,West,Mumbai,Electronics,Headphones,1,41296.1,0.07,41267.19,4184.23,65.67,Credit Card,5,FALSE,Delivered,5
ORD-00283,05-05-2020,CUST17741,Arjun Verma,32,Female,East,Patna,Books,Cook Book,10,1387.77,0.03,13873.54,5378.75,88.89,Net Banking,4,FALSE,Delivered,9
ORD-01821,16-03-2022,CUST07773,Karan Gupta,41,Female,South,Hyderabad,Books,Comic Book,2,1012.58,0.23,2020.5,942.39,79.24,UPI,5,FALSE,Delivered,5
ORD-01627,27-12-2021,CUST42701,Aarav Joshi,48,Male,South,Kochi,Clothing,Jacket,10,593.55,0.18,5924.82,896.12,78,Debit Card,5,FALSE,Delivered,9
ORD-02274,15-09-2022,CUST66737,Ananya Patel,43,Female,South,Chennai,Clothing,T-Shirt,6,803.12,0.07,4815.35,328.33,73.01,Credit Card,3,FALSE,Delivered,7
ORD-03211,20-10-2023,CUST59240,Ananya Mehta,47,Male,North,Ludhiana,Beauty,Shampoo,3,2099.98,0.35,6277.89,2125.89,50.77,Cash on Delivery,3,TRUE,Returned,7
ORD-02973,07-11-2023,CUST55824,Ritu Kumar,27,Male,West,Pune,Books,Fiction Novel,1,623.96,0.21,622.65,263.81,68.14,Cash on Delivery,3,FALSE,Delivered,6
ORD-03131,15-09-2023,CUST60904,Aditya Shah,29,Female,North,Chandigarh,Groceries,Dal (1Kg),1,394.11,0.22,393.24,32.52,55.15,UPI,3,FALSE,Delivered,2
ORD-01170,06-08-2021,CUST04051,Ananya Sharma,40,Male,South,Hyderabad,Furniture,Sofa,5,23260.25,0.33,115917.46,32585.16,74.55,EMI,5,FALSE,Delivered,9
ORD-02153,03-08-2022,CUST05495,Vikram Singh,45,Female,North,Delhi,Clothing,Kurta,1,2503.3,0.15,2499.55,723.88,47.55,EMI,2,TRUE,Returned,10
ORD-02260,09-10-2022,CUST10492,Rahul Patel,61,Other,West,Surat,Beauty,Lipstick,9,1292.16,0.22,11603.86,3046.85,70.59,Credit Card,2,TRUE,Returned,6
ORD-01363,09-05-2021,CUST15260,Meera Patel,40,Female,East,Bhubaneswar,Electronics,Camera,10,55908.72,0.11,558472.2,86690.85,75.65,Cash on Delivery,5,FALSE,Shipped,4
ORD-01781,03-02-2022,CUST31446,Priya Singh,57,Female,North,Chandigarh,Beauty,Face Cream,6,583.99,0.26,3494.83,1322.69,22.05,Credit Card,4,FALSE,Shipped,6
ORD-02812,05-04-2023,CUST82471,Pooja Shah,36,Female,South,Kochi,Clothing,Saree,2,3236.58,0.04,6470.57,3171.49,71.87,Cash on Delivery,1,FALSE,Delivered,9
ORD-04169,16-12-2024,CUST68700,Aditya Mehta,33,Female,South,Bangalore,Sports,Football,9,7976.73,0.2,71646.99,13844.42,69.85,EMI,1,FALSE,Delivered,8
ORD-00384,06-12-2020,CUST60562,Kavya Rao,25,Male,North,Ludhiana,Clothing,Dress,10,658.16,0.25,6565.15,1841.64,63.58,Cash on Delivery,1,FALSE,Delivered,7
ORD-03940,26-08-2024,CUST96355,Shreya Bose,35,Female,East,Bhubaneswar,Books,Comic Book,2,1157.89,0.35,2307.67,649.16,56.27,Debit Card,1,FALSE,Delivered,9
ORD-01059,25-04-2021,CUST64001,Ananya Das,63,Other,South,Hyderabad,Electronics,Tablet,8,28211.93,0.33,224950.65,20772.79,61.29,Debit Card,5,FALSE,Delivered,4
ORD-03995,21-09-2024,CUST60857,Aarav Kapoor,30,Male,Central,Raipur,Beauty,Sunscreen,7,2114.17,0.39,14741.47,6081.67,26.71,Debit Card,3,FALSE,Delivered,5
ORD-03729,14-06-2024,CUST27952,Pooja Rao,33,Other,West,Ahmedabad,Clothing,Dress,1,3581.25,0.01,3580.89,1771.61,56.33,Credit Card,1,FALSE,Delivered,5
ORD-03122,09-09-2023,CUST56458,Kavya Das,30,Other,East,Kolkata,Furniture,Desk,9,24481.84,0.18,219939.95,68746.18,92.95,Net Banking,3,FALSE,Pending,10
ORD-02176,08-12-2022,CUST51575,Karan Mishra,30,Other,North,Ludhiana,Sports,Football,7,14759.38,0,103315.66,25740.07,70.7,Net Banking,3,FALSE,Delivered,7
ORD-01078,05-03-2021,CUST72966,Vikram Verma,52,Female,East,Kolkata,Beauty,Perfume,2,608.88,0.23,1214.96,511.96,106.95,UPI,4,TRUE,Returned,4
ORD-03959,04-09-2024,CUST64416,Pooja Reddy,35,Other,West,Surat,Clothing,Jacket,10,1823.02,0.19,18195.56,11667.37,63.11,UPI,5,FALSE,Delivered,6
ORD-02697,14-03-2023,CUST37138,Ritu Nair,42,Other,West,Pune,Electronics,Headphones,2,76935.79,0.01,153856.19,27234.01,63.96,Cash on Delivery,1,FALSE,Delivered,3
ORD-00270,28-04-2020,CUST73911,Ritu Patel,34,Other,East,Kolkata,Clothing,Jeans,6,2934.92,0.1,17591.91,7715.18,74.02,Debit Card,5,FALSE,Cancelled,8
ORD-02515,28-12-2022,CUST66205,Ritu Verma,30,Male,West,Pune,Books,Biography,5,1103.75,0.25,5504.95,1891.54,60.86,Cash on Delivery,3,FALSE,Cancelled,1
ORD-02735,30-03-2023,CUST60872,Kavya Shah,38,Male,South,Chennai,Furniture,Chair,1,7329.9,0.35,7304.25,2396.72,101.29,Credit Card,5,FALSE,Shipped,10
ORD-01766,21-02-2022,CUST87890,Karan Mishra,46,Other,Central,Nagpur,Books,Textbook,4,378.9,0.39,1509.69,235.48,29.15,Credit Card,5,FALSE,Delivered,3
ORD-02707,18-03-2023,CUST97042,Ananya Mishra,28,Other,Central,Bhopal,Books,Cook Book,4,1221.11,0.25,4872.23,1875.62,43.22,EMI,5,FALSE,Delivered,5
ORD-00671,31-10-2020,CUST93387,Ritu Bose,43,Other,West,Surat,Groceries,Cooking Oil,8,347.71,0.08,2779.45,178.59,64.88,Credit Card,5,FALSE,Delivered,9
ORD-03931,23-08-2024,CUST94914,Sunita Verma,31,Other,South,Chennai,Sports,Yoga Mat,6,9574.41,0.02,57434.97,15952.26,75.33,EMI,4,FALSE,Delivered,6
ORD-04022,10-09-2024,CUST76630,Aarav Patel,34,Male,South,Kochi,Books,Cook Book,8,1268.46,0.05,10142.61,3618.98,30.55,EMI,2,FALSE,Delivered,10
ORD-01721,02-05-2022,CUST05033,Pooja Mishra,22,Male,West,Ahmedabad,Sports,Football,8,11620.56,0.18,92797.14,25898.31,50.64,Debit Card,4,FALSE,Delivered,2
ORD-03054,14-08-2023,CUST26906,Nisha Iyer,39,Female,East,Patna,Electronics,Smartphone,1,34885.37,0.1,34850.48,3420.51,85.38,Credit Card,4,FALSE,Shipped,3
ORD-03543,20-03-2024,CUST14777,Aarav Shah,60,Other,Central,Nagpur,Furniture,Bed Frame,7,28445.23,0.28,198559.08,42435.49,18.04,UPI,2,FALSE,Cancelled,10
ORD-02803,30-04-2023,CUST07347,Priya Mehta,28,Female,West,Mumbai,Electronics,Smartwatch,6,64360.23,0.32,384925.66,28776.57,55.31,Debit Card,1,FALSE,Delivered,1
ORD-03231,29-10-2023,CUST88608,Nikhil Nair,50,Male,South,Hyderabad,Beauty,Sunscreen,2,1820.95,0.15,3636.44,1317.61,69.89,Net Banking,4,FALSE,Delivered,5
ORD-02672,03-01-2023,CUST97216,Deepa Pillai,29,Female,East,Bhubaneswar,Electronics,Headphones,6,78301.55,0.24,468681.76,61437.6,87.28,EMI,4,FALSE,Delivered,7
ORD-00232,04-11-2020,CUST30800,Rohan Chatterjee,36,Other,Central,Nagpur,Beauty,Perfume,4,171.85,0.03,687.19,591.14,34.27,Debit Card,3,FALSE,Shipped,8
ORD-00566,09-09-2020,CUST67628,Meera Chatterjee,25,Other,North,Amritsar,Sports,Dumbbells,5,603.71,0.39,3006.78,76.01,68.01,Net Banking,3,FALSE,Shipped,9
ORD-01174,06-09-2021,CUST88311,Karan Gupta,31,Female,East,Patna,Groceries,Dal (1Kg),6,57.72,0.21,345.59,48.28,80.69,EMI,3,FALSE,Shipped,5
ORD-00522,19-08-2020,CUST28496,Ritu Gupta,49,Female,South,Hyderabad,Furniture,Desk,3,28093.41,0.11,84187.52,14166.32,69.8,Net Banking,3,TRUE,Returned,3
ORD-03797,07-09-2024,CUST19882,Sanjay Gupta,30,Male,North,Chandigarh,Electronics,Headphones,3,39483.93,0.01,118439.94,17116.65,68.56,UPI,3,TRUE,Returned,2
ORD-04170,16-12-2024,CUST70820,Nikhil Iyer,14,Male,East,Kolkata,Clothing,Jeans,4,1999.6,0.4,7966.41,1146.6,66.84,Net Banking,3,FALSE,Delivered,6
ORD-03327,10-12-2023,CUST05689,Ananya Bhat,30,Male,North,Ludhiana,Groceries,Cooking Oil,9,407.05,0.3,3652.46,139.6,72.88,Net Banking,4,FALSE,Cancelled,6
ORD-03907,16-08-2024,CUST07299,Karan Reddy,46,Female,Central,Nagpur,Sports,Yoga Mat,9,3110.88,0.28,27919.53,4498.07,43.42,EMI,2,FALSE,Delivered,8
ORD-02613,02-09-2023,CUST69520,Vikram Pillai,18,Male,North,Delhi,Sports,Yoga Mat,1,12495.08,0.27,12461.34,1686.4,55.06,Credit Card,5,FALSE,Delivered,9
ORD-04164,14-12-2024,CUST96903,Deepa Kapoor,46,Other,North,Amritsar,Furniture,Chair,1,9449.94,0.15,9435.77,2224.51,32.57,UPI,1,TRUE,Returned,2
ORD-01065,27-04-2021,CUST39633,Aarav Mishra,35,Male,Central,Bhopal,Electronics,Headphones,8,30314.74,0.06,242372.41,33093.14,68.75,Credit Card,1,TRUE,Returned,9
ORD-00656,22-10-2020,CUST42875,Sanjay Verma,26,Other,South,Hyderabad,Sports,Cycle,1,12380.73,0.24,12351.02,2144.64,80.23,Credit Card,4,FALSE,Cancelled,5
ORD-02588,30-01-2023,CUST71632,Karan Sharma,13,Male,West,Surat,Sports,Dumbbells,4,6304.42,0.31,25139.51,3544.74,95.26,Credit Card,5,FALSE,Delivered,6
ORD-00172,15-03-2020,CUST40704,Aarav Rao,16,Other,East,Guwahati,Clothing,Saree,2,2448.31,0.35,4879.48,1270.16,79.97,Credit Card,4,FALSE,Delivered,7
ORD-03479,21-02-2024,CUST39897,Sunita Singh,30,Other,South,Chennai,Electronics,Headphones,3,50121.13,0.25,149987.48,18524,68.49,Debit Card,5,FALSE,Cancelled,4
ORD-03008,26-07-2023,CUST03875,Arjun Patel,35,Other,North,Chandigarh,Sports,Tennis Racket,5,1956.54,0.2,9763.13,2723.2,60.98,UPI,3,FALSE,Delivered,3
ORD-03519,03-09-2024,CUST89317,Vikram Singh,28,Other,North,Ludhiana,Electronics,Laptop,5,35958.57,0.23,179379.33,18318.66,45.69,UPI,1,FALSE,Delivered,6
ORD-01711,02-01-2022,CUST71903,Rahul Sharma,30,Female,East,Bhubaneswar,Beauty,Shampoo,10,1797.87,0.31,17922.97,2948.45,85.14,Cash on Delivery,3,FALSE,Shipped,4
ORD-01731,02-08-2022,CUST81381,Aarav Bose,65,Male,North,Chandigarh,Groceries,Flour,10,299.21,0.19,2986.42,268.35,16.74,Net Banking,3,FALSE,Delivered,9
ORD-02322,10-05-2022,CUST93809,Kavya Sharma,44,Other,Central,Indore,Furniture,Bookshelf,8,32195.15,0.25,256917.3,53878.3,67.87,Cash on Delivery,2,FALSE,Delivered,4
ORD-01659,01-09-2022,CUST72759,Pooja Patel,26,Other,South,Hyderabad,Furniture,Chair,7,2529.87,0.12,17687.84,4154.01,90.47,EMI,5,FALSE,Delivered,6
ORD-02365,18-10-2022,CUST12074,Ritu Joshi,51,Female,North,Amritsar,Sports,Football,10,14562.6,0.31,145174.56,18267.52,33.55,Cash on Delivery,5,FALSE,Delivered,4
ORD-00115,02-12-2020,CUST05374,Aditya Chatterjee,39,Female,South,Chennai,Beauty,Hair Oil,6,1270.36,0.06,7617.59,2669,62.46,EMI,3,FALSE,Delivered,8
ORD-01557,29-11-2021,CUST23869,Amit Reddy,54,Other,South,Bangalore,Books,Fiction Novel,3,789.1,0.18,2363.04,562.04,72.43,UPI,3,FALSE,Cancelled,2
ORD-00800,30-12-2020,CUST77423,Priya Shah,33,Other,East,Patna,Electronics,Camera,7,56504.32,0.3,394343.65,21532.46,53.78,Cash on Delivery,5,FALSE,Delivered,1
ORD-00020,08-01-2020,CUST05879,Nisha Nair,12,Other,Central,Nagpur,Sports,Dumbbells,2,2448.88,0.08,4893.84,355.63,47.54,Cash on Delivery,3,FALSE,Delivered,9
ORD-03912,17-08-2024,CUST72269,Ritu Gupta,41,Female,South,Bangalore,Electronics,Headphones,3,51479.19,0.25,154051.48,19016.37,55.15,UPI,3,FALSE,Pending,3
ORD-04036,17-10-2024,CUST12279,Meera Patel,34,Other,North,Ludhiana,Groceries,Flour,8,184.25,0.21,1470.9,77.92,46.09,Credit Card,3,FALSE,Shipped,6
ORD-02381,28-10-2022,CUST35452,Rahul Singh,36,Female,North,Ludhiana,Electronics,Camera,6,6441.62,0.27,38545.37,5997.64,53.2,EMI,3,FALSE,Cancelled,8
ORD-01862,04-02-2022,CUST38887,Aditya Nair,39,Other,West,Ahmedabad,Groceries,Dal (1Kg),3,475.6,0.18,1424.23,154.07,65.63,Credit Card,1,FALSE,Shipped,10
ORD-04033,16-10-2024,CUST01456,Ananya Singh,40,Other,Central,Bhopal,Furniture,Chair,2,8590.53,0.23,17141.54,3529.2,40.59,Credit Card,5,FALSE,Delivered,6
ORD-04061,27-10-2024,CUST83988,Arjun Bose,18,Female,North,Ludhiana,Furniture,Bed Frame,1,14589.01,0.2,14559.83,3174.45,52.97,Credit Card,3,FALSE,Delivered,1
ORD-02662,27-02-2023,CUST02913,Nisha Kumar,32,Female,East,Kolkata,Books,Fiction Novel,2,484.9,0.1,968.83,423.7,69.41,Net Banking,1,FALSE,Delivered,10
ORD-01421,10-02-2021,CUST32538,Amit Rao,24,Other,South,Bangalore,Electronics,Laptop,10,23157.51,0.12,231297.21,21453.69,53.6,Net Banking,3,FALSE,Delivered,4
ORD-03373,30-12-2023,CUST23969,Rahul Mehta,27,Male,Central,Raipur,Books,Textbook,9,609.86,0.14,5481.06,1923.48,54.96,EMI,3,FALSE,Shipped,1
ORD-02686,03-11-2023,CUST63976,Vikram Verma,42,Male,South,Hyderabad,Clothing,Jacket,8,570.18,0.04,4559.62,1738.46,56.28,Credit Card,2,FALSE,Delivered,4
ORD-02630,14-02-2023,CUST21078,Meera Kapoor,33,Female,North,Ludhiana,Electronics,Laptop,9,41854.41,0.33,375446.61,30449.06,42.16,Debit Card,2,FALSE,Delivered,8
ORD-01893,16-04-2022,CUST98008,Amit Singh,39,Female,Central,Bhopal,Clothing,Dress,3,3710.29,0.05,11125.3,5360.81,62.88,Cash on Delivery,4,FALSE,Delivered,4
ORD-01702,30-01-2022,CUST81394,Nikhil Kumar,27,Male,North,Amritsar,Beauty,Hair Oil,10,2477.1,0.19,24723.94,9210.86,24.71,Credit Card,5,FALSE,Cancelled,8
ORD-00781,21-12-2020,CUST92097,Nisha Gupta,44,Male,South,Hyderabad,Sports,Cycle,8,12540.64,0.16,100164.6,12900.73,44.66,UPI,1,FALSE,Delivered,8
ORD-02838,20-05-2023,CUST32623,Ananya Verma,17,Female,East,Patna,Beauty,Shampoo,8,211.05,0.17,1685.53,1315.77,75.69,Net Banking,3,TRUE,Returned,3
ORD-00983,24-03-2021,CUST01477,Karan Mishra,49,Female,North,Delhi,Sports,Yoga Mat,7,2782.21,0.21,19434.57,1856.34,60.88,Net Banking,3,FALSE,Delivered,4
ORD-01403,25-09-2021,CUST02694,Priya Chatterjee,19,Male,Central,Raipur,Beauty,Hair Oil,7,210.31,0.23,1468.78,600.88,67.46,UPI,5,TRUE,Returned,6
ORD-03034,05-08-2023,CUST76477,Sunita Bose,33,Female,East,Guwahati,Furniture,Chair,2,27227.5,0.27,54307.97,18467.9,69.07,Net Banking,5,FALSE,Delivered,9
ORD-03420,22-01-2024,CUST83939,Priya Bose,49,Male,Central,Indore,Sports,Tennis Racket,2,11637.71,0.03,23268.44,3894.99,49.76,EMI,4,TRUE,Returned,6
ORD-02386,29-10-2022,CUST85891,Aditya Mishra,30,Male,South,Hyderabad,Books,Self-Help Book,10,1494.95,0.38,14892.69,4806.77,81.37,Credit Card,3,TRUE,Returned,6
ORD-00379,06-10-2020,CUST57932,Rohan Bhat,24,Male,Central,Bhopal,Clothing,Jeans,2,1835.19,0.03,3669.28,1812.7,37.12,EMI,5,FALSE,Delivered,2
ORD-00734,12-01-2020,CUST76439,Aarav Mishra,25,Other,Central,Indore,Clothing,Dress,2,3263.53,0.28,6508.78,1284.73,57.51,Net Banking,2,FALSE,Delivered,10
ORD-01911,24-04-2022,CUST11183,Aditya Patel,19,Female,East,Kolkata,Books,Fiction Novel,5,610.98,0.16,3050.01,1422.56,53.99,Cash on Delivery,4,FALSE,Delivered,4
ORD-02647,18-02-2023,CUST98321,Ananya Shah,30,Male,North,Delhi,Books,Cook Book,4,1488.05,0.16,5942.68,1895.88,33.95,Debit Card,3,TRUE,Returned,9
ORD-00664,28-10-2020,CUST76842,Shreya Gupta,47,Female,South,Hyderabad,Books,Textbook,8,513.63,0.17,4102.05,1009.57,48.54,Cash on Delivery,4,FALSE,Delivered,1
ORD-00346,28-05-2020,CUST21580,Pooja Bhat,35,Other,East,Kolkata,Groceries,Sugar,9,213.6,0.32,1916.25,193.99,101.52,Net Banking,4,FALSE,Cancelled,4
ORD-03434,29-01-2024,CUST36372,Vikram Gupta,26,Other,North,Amritsar,Beauty,Sunscreen,4,1120.04,0,4480.16,1051.2,70.2,Credit Card,5,FALSE,Delivered,6
ORD-02070,07-02-2022,CUST88932,Aditya Pillai,42,Female,North,Ludhiana,Electronics,Headphones,5,14814.19,0.2,73922.81,11127.91,56.42,Debit Card,3,FALSE,Pending,1
ORD-00495,08-05-2020,CUST95892,Vikram Gupta,40,Other,East,Guwahati,Groceries,Rice (5Kg),4,57.97,0.1,231.65,16.67,74.15,Net Banking,3,FALSE,Delivered,9
ORD-01008,04-01-2021,CUST58835,Meera Iyer,45,Male,Central,Bhopal,Groceries,Flour,2,438.16,0.25,874.13,70.3,76.82,Debit Card,5,FALSE,Delivered,2
ORD-01435,10-08-2021,CUST41321,Ritu Bhat,23,Male,North,Chandigarh,Groceries,Cooking Oil,5,312.3,0.12,1559.63,110.96,25.67,Cash on Delivery,3,FALSE,Delivered,8
ORD-03713,07-06-2024,CUST56250,Shreya Shah,26,Female,South,Bangalore,Clothing,T-Shirt,8,3182.92,0.17,25420.07,17485.08,81.77,UPI,5,FALSE,Delivered,9
ORD-02022,06-10-2022,CUST15844,Rohan Verma,39,Female,East,Guwahati,Clothing,Kurta,3,1256.16,0.05,3766.6,2331.26,90.36,EMI,5,FALSE,Delivered,9
ORD-00219,04-05-2020,CUST81881,Sanjay Mishra,34,Male,Central,Indore,Beauty,Face Cream,9,1356.81,0.01,12210.07,5273.14,76.63,Credit Card,3,FALSE,Delivered,4
ORD-00138,24-02-2020,CUST54691,Priya Shah,27,Female,East,Patna,Beauty,Sunscreen,3,1655.54,0.25,4954.2,1777.23,81.69,UPI,3,FALSE,Delivered,5
ORD-02813,05-04-2023,CUST45426,Arjun Patel,20,Other,South,Kochi,Beauty,Lipstick,6,2373.35,0.3,14197.38,8565.14,54.97,Cash on Delivery,3,FALSE,Delivered,3
ORD-02397,11-02-2022,CUST53890,Kavya Kapoor,46,Other,North,Chandigarh,Clothing,Dress,3,1457.48,0.04,4370.69,1139.23,47.06,Credit Card,5,FALSE,Delivered,10
ORD-00617,10-03-2020,CUST56731,Rohan Bhat,52,Female,South,Bangalore,Electronics,Smartwatch,4,72305.61,0.03,289135.67,28168.08,54.29,Debit Card,4,TRUE,Returned,10
ORD-00973,20-03-2021,CUST18672,Rahul Rao,12,Other,West,Mumbai,Beauty,Hair Oil,3,956.76,0.28,2862.24,1153.68,89.77,Credit Card,3,FALSE,Delivered,9
ORD-03961,04-09-2024,CUST41469,Ananya Singh,28,Male,West,Mumbai,Electronics,Smartphone,3,57941.59,0.17,173529.27,27362.05,70.62,Credit Card,2,TRUE,Returned,5
ORD-04195,28-12-2024,CUST13220,Ritu Gupta,36,Other,East,Bhubaneswar,Furniture,Desk,9,21875.15,0.01,196856.66,51700.42,87.08,Credit Card,4,FALSE,Delivered,10
ORD-03605,19-04-2024,CUST13355,Aarav Rao,31,Other,West,Surat,Electronics,Headphones,5,48881.01,0.29,243696.28,14499.23,74.54,UPI,4,FALSE,Shipped,2
ORD-01381,15-09-2021,CUST67856,Ananya Shah,46,Other,East,Bhubaneswar,Books,Comic Book,1,1391.59,0.04,1391.03,496.68,84.05,Net Banking,4,FALSE,Shipped,5
ORD-02719,25-03-2023,CUST07357,Meera Nair,24,Female,West,Surat,Furniture,Bed Frame,6,16778.26,0.34,100327.28,20899.58,68.68,UPI,3,FALSE,Delivered,9
ORD-00779,19-12-2020,CUST99814,Sunita Reddy,51,Female,North,Amritsar,Electronics,Camera,9,59205.69,0.29,531305.94,26659.17,68.68,Debit Card,4,FALSE,Delivered,8
ORD-02925,19-06-2023,CUST97817,Ritu Mishra,20,Other,East,Patna,Electronics,Smartphone,10,54102.6,0.36,539078.31,62065.82,73.13,Debit Card,3,FALSE,Delivered,7
ORD-04101,16-11-2024,CUST53114,Kavya Bose,35,Female,West,Pune,Electronics,Headphones,3,36271.47,0.08,108727.36,8562.92,64.31,Credit Card,2,TRUE,Returned,10
ORD-03749,21-06-2024,CUST71536,Amit Bose,49,Male,North,Ludhiana,Books,Fiction Novel,6,587.3,0.23,3515.7,1923.83,52.24,Net Banking,5,FALSE,Delivered,5
ORD-01544,23-11-2021,CUST03481,Rahul Mishra,23,Male,South,Chennai,Furniture,Bed Frame,7,32709.32,0.15,228621.79,40170.16,86.06,Cash on Delivery,2,FALSE,Delivered,1
ORD-01040,17-04-2021,CUST99976,Meera Kumar,20,Other,Central,Indore,Groceries,Dal (1Kg),7,228.64,0.17,1597.76,99.2,68.16,Net Banking,1,FALSE,Delivered,8
ORD-01527,17-11-2021,CUST25719,Nikhil Chatterjee,42,Other,North,Ludhiana,Groceries,Tea,3,308.05,0.19,922.39,41.25,45.78,Cash on Delivery,3,FALSE,Delivered,2
ORD-00164,03-12-2020,CUST97663,Aarav Singh,34,Male,North,Ludhiana,Clothing,Kurta,9,3971.91,0.18,35682.85,14702.14,47.38,Cash on Delivery,3,FALSE,Pending,4
ORD-02287,19-09-2022,CUST48005,Deepa Nair,48,Other,South,Chennai,Electronics,Headphones,7,10316.01,0.33,71973.77,6888.17,90.01,Net Banking,3,FALSE,Delivered,4
ORD-03296,25-11-2023,CUST49836,Amit Bose,32,Other,Central,Raipur,Clothing,Saree,4,2037.61,0.09,8143.1,2991.98,28.18,Cash on Delivery,1,TRUE,Returned,7
ORD-02542,01-09-2023,CUST20603,Aditya Patel,47,Other,North,Delhi,Furniture,Desk,4,16407.34,0.13,65544.04,18819.99,55.63,Cash on Delivery,3,FALSE,Delivered,7
ORD-01038,15-04-2021,CUST91204,Ananya Mishra,43,Other,East,Patna,Furniture,Chair,9,19514.51,0.2,175279.33,71953.35,87.81,Debit Card,1,TRUE,Returned,9
ORD-00886,02-04-2021,CUST50029,Rohan Mehta,27,Other,West,Mumbai,Clothing,T-Shirt,10,1064.5,0.2,10623.71,3321.3,64.42,Cash on Delivery,4,FALSE,Delivered,9
ORD-02510,25-12-2022,CUST29676,Arjun Rao,43,Other,South,Hyderabad,Beauty,Shampoo,4,1024.2,0.28,4085.33,485.53,57.96,Net Banking,2,FALSE,Delivered,9
ORD-03352,20-12-2023,CUST97209,Karan Iyer,36,Female,South,Bangalore,Sports,Cricket Bat,5,11277.04,0.03,56368.28,14946.09,96.43,EMI,2,FALSE,Shipped,8
ORD-03714,06-07-2024,CUST48600,Kavya Reddy,23,Female,East,Kolkata,Clothing,Saree,6,3566.25,0.19,21356.84,12874.37,94.51,EMI,5,FALSE,Delivered,2
ORD-00941,03-01-2021,CUST76016,Sanjay Gupta,27,Other,South,Hyderabad,Sports,Tennis Racket,1,10397.72,0.18,10379,2948.56,88.19,Net Banking,1,FALSE,Shipped,2
ORD-00669,29-10-2020,CUST66974,Aarav Sharma,34,Other,East,Guwahati,Clothing,Kurta,3,562.94,0.27,1684.26,309.8,88.97,UPI,2,TRUE,Returned,1
ORD-02173,11-08-2022,CUST84895,Vikram Mishra,37,Other,North,Amritsar,Electronics,Camera,9,54464.82,0,490183.38,89846.44,53.63,Credit Card,3,FALSE,Delivered,4
ORD-00737,12-02-2020,CUST84086,Priya Singh,21,Male,North,Amritsar,Groceries,Tea,9,335.03,0.34,3005.02,93.14,59.48,Net Banking,4,TRUE,Returned,1
ORD-02712,22-03-2023,CUST21655,Amit Reddy,29,Other,North,Chandigarh,Groceries,Sugar,8,172.53,0.22,1377.2,177.24,47.93,Credit Card,3,FALSE,Delivered,4
ORD-03079,22-08-2023,CUST74717,Ananya Bhat,24,Female,East,Patna,Sports,Cricket Bat,1,7788.48,0.16,7776.02,2560.56,67.88,EMI,4,FALSE,Shipped,3
ORD-00093,02-06-2020,CUST28742,Kavya Bhat,38,Female,East,Kolkata,Beauty,Hair Oil,3,1535.87,0.04,4605.77,1346.8,86.51,Cash on Delivery,5,TRUE,Returned,7
ORD-02847,25-05-2023,CUST62909,Aditya Bose,31,Female,West,Ahmedabad,Groceries,Flour,8,399.28,0.11,3190.73,406.96,62.93,Cash on Delivery,4,FALSE,Shipped,2
ORD-02511,25-12-2022,CUST68061,Sunita Chatterjee,34,Male,South,Hyderabad,Groceries,Rice (5Kg),7,89.81,0.34,626.53,31.2,64.12,EMI,3,FALSE,Delivered,5
ORD-01066,27-04-2021,CUST14264,Ananya Singh,35,Male,North,Delhi,Sports,Tennis Racket,6,7246.81,0.18,43402.59,9498.99,40.22,Cash on Delivery,4,FALSE,Delivered,10
ORD-03740,18-06-2024,CUST25398,Nikhil Nair,27,Other,Central,Bhopal,Groceries,Cooking Oil,5,167.05,0.13,834.16,21.3,51.15,Net Banking,5,FALSE,Delivered,10
ORD-03053,13-08-2023,CUST70734,Meera Kumar,30,Female,Central,Nagpur,Furniture,Desk,10,5902.83,0.26,58874.83,21436.01,63.39,Credit Card,3,FALSE,Delivered,7
ORD-03174,10-04-2023,CUST00106,Ananya Bhat,21,Female,Central,Indore,Books,Cook Book,9,641.84,0.2,5765.01,2471.08,20.79,Cash on Delivery,1,FALSE,Delivered,5
ORD-03942,27-08-2024,CUST76909,Arjun Bose,29,Male,South,Hyderabad,Sports,Yoga Mat,9,4499.21,0.06,40468.59,12249.26,66.59,Net Banking,2,FALSE,Delivered,4
ORD-00201,30-03-2020,CUST39806,Sanjay Bhat,27,Other,West,Mumbai,Beauty,Face Cream,4,2430.1,0.03,9717.48,5472.38,60.42,Debit Card,5,FALSE,Delivered,1
ORD-00582,17-09-2020,CUST42583,Nisha Rao,31,Other,South,Bangalore,Books,Cook Book,1,587.49,0.09,586.96,178.2,82.7,Debit Card,3,FALSE,Delivered,6
ORD-00571,09-10-2020,CUST29775,Deepa Sharma,16,Other,Central,Raipur,Books,Biography,1,565.12,0.08,564.67,249.41,49.52,UPI,4,FALSE,Delivered,4
ORD-02281,18-09-2022,CUST68153,Aditya Das,45,Female,North,Amritsar,Beauty,Perfume,9,2226.07,0.16,20002.57,7612.81,50.45,EMI,4,FALSE,Delivered,2
ORD-02777,17-04-2023,CUST15930,Rahul Bhat,33,Female,North,Chandigarh,Beauty,Face Cream,6,438.59,0.26,2624.7,1014.02,64.81,Net Banking,3,TRUE,Returned,9
ORD-01949,05-11-2022,CUST55786,Deepa Mehta,20,Female,South,Chennai,Beauty,Face Cream,6,2429.19,0.34,14525.58,8055.68,40.45,UPI,2,FALSE,Delivered,10
ORD-01516,14-11-2021,CUST58345,Nikhil Mishra,24,Other,South,Kochi,Electronics,Smartphone,7,19882.94,0.29,138776.96,8287.36,61,EMI,1,FALSE,Shipped,3
ORD-01425,10-04-2021,CUST22978,Nikhil Bhat,34,Male,North,Ludhiana,Sports,Cycle,4,13459.01,0.32,53663.76,10601.74,48.42,Credit Card,2,FALSE,Delivered,6
ORD-02846,25-05-2023,CUST56492,Ananya Gupta,35,Male,South,Kochi,Furniture,Wardrobe,10,31142.23,0.12,311048.59,133297.06,90.65,UPI,4,FALSE,Cancelled,1
ORD-00619,10-04-2020,CUST73824,Rohan Kapoor,36,Male,Central,Raipur,Furniture,Wardrobe,5,11291.76,0.4,56232.96,5332.78,40.67,Credit Card,4,FALSE,Shipped,5
ORD-02258,09-10-2022,CUST95281,Shreya Bose,34,Male,East,Kolkata,Sports,Football,6,541.85,0.04,3249.8,107.23,87.16,UPI,2,FALSE,Delivered,1
ORD-03441,02-01-2024,CUST02308,Rahul Sharma,21,Female,South,Hyderabad,Electronics,Smartwatch,6,71178.54,0.11,426601.46,50570.5,74.9,UPI,3,FALSE,Delivered,2
ORD-01690,23-01-2022,CUST13726,Sanjay Joshi,42,Other,East,Guwahati,Books,Self-Help Book,1,293.65,0.21,293.03,87.2,77.91,Credit Card,3,FALSE,Shipped,3
ORD-01139,29-05-2021,CUST11240,Deepa Iyer,37,Other,West,Pune,Clothing,Saree,5,3466.72,0.15,17307.6,8403.3,47.97,Net Banking,3,FALSE,Pending,8
ORD-02223,28-08-2022,CUST98444,Ritu Mehta,15,Male,East,Guwahati,Sports,Dumbbells,1,8591.44,0.03,8588.86,2988.26,69.66,UPI,3,FALSE,Delivered,8
ORD-01042,18-04-2021,CUST52708,Shreya Bhat,31,Female,North,Delhi,Beauty,Lipstick,7,1384.15,0.23,9666.77,4454.79,62.32,Debit Card,4,FALSE,Delivered,9
ORD-00452,18-07-2020,CUST52335,Nisha Patel,52,Male,West,Ahmedabad,Books,Textbook,4,565.17,0.05,2259.55,1227.07,78.29,Credit Card,4,FALSE,Delivered,5
ORD-00028,01-11-2020,CUST03400,Karan Mishra,23,Male,Central,Indore,Sports,Football,7,12178.99,0.01,85244.4,17076.44,51.51,UPI,5,FALSE,Cancelled,10
ORD-03478,20-02-2024,CUST86909,Amit Reddy,44,Female,Central,Nagpur,Groceries,Rice (5Kg),7,447.52,0.3,3123.24,182.91,47.41,Cash on Delivery,3,FALSE,Delivered,5
ORD-00350,30-05-2020,CUST72810,Arjun Reddy,26,Male,East,Guwahati,Clothing,Kurta,10,2738.51,0.12,27352.24,10815.02,81.19,Credit Card,5,FALSE,Delivered,4
ORD-02384,28-10-2022,CUST51225,Ananya Kumar,23,Other,West,Mumbai,Sports,Dumbbells,5,10898.37,0.05,54464.6,2224.47,82.53,Debit Card,5,FALSE,Cancelled,10
ORD-02052,23-06-2022,CUST10079,Pooja Singh,29,Male,South,Bangalore,Electronics,Smartwatch,8,48445.16,0.26,386553.62,63270.83,70.06,Cash on Delivery,5,FALSE,Delivered,8
ORD-01961,16-05-2022,CUST60023,Rohan Rao,32,Female,West,Mumbai,Sports,Dumbbells,6,1826.8,0.07,10953.13,3473.29,74.41,Credit Card,2,TRUE,Returned,6
ORD-00404,22-06-2020,CUST02130,Vikram Shah,16,Female,West,Ahmedabad,Books,Textbook,3,541.31,0.06,1622.96,731.39,56.62,Cash on Delivery,5,FALSE,Delivered,8
ORD-00742,12-03-2020,CUST42571,Meera Kumar,39,Male,West,Pune,Books,Comic Book,2,1291.54,0.29,2575.59,359.86,74.76,EMI,3,FALSE,Delivered,4
ORD-00317,19-05-2020,CUST52213,Kavya Iyer,53,Other,South,Bangalore,Groceries,Rice (5Kg),4,429.54,0.06,1717.13,148.28,61.97,Credit Card,2,TRUE,Returned,7
ORD-02982,15-07-2023,CUST81628,Rahul Shah,33,Other,West,Surat,Beauty,Perfume,10,2340.48,0.25,23346.29,16769.4,65.62,EMI,2,FALSE,Delivered,9
ORD-03440,02-01-2024,CUST60633,Priya Mehta,28,Male,East,Kolkata,Clothing,Dress,6,604.18,0.2,3617.83,661.77,84.73,Debit Card,5,FALSE,Delivered,2
ORD-00318,20-05-2020,CUST80292,Ritu Shah,20,Other,Central,Raipur,Sports,Tennis Racket,7,4673.19,0.33,32604.38,7454.48,59.8,Cash on Delivery,1,FALSE,Delivered,4
ORD-02292,21-09-2022,CUST08013,Ritu Gupta,41,Other,East,Bhubaneswar,Sports,Yoga Mat,2,8645.73,0.24,17249.96,3461.36,94.07,EMI,4,TRUE,Returned,3
ORD-04161,12-11-2024,CUST28262,Aarav Patel,22,Male,South,Chennai,Groceries,Rice (5Kg),3,55.73,0.25,166.77,9.16,67.07,Credit Card,4,TRUE,Returned,9
ORD-02099,07-12-2022,CUST13620,Amit Das,39,Male,South,Hyderabad,Beauty,Shampoo,4,1632.26,0.4,6502.92,2226.87,61.99,UPI,4,FALSE,Delivered,7
ORD-00129,19-02-2020,CUST20302,Aditya Gupta,48,Other,South,Bangalore,Clothing,Saree,8,967.73,0.36,7713.97,1596.92,73.93,Credit Card,3,TRUE,Returned,6
ORD-03339,16-12-2023,CUST29727,Amit Kumar,29,Male,South,Chennai,Furniture,Desk,9,14900.48,0.2,133836.11,31355.08,45.89,Debit Card,4,FALSE,Delivered,9
ORD-02780,18-04-2023,CUST00961,Nisha Kumar,37,Female,Central,Nagpur,Beauty,Perfume,8,899.3,0.17,7182.17,3421.59,71.55,Credit Card,2,FALSE,Delivered,3
ORD-01597,14-12-2021,CUST58607,Kavya Kumar,25,Male,Central,Indore,Beauty,Face Cream,1,2412.42,0.02,2411.94,770.96,51.08,Cash on Delivery,1,FALSE,Delivered,10
ORD-02643,17-02-2023,CUST02524,Amit Patel,50,Male,West,Pune,Sports,Cricket Bat,6,9703.74,0.16,58129.28,8966.19,50.19,EMI,1,FALSE,Delivered,7
ORD-03637,30-04-2024,CUST91185,Karan Rao,19,Other,Central,Nagpur,Beauty,Face Cream,3,2213,0.1,6632.36,4453.78,86.73,EMI,4,FALSE,Delivered,10
ORD-03586,04-09-2024,CUST91393,Meera Pillai,42,Other,North,Ludhiana,Sports,Cycle,1,7923.79,0.02,7922.21,3631.41,54.15,Cash on Delivery,3,FALSE,Shipped,5
ORD-02974,07-11-2023,CUST06333,Amit Verma,44,Other,North,Amritsar,Clothing,Jacket,6,1202.81,0.08,7211.09,2700.5,84.89,Net Banking,1,TRUE,Returned,6
ORD-03801,07-11-2024,CUST68786,Rahul Sharma,38,Other,West,Mumbai,Sports,Football,2,13574.46,0.31,27064.76,9812.3,49.47,Net Banking,3,FALSE,Delivered,7
ORD-01247,16-07-2021,CUST10958,Rahul Nair,52,Male,North,Chandigarh,Sports,Tennis Racket,9,10077.49,0.34,90389.04,16599.27,71.95,Cash on Delivery,3,FALSE,Delivered,2
ORD-00428,08-07-2020,CUST48382,Priya Kumar,47,Female,Central,Nagpur,Groceries,Flour,4,443.03,0.32,1766.45,115.6,71.82,Debit Card,4,FALSE,Shipped,2
ORD-03405,14-01-2024,CUST34808,Ritu Shah,36,Male,North,Chandigarh,Electronics,Smartwatch,1,16829.03,0.04,16822.3,2537.33,43.96,Credit Card,1,TRUE,Returned,9
ORD-03621,23-04-2024,CUST65858,Karan Nair,24,Female,East,Kolkata,Clothing,Kurta,10,3066.81,0.02,30661.97,19208.34,77.64,Net Banking,2,FALSE,Delivered,9
ORD-02736,30-03-2023,CUST35540,Kavya Reddy,26,Male,West,Ahmedabad,Clothing,Dress,8,1829.04,0.24,14597.2,6166.69,80.06,Net Banking,3,FALSE,Cancelled,4
ORD-02856,28-05-2023,CUST18697,Karan Verma,54,Female,North,Chandigarh,Furniture,Bed Frame,8,30782.92,0.11,245992.47,116445.94,61.27,EMI,3,FALSE,Delivered,2
ORD-01999,06-01-2022,CUST83431,Aditya Patel,53,Other,West,Mumbai,Beauty,Sunscreen,7,1167.86,0.15,8162.76,5022.26,56.89,Debit Card,2,FALSE,Delivered,8
ORD-02823,05-11-2023,CUST96063,Shreya Iyer,25,Other,North,Chandigarh,Electronics,Smartphone,9,6647.49,0.34,59624,8595.88,51.47,Cash on Delivery,4,FALSE,Delivered,8
ORD-00051,20-01-2020,CUST27973,Shreya Pillai,13,Male,South,Hyderabad,Beauty,Perfume,6,1952.59,0.14,11699.14,3867.94,38.17,Credit Card,1,FALSE,Shipped,8
ORD-01937,05-05-2022,CUST01091,Sunita Das,32,Male,West,Pune,Beauty,Shampoo,3,1685.48,0.05,5053.91,3034.89,79.19,Debit Card,1,FALSE,Cancelled,1
ORD-01851,30-03-2022,CUST81634,Ananya Kumar,36,Male,West,Surat,Electronics,Tablet,1,28957.64,0.33,28862.08,1514.95,63.73,Debit Card,5,FALSE,Delivered,10
ORD-03966,09-07-2024,CUST46541,Deepa Das,32,Other,East,Kolkata,Beauty,Perfume,3,1229.88,0.16,3683.74,2310.74,75.88,Credit Card,5,FALSE,Pending,4
ORD-02914,13-06-2023,CUST62247,Aditya Rao,47,Male,South,Hyderabad,Clothing,Saree,2,1474.66,0.16,2944.6,1237.15,83,Cash on Delivery,2,FALSE,Delivered,9
ORD-03096,30-08-2023,CUST81977,Sunita Verma,35,Female,East,Patna,Groceries,Dal (1Kg),9,132.91,0.37,1191.76,95.16,84.31,Cash on Delivery,1,FALSE,Delivered,4
ORD-02175,08-12-2022,CUST77531,Deepa Gupta,37,Male,South,Kochi,Beauty,Shampoo,2,2364.83,0.07,4726.35,2254.41,60.96,EMI,1,FALSE,Delivered,4
ORD-03027,08-04-2023,CUST20866,Kavya Rao,26,Female,West,Pune,Sports,Yoga Mat,10,10231.86,0.33,101980.95,17642.86,40.2,Credit Card,2,FALSE,Delivered,9
ORD-03598,14-04-2024,CUST37246,Aarav Mehta,22,Female,East,Patna,Books,Biography,1,675.6,0.09,674.99,301.26,94.17,Net Banking,5,FALSE,Shipped,5
ORD-02959,07-06-2023,CUST01768,Sunita Patel,34,Female,Central,Nagpur,Electronics,Headphones,3,69702.56,0.36,208354.89,30667.19,72.01,EMI,5,FALSE,Delivered,2
ORD-03349,20-12-2023,CUST44606,Nisha Mehta,59,Other,East,Kolkata,Beauty,Face Cream,4,1670.09,0.39,6654.31,1861.74,94.95,UPI,1,TRUE,Returned,6
ORD-03923,20-08-2024,CUST86711,Ritu Chatterjee,20,Female,West,Ahmedabad,Furniture,Bed Frame,7,14200.86,0.14,99266.85,37065.68,54.52,Debit Card,2,FALSE,Delivered,10
ORD-01417,30-09-2021,CUST32469,Aditya Das,31,Male,East,Patna,Books,Comic Book,3,751.24,0.34,2246.06,458.13,103.5,Debit Card,3,FALSE,Delivered,10
ORD-03066,18-08-2023,CUST82969,Ritu Joshi,50,Female,South,Hyderabad,Furniture,Wardrobe,7,34829.83,0.27,243150.53,87253.16,74.92,EMI,1,FALSE,Delivered,9
ORD-00432,07-09-2020,CUST05737,Karan Bose,36,Other,South,Chennai,Clothing,T-Shirt,2,2956.54,0.38,5890.61,1730.04,80.22,Debit Card,4,FALSE,Delivered,3
ORD-03073,20-08-2023,CUST40607,Amit Kapoor,29,Male,Central,Bhopal,Sports,Tennis Racket,4,5660.42,0.24,22587.34,4781.05,52.61,UPI,5,FALSE,Shipped,6
ORD-00064,23-01-2020,CUST37898,Shreya Patel,53,Female,North,Ludhiana,Clothing,Kurta,1,3054,0.03,3053.08,558.25,82.49,EMI,4,FALSE,Delivered,9
ORD-03968,09-08-2024,CUST99406,Ritu Gupta,28,Other,West,Ahmedabad,Clothing,Jeans,1,3018.11,0,3018.11,922.32,65.86,Debit Card,3,FALSE,Cancelled,3
ORD-00447,16-07-2020,CUST75670,Kavya Mehta,20,Other,East,Patna,Books,Biography,4,585.03,0.39,2330.99,656.23,105.88,Net Banking,5,FALSE,Delivered,1
ORD-00174,16-03-2020,CUST91348,Meera Reddy,35,Other,North,Chandigarh,Groceries,Flour,9,167.67,0.25,1505.26,93.59,68.23,Cash on Delivery,1,FALSE,Delivered,7
ORD-03612,21-04-2024,CUST81078,Shreya Mishra,46,Female,North,Delhi,Books,Fiction Novel,9,518.93,0.18,4661.96,2092.32,33.55,Net Banking,3,FALSE,Delivered,3
ORD-03829,23-07-2024,CUST62705,Sunita Rao,12,Other,South,Kochi,Books,Textbook,9,1016.4,0.28,9121.99,5111.04,85.13,EMI,2,FALSE,Delivered,5
ORD-00685,06-11-2020,CUST18067,Amit Mishra,34,Female,South,Hyderabad,Sports,Cricket Bat,1,1702.99,0.09,1701.46,224.4,73.43,Credit Card,5,FALSE,Delivered,4
ORD-04098,15-11-2024,CUST64023,Karan Nair,23,Male,South,Hyderabad,Furniture,Desk,9,21959.46,0.26,197121.29,28723.82,58.03,Debit Card,1,FALSE,Delivered,3
ORD-00959,03-11-2021,CUST32919,Ritu Patel,34,Female,North,Chandigarh,Electronics,Tablet,7,75319.55,0.06,526920.51,51762.81,44.32,Debit Card,4,FALSE,Delivered,3
ORD-03243,11-02-2023,CUST21449,Rahul Bose,36,Other,Central,Nagpur,Furniture,Bed Frame,6,12617.99,0.05,75670.09,19527.7,32.57,Debit Card,4,FALSE,Delivered,9
ORD-00153,03-03-2020,CUST65087,Sunita Reddy,35,Female,East,Kolkata,Books,Cook Book,1,928.19,0.29,925.5,249.77,65.35,Net Banking,5,FALSE,Cancelled,9
ORD-01408,26-09-2021,CUST69520,Sanjay Singh,31,Other,West,Mumbai,Clothing,Jacket,6,1744.18,0.2,10444.15,2737.92,72.31,Cash on Delivery,5,FALSE,Shipped,5
ORD-03874,08-07-2024,CUST96272,Meera Shah,34,Female,North,Ludhiana,Beauty,Lipstick,8,1652.49,0.27,13184.23,5014,26.94,Net Banking,1,FALSE,Delivered,2
ORD-02425,15-11-2022,CUST81941,Aditya Iyer,36,Male,North,Chandigarh,Sports,Football,4,1627.2,0.35,6486.02,894.8,32.06,EMI,4,FALSE,Delivered,1
ORD-01605,16-12-2021,CUST74310,Rohan Bhat,29,Female,West,Surat,Clothing,Dress,1,3977.51,0.3,3965.58,447.76,61.65,UPI,1,FALSE,Delivered,9
ORD-03886,08-09-2024,CUST37843,Rahul Iyer,22,Other,West,Mumbai,Books,Cook Book,10,742.8,0.27,7407.94,2273.34,49.53,Cash on Delivery,5,FALSE,Delivered,2
ORD-00508,13-08-2020,CUST12889,Priya Verma,21,Other,West,Surat,Groceries,Sugar,10,321.17,0.36,3200.14,181.47,51.28,Net Banking,5,FALSE,Delivered,1
ORD-00161,03-09-2020,CUST18225,Deepa Chatterjee,33,Male,South,Hyderabad,Books,Textbook,6,997.06,0.35,5961.42,1433.29,49.84,Cash on Delivery,3,FALSE,Delivered,4
ORD-02799,28-04-2023,CUST04344,Rahul Bose,35,Female,South,Hyderabad,Groceries,Flour,10,310.75,0.28,3098.8,220.38,68.83,EMI,3,FALSE,Delivered,7
ORD-03209,19-10-2023,CUST57413,Karan Patel,23,Female,Central,Indore,Sports,Cycle,3,13795.34,0.33,41249.45,7482.85,39.48,Credit Card,5,FALSE,Delivered,9
ORD-02760,04-10-2023,CUST27593,Nikhil Shah,49,Male,West,Pune,Sports,Cycle,3,11672.79,0.26,34927.32,10514.43,77.35,EMI,2,FALSE,Shipped,2
ORD-01910,24-04-2022,CUST00866,Nisha Joshi,18,Female,Central,Raipur,Electronics,Tablet,1,23696.79,0.36,23611.48,2981.96,18.02,EMI,4,FALSE,Delivered,9
ORD-03867,08-05-2024,CUST39793,Shreya Mishra,48,Male,South,Kochi,Electronics,Laptop,8,50411.34,0.17,402605.13,74291.94,56.86,UPI,2,FALSE,Delivered,7
ORD-00740,12-03-2020,CUST43436,Aarav Verma,36,Female,East,Bhubaneswar,Beauty,Face Cream,5,1245.93,0.14,6220.93,1585.85,84.66,Cash on Delivery,4,FALSE,Delivered,4
ORD-03403,13-01-2024,CUST49423,Ananya Rao,43,Male,North,Ludhiana,Furniture,Bed Frame,4,10877.51,0.4,43336,5507.59,72.07,Net Banking,5,FALSE,Delivered,9
ORD-03091,29-08-2023,CUST39206,Amit Mehta,32,Other,South,Kochi,Furniture,Desk,6,11929.15,0.13,71481.85,15285.49,66.85,Net Banking,5,FALSE,Cancelled,4
ORD-02040,17-06-2022,CUST10264,Ritu Bose,21,Other,North,Ludhiana,Beauty,Hair Oil,9,217.37,0.23,1951.83,949.07,51.63,EMI,2,TRUE,Returned,8
ORD-03367,29-12-2023,CUST44669,Sunita Mishra,33,Other,Central,Bhopal,Electronics,Smartphone,4,76576.24,0.36,305202.26,19680.31,60.02,Net Banking,5,FALSE,Delivered,2
ORD-00724,27-11-2020,CUST48812,Arjun Reddy,25,Other,North,Delhi,Sports,Yoga Mat,1,8581.84,0.17,8567.25,941.93,62.41,UPI,3,FALSE,Delivered,6
ORD-00841,20-01-2021,CUST59671,Vikram Bhat,28,Female,East,Bhubaneswar,Groceries,Rice (5Kg),4,246.81,0.32,984.08,41.55,95.51,Cash on Delivery,2,FALSE,Cancelled,6
ORD-02154,03-08-2022,CUST23836,Karan Rao,30,Female,West,Surat,Clothing,Saree,8,1988.03,0.22,15869.25,4000.64,66.85,Cash on Delivery,3,FALSE,Delivered,5
ORD-02230,30-08-2022,CUST49677,Vikram Rao,36,Other,East,Kolkata,Sports,Dumbbells,5,13503.49,0.07,67470.19,10338.38,81.11,Debit Card,3,FALSE,Delivered,9
ORD-00031,01-12-2020,CUST59076,Nisha Shah,34,Male,West,Mumbai,Furniture,Bed Frame,9,5472.53,0.02,49242.92,10855.26,69.37,Net Banking,2,FALSE,Delivered,3
ORD-02694,14-03-2023,CUST76215,Ananya Reddy,49,Female,North,Chandigarh,Clothing,T-Shirt,9,3251.19,0.13,29222.67,8081.15,70.98,Debit Card,2,TRUE,Returned,9
ORD-03260,11-09-2023,CUST04203,Ananya Patel,41,Female,Central,Bhopal,Beauty,Hair Oil,4,1738.78,0.07,6950.25,1693.39,61.38,Net Banking,1,TRUE,Returned,2
ORD-00624,10-06-2020,CUST07175,Kavya Joshi,44,Male,East,Kolkata,Electronics,Smartwatch,8,67654.44,0.02,541127.27,54905.07,62.12,EMI,2,FALSE,Pending,6
ORD-02814,05-04-2023,CUST78368,Nisha Iyer,31,Male,East,Bhubaneswar,Clothing,Jeans,3,3314.75,0.06,9938.28,3519.97,85.4,Debit Card,2,FALSE,Delivered,8
ORD-02201,17-08-2022,CUST38678,Karan Reddy,25,Male,West,Surat,Electronics,Headphones,4,67647.58,0.07,270400.91,36275.65,52.43,EMI,2,FALSE,Delivered,8
ORD-00209,04-01-2020,CUST38184,Amit Bhat,43,Other,North,Chandigarh,Books,Fiction Novel,2,630.66,0.15,1259.43,414.77,75.82,Cash on Delivery,3,FALSE,Delivered,6
ORD-02795,26-04-2023,CUST45978,Nikhil Iyer,26,Male,West,Mumbai,Beauty,Shampoo,8,566.96,0.36,4519.35,2029.92,60.59,Debit Card,3,FALSE,Delivered,5
ORD-00552,09-02-2020,CUST21371,Pooja Rao,34,Male,West,Mumbai,Beauty,Face Cream,2,2054.29,0.27,4097.49,1143.86,51.63,Credit Card,2,FALSE,Cancelled,10
ORD-02373,23-10-2022,CUST88880,Nisha Shah,34,Male,West,Surat,Electronics,Smartphone,6,79286.42,0.37,473958.36,33087.68,61.66,Debit Card,3,FALSE,Delivered,8
ORD-01147,30-05-2021,CUST78239,Pooja Chatterjee,36,Other,South,Hyderabad,Clothing,Jeans,6,3055.06,0.17,18299.2,8925.17,69.22,EMI,3,FALSE,Delivered,4
ORD-03780,07-03-2024,CUST38828,Shreya Bose,45,Male,Central,Raipur,Groceries,Tea,9,276.93,0.27,2485.64,275.46,47.94,UPI,3,FALSE,Delivered,6
ORD-00097,02-07-2020,CUST92061,Aditya Kumar,27,Other,South,Kochi,Beauty,Hair Oil,1,918.65,0.09,917.82,333.85,73.92,Credit Card,3,FALSE,Shipped,10
ORD-03102,09-03-2023,CUST37184,Karan Verma,25,Male,Central,Raipur,Furniture,Bed Frame,1,11522.93,0.02,11520.63,3173.42,65.43,UPI,5,FALSE,Delivered,5
ORD-03648,05-04-2024,CUST67942,Rohan Bhat,28,Male,West,Ahmedabad,Electronics,Tablet,2,32171.04,0.1,64277.74,9495.02,70.88,Debit Card,3,TRUE,Returned,7
ORD-02349,13-10-2022,CUST17978,Meera Verma,55,Other,Central,Nagpur,Electronics,Laptop,7,16843.15,0.36,117477.6,8190.65,81.28,Cash on Delivery,3,FALSE,Delivered,3
ORD-02944,30-06-2023,CUST91370,Rahul Bhat,41,Other,North,Amritsar,Sports,Dumbbells,7,4046,0.11,28290.85,9372.63,42.33,Debit Card,2,FALSE,Delivered,6
ORD-03085,25-08-2023,CUST66243,Karan Shah,31,Other,North,Ludhiana,Books,Fiction Novel,10,260.93,0.13,2605.91,1435.04,28.36,Cash on Delivery,3,FALSE,Delivered,1
ORD-03781,07-03-2024,CUST02825,Nikhil Joshi,31,Male,South,Kochi,Sports,Tennis Racket,5,4630.14,0.29,23083.56,3969.38,82.73,Debit Card,3,FALSE,Delivered,5
ORD-00116,02-12-2020,CUST51634,Sunita Bose,52,Male,East,Patna,Sports,Tennis Racket,4,5949.42,0.34,23716.77,2670.63,82.54,EMI,5,FALSE,Delivered,4
ORD-02593,02-01-2023,CUST54751,Vikram Sharma,40,Male,Central,Raipur,Beauty,Shampoo,3,2052.63,0.2,6145.57,2360.34,38.92,Cash on Delivery,5,FALSE,Delivered,8
ORD-01196,23-06-2021,CUST09212,Ritu Mishra,40,Other,East,Guwahati,Electronics,Headphones,1,40389.09,0.2,40308.31,5290.6,91.67,Cash on Delivery,5,FALSE,Pending,10
ORD-03379,31-12-2023,CUST97050,Nisha Iyer,47,Female,South,Kochi,Sports,Yoga Mat,3,2123.23,0.11,6362.68,1126.66,78.63,Net Banking,1,FALSE,Delivered,10
ORD-01829,22-03-2022,CUST59422,Vikram Das,44,Other,Central,Raipur,Beauty,Face Cream,1,2044.93,0.23,2040.23,565,44.76,UPI,2,TRUE,Returned,2
ORD-03844,29-07-2024,CUST42003,Kavya Shah,29,Female,East,Kolkata,Beauty,Lipstick,3,1864.31,0.23,5580.07,4184.16,66.81,Debit Card,2,FALSE,Cancelled,5
ORD-00374,06-08-2020,CUST62120,Pooja Pillai,21,Male,East,Guwahati,Clothing,Jacket,9,3409.51,0.33,30584.33,12568.82,97.18,UPI,3,FALSE,Cancelled,3
ORD-03261,11-09-2023,CUST80345,Pooja Verma,32,Male,South,Kochi,Electronics,Laptop,4,71997.6,0.08,287760.01,25389.57,76.9,Cash on Delivery,2,FALSE,Delivered,3
ORD-03347,18-12-2023,CUST96482,Pooja Chatterjee,36,Other,East,Kolkata,Electronics,Headphones,5,21214.09,0.05,106017.41,1927.45,99.77,Debit Card,2,FALSE,Cancelled,2
ORD-02239,09-03-2022,CUST33232,Ritu Kumar,57,Other,West,Pune,Clothing,T-Shirt,3,3199.67,0.02,9597.09,3697.29,67.55,UPI,5,FALSE,Delivered,9
ORD-00922,22-02-2021,CUST58356,Ananya Sharma,38,Other,West,Ahmedabad,Books,Textbook,4,386.28,0.3,1540.48,513.15,50.89,EMI,5,FALSE,Delivered,5
ORD-00807,01-04-2021,CUST38805,Nikhil Joshi,26,Female,West,Pune,Furniture,Desk,2,7006.2,0.24,13978.77,2133.62,67.35,UPI,2,FALSE,Delivered,7
ORD-00434,07-09-2020,CUST66878,Shreya Rao,28,Other,East,Kolkata,Books,Self-Help Book,2,472.49,0.2,943.09,475.52,89.97,Credit Card,2,FALSE,Delivered,1
ORD-03887,08-10-2024,CUST50038,Kavya Reddy,32,Male,East,Patna,Beauty,Face Cream,6,1237.08,0.08,7416.54,5178.08,78.37,EMI,3,FALSE,Delivered,10
ORD-03107,09-04-2023,CUST95163,Priya Pillai,28,Male,West,Mumbai,Furniture,Chair,6,18140.26,0.03,108808.91,6686.71,61.79,UPI,4,FALSE,Shipped,10
ORD-03010,27-07-2023,CUST41279,Amit Sharma,43,Other,South,Bangalore,Electronics,Smartwatch,4,14557.67,0.17,58131.69,9451.45,67.92,Debit Card,2,FALSE,Shipped,5
ORD-01239,13-07-2021,CUST27651,Amit Chatterjee,36,Female,West,Pune,Groceries,Rice (5Kg),4,88.17,0.18,352.05,36.13,74.3,Cash on Delivery,1,TRUE,Returned,7
ORD-01115,17-05-2021,CUST88128,Nikhil Patel,40,Other,North,Ludhiana,Sports,Cycle,4,8417.94,0.17,33614.52,7946.19,44.41,Cash on Delivery,2,TRUE,Returned,3
ORD-00015,01-05-2020,CUST32301,Arjun Bhat,41,Male,South,Kochi,Groceries,Tea,6,375.14,0.19,2246.56,89.5,54.85,Debit Card,1,FALSE,Delivered,9
ORD-03772,30-06-2024,CUST20093,Arjun Pillai,38,Female,East,Kolkata,Clothing,Jeans,1,940.26,0.15,938.85,538.04,74.32,Debit Card,5,FALSE,Delivered,4
ORD-03934,25-08-2024,CUST52420,Pooja Patel,37,Male,Central,Nagpur,Books,Textbook,4,504.03,0.09,2014.31,1074.69,58.2,EMI,5,FALSE,Delivered,1
ORD-03468,13-02-2024,CUST47776,Arjun Das,38,Female,South,Kochi,Groceries,Cooking Oil,9,121.9,0.27,1094.14,88.91,66.37,Debit Card,5,FALSE,Delivered,9
ORD-00677,11-02-2020,CUST61386,Karan Verma,40,Male,North,Amritsar,Electronics,Headphones,10,28972.39,0.33,288767.81,13703.51,50.2,EMI,3,FALSE,Delivered,8
ORD-00503,08-11-2020,CUST41086,Ananya Kumar,38,Male,South,Hyderabad,Sports,Football,10,12293.17,0.28,122587.49,22757.35,56.34,EMI,4,FALSE,Delivered,6
ORD-02456,30-11-2022,CUST02238,Shreya Kapoor,21,Male,Central,Nagpur,Electronics,Smartphone,10,46339.99,0.36,461731.66,36961.78,81.54,Cash on Delivery,3,FALSE,Delivered,9
ORD-00263,25-04-2020,CUST31785,Karan Rao,18,Female,Central,Bhopal,Electronics,Laptop,6,77507.61,0.11,464534.11,9703.67,60.01,Debit Card,1,FALSE,Delivered,5
ORD-01657,01-08-2022,CUST72051,Sunita Bhat,32,Male,West,Mumbai,Beauty,Sunscreen,2,332.8,0.24,664,235.77,47.12,Net Banking,1,FALSE,Delivered,2
ORD-03364,28-12-2023,CUST81812,Pooja Chatterjee,20,Female,North,Chandigarh,Clothing,T-Shirt,3,2696.4,0.19,8073.83,1848.17,57.33,Credit Card,5,FALSE,Delivered,10
ORD-03526,03-11-2024,CUST01333,Meera Kumar,14,Female,South,Hyderabad,Sports,Football,8,14238.38,0.39,113462.8,21335.83,73.75,UPI,3,TRUE,Returned,3
ORD-03758,24-06-2024,CUST81275,Pooja Pillai,20,Female,West,Surat,Electronics,Headphones,4,59208.95,0.03,236764.75,57546.61,86.75,Net Banking,3,FALSE,Delivered,8
ORD-01705,30-01-2022,CUST77601,Rohan Mishra,54,Other,West,Mumbai,Furniture,Wardrobe,5,15638.22,0.12,78097.27,13304.82,71.64,Credit Card,1,FALSE,Delivered,4
ORD-00050,19-01-2020,CUST20234,Rahul Patel,30,Other,South,Hyderabad,Clothing,Jacket,9,1560.64,0.03,14041.55,2702.45,71.03,Cash on Delivery,5,FALSE,Delivered,4
ORD-03151,27-09-2023,CUST28094,Meera Shah,39,Male,East,Patna,Sports,Dumbbells,5,3167.34,0.17,15809.78,2543.83,66.83,UPI,4,FALSE,Delivered,10
ORD-03880,08-09-2024,CUST49372,Rahul Rao,34,Male,East,Bhubaneswar,Beauty,Perfume,10,323.84,0.18,3232.57,1548.57,79.93,Credit Card,5,FALSE,Delivered,7
ORD-01784,03-02-2022,CUST21830,Shreya Joshi,17,Other,South,Bangalore,Sports,Tennis Racket,5,5150.64,0.37,25657.91,3851.26,75.38,UPI,4,FALSE,Pending,3
ORD-01483,27-10-2021,CUST97519,Amit Singh,15,Other,Central,Bhopal,Furniture,Wardrobe,8,31666.8,0.27,252650.4,48229.69,70.27,Net Banking,3,FALSE,Delivered,5
ORD-01746,14-02-2022,CUST09453,Arjun Gupta,30,Male,North,Delhi,Clothing,Jeans,4,3616.81,0.01,14465.79,3640.83,40.58,Debit Card,4,FALSE,Shipped,2
ORD-02669,28-02-2023,CUST70473,Nisha Gupta,34,Male,Central,Nagpur,Electronics,Tablet,8,28881.53,0.38,230174.24,14990.91,36.68,Credit Card,4,FALSE,Shipped,6
ORD-01671,17-01-2022,CUST45922,Sunita Chatterjee,44,Other,Central,Bhopal,Beauty,Lipstick,9,1064.67,0.33,9550.41,3280.89,74.79,Cash on Delivery,4,TRUE,Returned,10
ORD-00944,03-02-2021,CUST74789,Ritu Bose,32,Male,North,Delhi,Groceries,Sugar,9,172.48,0.16,1549.84,111.05,48.27,Debit Card,2,FALSE,Delivered,6
ORD-02251,09-08-2022,CUST41014,Deepa Bhat,26,Other,West,Surat,Furniture,Bed Frame,2,21391.95,0.09,42745.39,8615.36,88.4,Debit Card,2,TRUE,Returned,3
ORD-00466,24-07-2020,CUST73065,Priya Das,35,Female,Central,Nagpur,Clothing,T-Shirt,1,2855.2,0.19,2849.78,1580.35,65.12,Cash on Delivery,1,FALSE,Delivered,1
ORD-01518,15-11-2021,CUST66356,Rahul Sharma,45,Male,West,Surat,Clothing,Jacket,2,1623.15,0.33,3235.59,726.9,45.5,Credit Card,3,FALSE,Pending,2
ORD-01384,17-09-2021,CUST19005,Sanjay Bose,38,Other,East,Bhubaneswar,Clothing,T-Shirt,1,581.13,0.01,581.07,237.69,85.55,Cash on Delivery,2,FALSE,Delivered,4
ORD-00383,06-12-2020,CUST78014,Vikram Joshi,39,Male,Central,Raipur,Clothing,T-Shirt,8,2755.32,0.2,21998.47,6803.51,48.26,UPI,1,FALSE,Delivered,4
ORD-01525,17-11-2021,CUST73027,Sanjay Kapoor,28,Other,East,Guwahati,Groceries,Dal (1Kg),4,421.33,0.14,1682.96,97.18,82,Credit Card,1,FALSE,Delivered,10
ORD-02930,21-06-2023,CUST27302,Karan Verma,29,Male,West,Ahmedabad,Beauty,Shampoo,10,325.56,0.29,3246.16,1816.65,46.14,Credit Card,1,FALSE,Cancelled,3
ORD-01440,10-11-2021,CUST84528,Vikram Kapoor,36,Other,North,Amritsar,Books,Textbook,10,1279.2,0.17,12770.25,4612.59,38.62,EMI,1,FALSE,Shipped,6
ORD-03307,12-01-2023,CUST74033,Vikram Mehta,46,Male,North,Amritsar,Beauty,Shampoo,1,2427.7,0.11,2425.03,605.52,48.85,Credit Card,2,FALSE,Delivered,1
ORD-01634,29-12-2021,CUST19177,Sanjay Mehta,55,Other,North,Chandigarh,Clothing,Jacket,6,2259.04,0.36,13505.44,2777.61,41.85,Net Banking,2,FALSE,Delivered,6
ORD-00772,15-12-2020,CUST40808,Shreya Singh,50,Female,North,Chandigarh,Furniture,Sofa,1,21726.1,0.28,21665.27,2817.21,57.05,Credit Card,4,FALSE,Cancelled,7
ORD-03958,09-04-2024,CUST05507,Kavya Das,41,Other,Central,Bhopal,Sports,Dumbbells,9,796.29,0.21,7151.56,1887.36,52.86,UPI,2,FALSE,Delivered,2
ORD-01896,17-04-2022,CUST56422,Kavya Shah,23,Female,East,Kolkata,Sports,Cricket Bat,1,8106.93,0.27,8085.04,1061.19,82.98,Credit Card,3,FALSE,Delivered,4
ORD-02041,18-06-2022,CUST04308,Sanjay Singh,29,Male,East,Kolkata,Electronics,Smartwatch,8,15107.58,0.15,120679.35,21830.12,77.28,Cash on Delivery,4,FALSE,Delivered,10
ORD-00078,29-01-2020,CUST03970,Arjun Kumar,21,Other,South,Bangalore,Furniture,Chair,7,4470.73,0.09,31266.94,8417.62,45.52,Cash on Delivery,4,FALSE,Delivered,6
ORD-00758,12-10-2020,CUST74570,Vikram Patel,37,Other,Central,Nagpur,Books,Textbook,6,593.85,0.02,3562.39,1018.25,30.08,Net Banking,3,FALSE,Delivered,1
ORD-00305,05-12-2020,CUST10300,Vikram Joshi,35,Other,East,Bhubaneswar,Sports,Yoga Mat,5,6852.57,0.19,34197.75,8215.56,100.86,EMI,5,FALSE,Delivered,10
ORD-03198,15-10-2023,CUST60856,Shreya Bhat,50,Female,South,Bangalore,Clothing,Dress,4,2135.46,0.21,8523.9,368.18,84,UPI,4,FALSE,Delivered,5
ORD-01684,21-01-2022,CUST67104,Aarav Sharma,36,Other,North,Delhi,Sports,Cricket Bat,1,14530.7,0.16,14507.45,2350.09,60.97,UPI,3,TRUE,Returned,8
ORD-02637,16-02-2023,CUST01385,Nikhil Sharma,35,Male,South,Bangalore,Books,Textbook,6,893.91,0.15,5355.41,1937.64,87.48,Debit Card,4,FALSE,Shipped,4
ORD-00013,04-01-2020,CUST86980,Rahul Sharma,31,Male,East,Bhubaneswar,Groceries,Rice (5Kg),5,380.73,0.38,1896.42,63.05,69.35,UPI,5,FALSE,Shipped,4
ORD-04159,12-11-2024,CUST56892,Karan Gupta,19,Male,South,Bangalore,Electronics,Camera,10,19562.84,0.24,195158.89,22214.02,80.65,EMI,5,FALSE,Shipped,10
ORD-03080,22-08-2023,CUST34629,Aarav Singh,37,Other,Central,Nagpur,Groceries,Flour,9,460.52,0.37,4129.34,327.34,48.79,EMI,5,FALSE,Pending,7
ORD-02720,26-03-2023,CUST36373,Aarav Kapoor,52,Other,South,Kochi,Groceries,Cooking Oil,7,448.17,0.11,3133.74,212.91,34.25,EMI,5,FALSE,Delivered,2
ORD-03318,12-06-2023,CUST94948,Rohan Kapoor,40,Other,Central,Indore,Books,Fiction Novel,9,276.41,0.11,2484.95,853.77,46.35,UPI,2,FALSE,Delivered,5
ORD-02315,10-03-2022,CUST44222,Nikhil Pillai,37,Other,North,Ludhiana,Groceries,Rice (5Kg),4,385.4,0.06,1540.68,86.48,49.02,Cash on Delivery,5,FALSE,Delivered,9
ORD-00568,09-10-2020,CUST35377,Amit Reddy,49,Female,West,Ahmedabad,Furniture,Bed Frame,9,31653.11,0.37,283823.94,62381.83,74.88,Debit Card,3,FALSE,Delivered,2
ORD-00896,02-07-2021,CUST89978,Ananya Gupta,45,Female,East,Kolkata,Electronics,Smartphone,3,72774.78,0.13,218040.52,15904.32,90.91,UPI,5,FALSE,Delivered,6
ORD-00003,01-01-2020,CUST37770,Aditya Singh,11,Female,West,Mumbai,Beauty,Face Cream,9,245.9,0.24,2207.79,560.95,45.22,Net Banking,1,TRUE,Returned,5
ORD-02261,09-11-2022,CUST28968,Ananya Mehta,25,Male,West,Ahmedabad,Electronics,Camera,5,48089.2,0.19,239989.15,16926,96.45,Debit Card,4,FALSE,Delivered,9
ORD-04151,12-07-2024,CUST43686,Nikhil Singh,23,Other,North,Delhi,Groceries,Rice (5Kg),4,471.4,0.3,1879.94,70.68,52.55,EMI,4,FALSE,Delivered,9
ORD-01430,07-10-2021,CUST37845,Nisha Sharma,25,Other,East,Patna,Books,Fiction Novel,2,986.99,0.37,1966.68,405.51,79.62,Debit Card,2,TRUE,Returned,4
ORD-02884,06-03-2023,CUST30359,Nisha Patel,33,Female,West,Pune,Books,Textbook,1,1090.31,0.26,1087.48,613.99,61.28,Net Banking,3,FALSE,Delivered,9
ORD-00529,22-08-2020,CUST06871,Arjun Sharma,27,Female,South,Chennai,Sports,Football,7,9110.75,0.25,63615.81,10019.9,90.53,Credit Card,2,FALSE,Delivered,7
ORD-01422,10-02-2021,CUST97273,Aarav Gupta,37,Other,North,Amritsar,Sports,Cricket Bat,10,12010.26,0.36,119670.23,13038.75,77.19,UPI,1,FALSE,Delivered,10
ORD-00894,02-05-2021,CUST78346,Aarav Gupta,47,Male,East,Patna,Books,Self-Help Book,10,1043.44,0.34,10398.92,2186.2,79.99,Debit Card,2,FALSE,Delivered,6
ORD-01172,06-09-2021,CUST46531,Karan Das,33,Female,South,Kochi,Furniture,Bookshelf,3,33795.77,0.35,101032.45,32809.37,71.57,UPI,5,FALSE,Delivered,9
ORD-03633,28-04-2024,CUST94304,Amit Reddy,35,Other,Central,Raipur,Books,Self-Help Book,9,499.65,0.02,4495.95,2521.34,39.04,Credit Card,2,FALSE,Delivered,2
ORD-00144,27-02-2020,CUST57714,Shreya Kumar,37,Female,South,Chennai,Furniture,Chair,5,32167.65,0.2,160516.57,39811.27,58.32,Cash on Delivery,5,FALSE,Delivered,6
ORD-02970,07-09-2023,CUST03472,Meera Patel,35,Female,South,Bangalore,Books,Self-Help Book,7,900.55,0.37,6280.53,1538.11,67.3,Net Banking,5,FALSE,Delivered,3
ORD-01114,17-05-2021,CUST93051,Meera Bhat,34,Female,North,Delhi,Electronics,Camera,7,46170.24,0.37,321995.87,33391.1,40.35,Net Banking,5,FALSE,Delivered,2
ORD-01499,11-03-2021,CUST56836,Meera Singh,14,Male,Central,Bhopal,Beauty,Sunscreen,4,2378.57,0.06,9508.57,4079.28,68.11,EMI,4,FALSE,Delivered,7
ORD-03800,07-10-2024,CUST91283,Ananya Verma,27,Female,South,Hyderabad,Sports,Yoga Mat,10,9793.3,0.26,97678.37,21064.94,62.81,Cash on Delivery,2,FALSE,Delivered,9
ORD-02646,17-02-2023,CUST26372,Pooja Pillai,25,Male,East,Kolkata,Books,Cook Book,8,935.46,0.12,7474.7,3099.56,73.18,Cash on Delivery,3,FALSE,Cancelled,8
ORD-02453,29-11-2022,CUST60217,Vikram Gupta,50,Male,East,Patna,Furniture,Chair,9,23692.77,0.01,213213.61,55495.95,85.76,Cash on Delivery,3,FALSE,Delivered,3
ORD-03331,12-12-2023,CUST97882,Aarav Singh,12,Other,West,Mumbai,Electronics,Smartwatch,5,67132.79,0.13,335227.59,31688.42,67.6,Cash on Delivery,5,FALSE,Delivered,3
ORD-03250,11-04-2023,CUST90626,Aarav Joshi,42,Female,North,Ludhiana,Electronics,Laptop,10,33487.31,0.11,334504.74,34449.13,64.65,EMI,3,FALSE,Delivered,9
ORD-01808,11-03-2022,CUST91944,Priya Kumar,34,Other,North,Delhi,Electronics,Laptop,7,51313.1,0.04,359048.02,48251.12,70.93,Credit Card,5,FALSE,Delivered,1
ORD-03557,26-03-2024,CUST80826,Pooja Chatterjee,48,Female,Central,Nagpur,Sports,Dumbbells,4,1266.64,0.09,5062,754.21,67.58,Net Banking,3,FALSE,Delivered,3
ORD-01952,13-05-2022,CUST78875,Nikhil Mishra,44,Male,East,Patna,Groceries,Cooking Oil,3,284.88,0.26,852.42,50.93,105.48,UPI,3,TRUE,Returned,10
ORD-03988,15-09-2024,CUST06985,Kavya Joshi,39,Male,South,Bangalore,Sports,Dumbbells,2,10400.51,0.39,20719.9,3945.31,79.88,EMI,2,FALSE,Delivered,5
ORD-00777,18-12-2020,CUST52222,Arjun Sharma,38,Female,North,Chandigarh,Sports,Yoga Mat,3,3464.74,0.22,10371.35,757.08,50.42,Net Banking,3,FALSE,Delivered,7
ORD-02091,07-09-2022,CUST74431,Nikhil Chatterjee,44,Female,South,Kochi,Electronics,Smartwatch,4,6126.05,0.17,24462.54,3172.94,65.78,EMI,4,FALSE,Delivered,10
ORD-01534,19-11-2021,CUST28621,Amit Kumar,44,Male,North,Amritsar,Electronics,Laptop,7,37336.98,0.14,260992.96,22951.1,40.45,EMI,2,FALSE,Delivered,2
ORD-01857,04-01-2022,CUST08818,Rahul Shah,35,Other,Central,Indore,Groceries,Sugar,3,303.99,0.4,908.32,43.2,35.74,Debit Card,3,FALSE,Delivered,5
ORD-01342,26-08-2021,CUST97259,Aarav Chatterjee,18,Other,North,Ludhiana,Groceries,Cooking Oil,7,438.39,0.11,3065.35,234.24,28.61,Credit Card,4,FALSE,Shipped,3
ORD-00718,24-11-2020,CUST87168,Pooja Bhat,32,Female,West,Ahmedabad,Groceries,Rice (5Kg),6,79.33,0.21,474.98,23.07,33.12,Net Banking,1,FALSE,Delivered,2
ORD-00732,12-01-2020,CUST50773,Pooja Nair,38,Other,North,Ludhiana,Furniture,Bed Frame,10,19507.14,0.23,194622.74,29631.5,47.48,Debit Card,2,TRUE,Returned,2
ORD-01041,17-04-2021,CUST54549,Shreya Bose,26,Other,South,Hyderabad,Groceries,Rice (5Kg),7,481.39,0.2,3362.99,361.25,82.25,Net Banking,1,FALSE,Delivered,7
ORD-03263,11-10-2023,CUST94911,Rohan Gupta,23,Other,North,Chandigarh,Furniture,Wardrobe,7,31424.24,0.31,219287.77,46085.23,53.66,Debit Card,5,FALSE,Delivered,8
ORD-01119,19-05-2021,CUST96816,Nisha Mehta,30,Male,Central,Bhopal,Furniture,Wardrobe,4,3717.76,0.18,14844.27,4463.9,8.31,EMI,2,FALSE,Cancelled,9
ORD-01552,28-11-2021,CUST17708,Sunita Iyer,26,Female,East,Patna,Books,Textbook,6,730.36,0.27,4370.33,1034.91,94.11,Cash on Delivery,3,FALSE,Delivered,8
ORD-00087,02-04-2020,CUST92405,Aditya Nair,19,Female,South,Hyderabad,Furniture,Desk,9,31457.07,0.1,282830.52,52175.19,103.27,Cash on Delivery,3,FALSE,Delivered,6
ORD-01058,24-04-2021,CUST42637,Priya Kumar,21,Female,Central,Nagpur,Clothing,Kurta,9,905.46,0.26,8127.95,2985.32,40.75,Net Banking,3,TRUE,Returned,2
ORD-00820,01-10-2021,CUST00304,Vikram Gupta,36,Male,West,Mumbai,Clothing,T-Shirt,1,3433.94,0.3,3423.64,609.25,67.74,EMI,3,FALSE,Delivered,1
ORD-03578,04-04-2024,CUST61770,Aditya Iyer,17,Other,East,Guwahati,Furniture,Bed Frame,5,7466.4,0.13,37283.47,2505.04,73.71,Cash on Delivery,2,TRUE,Returned,10
ORD-01248,16-07-2021,CUST02073,Karan Nair,28,Other,West,Surat,Clothing,Dress,3,1871.08,0.03,5611.56,2716.63,65.48,Cash on Delivery,1,FALSE,Delivered,7
ORD-00659,22-10-2020,CUST20907,Nikhil Nair,21,Male,East,Kolkata,Electronics,Smartphone,7,53035.2,0.26,370281.16,26192.61,82.3,UPI,1,TRUE,Returned,6
ORD-00866,30-01-2021,CUST71222,Pooja Das,59,Male,Central,Bhopal,Electronics,Tablet,3,69155.55,0.25,206947.98,11911.08,54.42,EMI,3,FALSE,Delivered,9
ORD-02674,03-02-2023,CUST43411,Ritu Shah,27,Male,North,Delhi,Beauty,Hair Oil,2,920.67,0.24,1836.92,918.21,61.3,Credit Card,4,FALSE,Delivered,3
ORD-01520,15-11-2021,CUST85696,Kavya Mishra,39,Female,Central,Indore,Groceries,Rice (5Kg),2,260.24,0.22,519.33,24.47,73.44,UPI,5,FALSE,Delivered,2
ORD-00479,31-07-2020,CUST08721,Priya Joshi,28,Female,West,Ahmedabad,Clothing,Jacket,8,3369.18,0.05,26939.96,10760.08,65.1,UPI,3,FALSE,Delivered,10
ORD-03969,09-08-2024,CUST60604,Shreya Mehta,25,Female,South,Bangalore,Groceries,Sugar,3,449.53,0.2,1345.89,70.52,77.45,UPI,4,FALSE,Pending,10
ORD-01869,04-04-2022,CUST89646,Rohan Shah,45,Other,East,Kolkata,Sports,Football,3,1955.47,0.16,5857.02,1430,93.12,Cash on Delivery,3,FALSE,Shipped,3
ORD-03181,10-07-2023,CUST05659,Priya Kumar,22,Male,North,Ludhiana,Groceries,Tea,2,216.82,0.28,432.43,22.97,53.52,Net Banking,5,TRUE,Returned,4
ORD-00572,09-12-2020,CUST64941,Amit Nair,46,Other,North,Ludhiana,Sports,Yoga Mat,2,7907.75,0.23,15779.12,2439.26,30.79,UPI,4,FALSE,Pending,10
ORD-00095,06-02-2020,CUST17595,Ritu Iyer,30,Male,Central,Nagpur,Beauty,Face Cream,5,1398.56,0.11,6985.11,2371.83,41.33,Cash on Delivery,1,FALSE,Delivered,2
ORD-00386,13-06-2020,CUST61530,Rohan Nair,18,Female,South,Hyderabad,Groceries,Sugar,9,264.6,0.39,2372.11,107.92,70.83,Debit Card,5,FALSE,Delivered,1
ORD-01321,16-08-2021,CUST60359,Kavya Gupta,42,Female,Central,Bhopal,Books,Self-Help Book,3,886.35,0.25,2652.4,1205.89,51.22,EMI,1,FALSE,Delivered,6
ORD-03432,26-01-2024,CUST93500,Kavya Gupta,35,Male,West,Ahmedabad,Books,Textbook,6,589.56,0.33,3525.69,728.31,73.88,Cash on Delivery,2,TRUE,Returned,3
ORD-01995,30-05-2022,CUST56565,Sunita Joshi,25,Male,East,Bhubaneswar,Groceries,Tea,9,363.51,0.23,3264.07,307.15,84.69,Cash on Delivery,4,TRUE,Returned,7
ORD-02537,06-01-2023,CUST57903,Aditya Shah,22,Female,North,Delhi,Groceries,Flour,6,303.67,0.05,1821.11,129.1,66.2,Net Banking,1,FALSE,Pending,7
ORD-01383,16-09-2021,CUST61824,Priya Sharma,52,Female,West,Surat,Furniture,Bed Frame,9,28138.72,0,253248.48,58224.65,61.16,Debit Card,4,FALSE,Delivered,1
ORD-00969,17-03-2021,CUST73466,Shreya Shah,17,Other,East,Guwahati,Electronics,Camera,3,53597.73,0.22,160439.44,17435,77.63,UPI,2,FALSE,Delivered,8
ORD-01382,16-09-2021,CUST87197,Rohan Kumar,41,Male,North,Amritsar,Sports,Cycle,6,3598.68,0.09,21572.65,6008.67,56.7,Net Banking,2,FALSE,Delivered,8
ORD-00927,23-02-2021,CUST72964,Sunita Shah,33,Female,East,Kolkata,Clothing,Dress,4,3257.05,0.24,12996.93,3580.22,80.55,Cash on Delivery,3,FALSE,Delivered,6
ORD-01607,18-12-2021,CUST44100,Deepa Mehta,66,Other,North,Ludhiana,Books,Biography,5,199.85,0.07,998.55,277.4,37.23,Credit Card,3,FALSE,Delivered,2
ORD-01983,26-05-2022,CUST55032,Meera Nair,26,Other,Central,Nagpur,Sports,Dumbbells,3,6064.09,0.03,18186.81,6641.4,55.09,Credit Card,2,FALSE,Delivered,6
ORD-01533,19-11-2021,CUST14357,Deepa Chatterjee,33,Other,East,Patna,Clothing,Dress,8,1386.86,0.03,11091.55,2698.05,71.34,EMI,4,FALSE,Delivered,9
ORD-00790,26-12-2020,CUST03149,Vikram Mehta,36,Male,South,Chennai,Groceries,Tea,8,312.61,0.29,2493.63,78.9,88.49,Net Banking,4,FALSE,Delivered,9
ORD-03428,25-01-2024,CUST34376,Ritu Reddy,13,Male,East,Patna,Books,Biography,2,1074.9,0.35,2142.28,228.05,68.34,Debit Card,2,FALSE,Delivered,9
ORD-02988,18-07-2023,CUST14176,Kavya Reddy,27,Male,Central,Indore,Electronics,Smartwatch,2,30216.69,0.16,60336.69,9624.53,80.07,EMI,2,FALSE,Shipped,5
ORD-01713,02-01-2022,CUST87459,Sanjay Das,22,Male,South,Chennai,Clothing,T-Shirt,9,766.29,0.28,6877.3,1599.31,46.79,UPI,1,FALSE,Delivered,7
ORD-02220,26-08-2022,CUST94861,Nikhil Patel,63,Female,West,Ahmedabad,Sports,Tennis Racket,1,9516.54,0.07,9509.88,2275.4,75.61,Debit Card,4,FALSE,Shipped,4
ORD-04056,25-10-2024,CUST85837,Rohan Bhat,37,Female,North,Amritsar,Clothing,T-Shirt,3,1187.4,0.35,3549.73,1166.88,39.79,Cash on Delivery,5,FALSE,Delivered,7
ORD-03871,08-06-2024,CUST30080,Nisha Rao,40,Male,South,Hyderabad,Furniture,Sofa,8,29325.03,0.33,233826.06,54334.41,57.12,Cash on Delivery,5,FALSE,Delivered,2
ORD-02903,06-08-2023,CUST35531,Meera Iyer,39,Female,Central,Nagpur,Clothing,Jacket,7,983.45,0.03,6882.08,3889.86,67.48,Debit Card,4,TRUE,Returned,10
ORD-02065,30-06-2022,CUST70033,Nisha Sharma,31,Male,East,Guwahati,Beauty,Lipstick,3,1275.56,0.37,3812.52,1461.23,99.3,Cash on Delivery,5,FALSE,Delivered,2
ORD-03223,26-10-2023,CUST08748,Amit Sharma,44,Male,Central,Nagpur,Books,Fiction Novel,2,357.54,0.39,712.29,210.08,68.6,Net Banking,4,FALSE,Delivered,2
ORD-02837,19-05-2023,CUST35159,Deepa Rao,55,Female,North,Chandigarh,Electronics,Smartphone,6,25313.99,0.27,151473.85,4402.14,51.93,Debit Card,4,FALSE,Delivered,6
ORD-02611,02-07-2023,CUST82751,Vikram Verma,24,Female,North,Ludhiana,Books,Comic Book,9,1219.11,0.09,10962.12,4663.69,73.88,Debit Card,1,FALSE,Delivered,9
ORD-00288,05-07-2020,CUST56916,Shreya Mishra,38,Male,West,Mumbai,Books,Cook Book,2,713.5,0.03,1426.57,867.87,54.38,Debit Card,3,FALSE,Delivered,3
ORD-00962,13-03-2021,CUST30724,Amit Sharma,51,Female,North,Delhi,Groceries,Sugar,5,432.25,0.01,2161.03,177.78,37.05,EMI,2,FALSE,Delivered,10
ORD-00911,02-11-2021,CUST78268,Shreya Sharma,21,Female,East,Guwahati,Sports,Football,6,9644.78,0.12,57799.24,12558.1,95.75,Debit Card,3,FALSE,Shipped,9
ORD-02833,18-05-2023,CUST95416,Rahul Singh,51,Male,North,Chandigarh,Books,Textbook,6,473,0.16,2833.46,1153.73,55.81,Credit Card,1,TRUE,Returned,4
ORD-00691,11-09-2020,CUST03760,Shreya Bose,36,Male,South,Hyderabad,Clothing,Saree,9,1818.25,0.15,16339.7,4513.75,74.96,EMI,4,FALSE,Delivered,4
ORD-02089,07-09-2022,CUST77763,Shreya Nair,25,Male,North,Ludhiana,Furniture,Bed Frame,6,28297.1,0.3,169273.25,41267.82,77.25,Credit Card,1,FALSE,Delivered,3
ORD-03147,26-09-2023,CUST30274,Shreya Bhat,29,Other,South,Bangalore,Sports,Football,1,12275.23,0.09,12264.18,2949.77,58.94,Debit Card,3,TRUE,Returned,6
ORD-02100,13-07-2022,CUST74233,Nisha Chatterjee,28,Other,Central,Raipur,Groceries,Rice (5Kg),2,116.27,0.28,231.89,20.5,46.11,Cash on Delivery,2,FALSE,Pending,9
ORD-02626,14-02-2023,CUST69406,Sunita Iyer,47,Other,North,Chandigarh,Electronics,Smartwatch,10,19057.82,0.26,190082.7,19803.29,66.52,Net Banking,1,TRUE,Returned,10
ORD-02131,24-07-2022,CUST50804,Nisha Bose,22,Female,Central,Bhopal,Groceries,Dal (1Kg),9,422.02,0.37,3784.13,264.5,83.86,Net Banking,3,TRUE,Returned,4
ORD-02079,07-06-2022,CUST04011,Ananya Mehta,42,Male,South,Kochi,Clothing,T-Shirt,8,946.16,0.31,7545.82,3065.47,76.81,UPI,2,FALSE,Delivered,8
ORD-03669,14-05-2024,CUST16468,Arjun Sharma,48,Male,Central,Bhopal,Clothing,Dress,6,483.3,0.35,2889.65,1071.72,37.23,Credit Card,3,FALSE,Delivered,2
ORD-02750,04-05-2023,CUST50334,Priya Singh,19,Male,West,Ahmedabad,Clothing,Kurta,2,3794.57,0.05,7585.35,3916.81,23.37,EMI,5,FALSE,Delivered,3
ORD-03909,16-08-2024,CUST57051,Pooja Chatterjee,31,Male,North,Ludhiana,Beauty,Face Cream,2,1235.59,0.05,2469.94,1780.2,44.87,Credit Card,1,FALSE,Delivered,5
ORD-00858,26-01-2021,CUST72879,Aditya Pillai,27,Male,Central,Bhopal,Sports,Dumbbells,7,14159.23,0.18,98936.2,15098.91,65.26,EMI,5,FALSE,Shipped,1
ORD-00655,21-10-2020,CUST05466,Karan Kapoor,36,Female,West,Ahmedabad,Furniture,Bed Frame,8,32918.63,0.14,262980.35,70073.18,49.07,Credit Card,3,FALSE,Delivered,1
ORD-02447,28-11-2022,CUST28654,Ananya Singh,34,Other,North,Amritsar,Groceries,Tea,3,394.51,0.05,1182.94,56.54,50.11,UPI,2,FALSE,Shipped,7
ORD-03981,09-12-2024,CUST77329,Sanjay Mehta,34,Female,Central,Indore,Groceries,Rice (5Kg),8,383.85,0.39,3058.82,155.62,57.65,Cash on Delivery,1,FALSE,Delivered,10
ORD-03668,13-05-2024,CUST73443,Vikram Pillai,21,Female,East,Patna,Furniture,Wardrobe,6,17147.62,0.11,102772.55,41080.8,87.27,Credit Card,1,FALSE,Delivered,4
ORD-00312,16-05-2020,CUST15821,Karan Kumar,39,Female,North,Amritsar,Clothing,Kurta,1,507.78,0.16,506.97,186.17,30.01,Cash on Delivery,1,FALSE,Delivered,10
ORD-02446,28-11-2022,CUST10062,Sanjay Bhat,65,Female,North,Delhi,Beauty,Lipstick,3,2301.12,0.01,6902.67,3374.68,44.75,Debit Card,3,FALSE,Delivered,9
ORD-01508,11-08-2021,CUST17295,Sanjay Sharma,36,Male,South,Kochi,Clothing,Jacket,8,371.01,0.05,2966.6,677.75,90.52,Debit Card,3,FALSE,Delivered,4
ORD-02907,06-10-2023,CUST44256,Sanjay Iyer,46,Male,West,Ahmedabad,Electronics,Headphones,9,31196.73,0.12,280433.65,38060.11,59.85,UPI,1,FALSE,Delivered,1
ORD-01624,26-12-2021,CUST88996,Nisha Singh,17,Male,West,Mumbai,Beauty,Shampoo,1,2178.97,0.2,2174.61,779.45,65.86,Debit Card,2,TRUE,Returned,9
ORD-00260,24-04-2020,CUST61424,Ananya Gupta,33,Other,East,Bhubaneswar,Furniture,Bed Frame,5,26679.1,0.14,133208.75,34943.36,84.72,Cash on Delivery,4,FALSE,Shipped,6
ORD-03119,09-09-2023,CUST59443,Karan Bose,42,Female,North,Amritsar,Furniture,Bed Frame,5,12592.51,0.28,62786.25,19148.11,45.88,UPI,1,TRUE,Returned,5
ORD-00420,07-05-2020,CUST53531,Kavya Patel,30,Female,Central,Bhopal,Electronics,Laptop,3,65806.63,0.38,196669.69,17001.53,32.06,EMI,2,FALSE,Delivered,10
ORD-02767,13-04-2023,CUST75550,Deepa Rao,53,Other,South,Bangalore,Groceries,Cooking Oil,5,185.61,0.27,925.54,69.04,58.1,EMI,5,FALSE,Delivered,2
ORD-00377,06-09-2020,CUST66402,Sunita Rao,33,Other,Central,Raipur,Books,Self-Help Book,3,575.95,0,1727.85,792.19,70.41,Cash on Delivery,3,FALSE,Delivered,9
ORD-00456,20-07-2020,CUST76466,Nikhil Singh,56,Female,Central,Raipur,Groceries,Rice (5Kg),8,353.32,0.31,2817.8,174.59,72.56,Net Banking,3,FALSE,Shipped,5
ORD-03233,30-10-2023,CUST27413,Amit Gupta,23,Female,South,Hyderabad,Clothing,Jacket,8,1084.06,0.19,8656,2636.93,74.71,EMI,5,FALSE,Cancelled,3
ORD-02244,09-06-2022,CUST41690,Sanjay Joshi,37,Other,Central,Raipur,Groceries,Tea,10,133.2,0.32,1327.74,100.19,64.48,EMI,3,FALSE,Delivered,8
ORD-01182,15-06-2021,CUST88678,Deepa Sharma,40,Female,West,Pune,Electronics,Smartphone,9,72408.18,0.22,650239.94,103509.24,41.95,Debit Card,5,FALSE,Delivered,3
ORD-01343,26-08-2021,CUST26367,Vikram Bose,55,Female,East,Bhubaneswar,Sports,Tennis Racket,4,14419.59,0.34,57482.25,11862.97,63.9,UPI,2,FALSE,Delivered,4
ORD-01071,29-04-2021,CUST61699,Rahul Verma,31,Male,Central,Raipur,Furniture,Wardrobe,1,2601.51,0.02,2600.99,856.37,47.41,Net Banking,2,TRUE,Returned,9
ORD-00102,02-08-2020,CUST59146,Nikhil Kapoor,39,Other,East,Kolkata,Groceries,Cooking Oil,4,151.09,0.02,604.24,42.51,80.21,Debit Card,2,FALSE,Delivered,10
ORD-00755,12-08-2020,CUST00745,Ananya Mehta,40,Male,East,Kolkata,Electronics,Camera,9,71873.78,0,646864.02,59316.97,91.31,Credit Card,5,FALSE,Delivered,7
ORD-04058,26-10-2024,CUST87657,Arjun Bhat,27,Male,West,Pune,Beauty,Shampoo,6,2486.23,0.11,14900.97,6763.76,65.88,Cash on Delivery,4,TRUE,Returned,8
ORD-00795,28-12-2020,CUST00853,Pooja Chatterjee,52,Other,Central,Raipur,Groceries,Cooking Oil,7,103.75,0.32,723.93,34.77,67.07,Debit Card,5,FALSE,Delivered,4
ORD-02245,09-07-2022,CUST73701,Deepa Patel,34,Other,South,Kochi,Electronics,Laptop,4,45635.8,0.04,182470.18,30972.52,69.48,Net Banking,4,FALSE,Delivered,1
ORD-01270,27-07-2021,CUST77971,Meera Joshi,26,Male,South,Bangalore,Groceries,Rice (5Kg),8,239.96,0.33,1913.35,116.65,35.59,Credit Card,3,FALSE,Delivered,4
ORD-03463,02-09-2024,CUST64065,Deepa Rao,16,Male,East,Kolkata,Groceries,Dal (1Kg),1,65.16,0.07,65.11,7.37,93.34,EMI,3,FALSE,Delivered,3
ORD-03213,21-10-2023,CUST91826,Sanjay Patel,40,Other,North,Delhi,Furniture,Sofa,10,6877.63,0.32,68556.22,15040.93,38.46,Credit Card,3,FALSE,Delivered,8
ORD-02929,21-06-2023,CUST82307,Sanjay Kumar,28,Male,West,Mumbai,Electronics,Camera,8,11278.1,0.36,89899.99,9357.16,60.7,Net Banking,3,FALSE,Delivered,8
ORD-01420,01-10-2021,CUST46668,Ananya Reddy,28,Other,East,Bhubaneswar,Beauty,Lipstick,2,796.25,0.23,1588.84,572.8,70.91,EMI,3,FALSE,Delivered,3
ORD-01441,10-11-2021,CUST46668,Karan Bhat,36,Female,West,Pune,Books,Biography,7,1187.1,0.13,8298.9,2154.79,88.18,EMI,3,FALSE,Delivered,5
ORD-01615,24-12-2021,CUST49728,Sunita Singh,32,Female,Central,Bhopal,Clothing,Jacket,3,3628.14,0.24,10858.3,2322.32,52.79,EMI,2,FALSE,Delivered,1
ORD-02718,25-03-2023,CUST87274,Deepa Kumar,40,Male,South,Chennai,Beauty,Perfume,6,1290.88,0.31,7721.27,309.78,68.06,Cash on Delivery,1,TRUE,Returned,5
ORD-02739,31-03-2023,CUST55589,Priya Mishra,36,Male,North,Amritsar,Sports,Tennis Racket,8,12824.11,0.11,102480.03,29606.32,76.78,Cash on Delivery,2,FALSE,Delivered,6
ORD-02536,01-06-2023,CUST18948,Amit Shah,51,Male,West,Surat,Beauty,Perfume,3,1967.85,0.31,5885.25,1309.35,55,Cash on Delivery,3,FALSE,Delivered,2
ORD-01654,01-07-2022,CUST39219,Meera Iyer,34,Male,East,Kolkata,Clothing,T-Shirt,1,1100.4,0.24,1097.76,226.32,62.15,Credit Card,2,FALSE,Delivered,8
ORD-03905,15-08-2024,CUST19408,Rohan Mehta,37,Male,East,Guwahati,Groceries,Rice (5Kg),9,239.9,0.31,2152.41,226.16,93.43,Cash on Delivery,5,FALSE,Delivered,1
ORD-01309,08-11-2021,CUST97836,Arjun Sharma,34,Male,East,Guwahati,Beauty,Sunscreen,5,1439.39,0.21,7181.84,4272.04,86.11,Debit Card,3,FALSE,Delivered,5
ORD-00750,12-07-2020,CUST88589,Karan Joshi,47,Female,West,Surat,Beauty,Sunscreen,2,2232.87,0.03,4464.4,806.76,54.23,UPI,2,FALSE,Shipped,8
ORD-01082,05-04-2021,CUST69812,Ritu Kapoor,44,Other,East,Kolkata,Books,Comic Book,10,924.25,0.28,9216.62,3626.02,85.57,Cash on Delivery,4,FALSE,Delivered,10
ORD-00392,16-06-2020,CUST50327,Aarav Singh,49,Male,Central,Nagpur,Electronics,Tablet,3,10166.75,0.15,30454.5,4120.93,82.1,UPI,4,FALSE,Delivered,3
ORD-01028,04-11-2021,CUST33135,Arjun Patel,40,Female,East,Guwahati,Books,Biography,9,910.81,0.16,8184.17,4127.79,59.89,Net Banking,4,FALSE,Delivered,9
ORD-00895,02-06-2021,CUST68309,Nikhil Gupta,19,Male,Central,Raipur,Furniture,Bookshelf,8,10068.23,0.21,80376.69,14763.69,69.23,Cash on Delivery,3,FALSE,Delivered,9
ORD-03097,30-08-2023,CUST96631,Ritu Mishra,26,Female,North,Amritsar,Beauty,Shampoo,6,398.85,0.17,2389.03,1500.2,56.56,Net Banking,2,FALSE,Delivered,10
ORD-03816,18-07-2024,CUST84507,Aditya Rao,43,Female,West,Surat,Clothing,Jeans,4,2908.06,0.14,11615.95,4991.17,65.75,Cash on Delivery,5,FALSE,Delivered,8
ORD-03490,26-02-2024,CUST29539,Pooja Patel,50,Other,East,Kolkata,Electronics,Headphones,3,60157.14,0.06,180363.14,28219.11,69.5,Cash on Delivery,4,FALSE,Delivered,7
ORD-00331,23-05-2020,CUST80859,Aditya Sharma,35,Other,South,Bangalore,Furniture,Wardrobe,6,22329.62,0.19,133723.16,4765.02,69.17,Cash on Delivery,4,FALSE,Delivered,4
ORD-02075,07-04-2022,CUST98678,Karan Kumar,63,Other,West,Ahmedabad,Electronics,Laptop,9,34736.78,0.4,311380.5,27723.9,59.96,Debit Card,3,FALSE,Delivered,4
ORD-00159,03-07-2020,CUST53040,Rahul Joshi,32,Other,Central,Bhopal,Sports,Yoga Mat,8,6252.97,0.2,49923.71,7612.27,48.73,Credit Card,3,FALSE,Delivered,3
ORD-00486,08-03-2020,CUST70631,Arjun Kapoor,42,Other,South,Hyderabad,Books,Comic Book,8,989.77,0.36,7889.65,2254.31,76.76,Cash on Delivery,5,FALSE,Pending,1
ORD-00348,30-05-2020,CUST36817,Ritu Verma,29,Male,South,Hyderabad,Books,Biography,8,466.9,0.36,3721.75,1125,79.08,Cash on Delivery,2,FALSE,Delivered,10
ORD-03138,17-09-2023,CUST63631,Vikram Das,38,Male,North,Amritsar,Sports,Dumbbells,4,3391.86,0.04,13562.01,3325.04,68.46,Credit Card,3,FALSE,Cancelled,2
ORD-01347,29-08-2021,CUST43896,Rohan Nair,24,Female,East,Guwahati,Sports,Tennis Racket,1,3087.59,0.07,3085.43,769.67,85.46,Credit Card,2,FALSE,Delivered,4
ORD-03544,20-03-2024,CUST29796,Sanjay Bose,39,Male,North,Ludhiana,Sports,Cricket Bat,4,14899.55,0.09,59544.56,12084.3,21.44,Cash on Delivery,4,FALSE,Delivered,7
ORD-03719,06-10-2024,CUST03355,Arjun Kapoor,43,Male,South,Hyderabad,Sports,Cricket Bat,2,3506.29,0.29,6992.24,1718.02,58.97,UPI,5,FALSE,Shipped,4
ORD-02654,23-02-2023,CUST39288,Shreya Reddy,25,Other,East,Bhubaneswar,Beauty,Shampoo,5,259.07,0.02,1295.09,672.76,91.02,UPI,5,FALSE,Delivered,9
ORD-02687,03-12-2023,CUST74163,Sunita Gupta,24,Female,Central,Bhopal,Clothing,Saree,3,1200.51,0.4,3587.12,952.86,10.03,Debit Card,3,FALSE,Delivered,5
ORD-00801,30-12-2020,CUST09674,Rohan Shah,20,Male,West,Mumbai,Clothing,T-Shirt,4,3596.85,0.25,14351.43,2505.62,61.39,Debit Card,1,TRUE,Returned,7
ORD-01572,12-03-2021,CUST23827,Amit Bose,24,Female,Central,Raipur,Clothing,Jacket,7,2400.11,0.15,16775.57,3359.68,55.43,UPI,2,FALSE,Delivered,10
ORD-04141,12-04-2024,CUST72168,Shreya Bhat,34,Male,Central,Nagpur,Groceries,Sugar,4,242.65,0.2,968.66,91.72,48.21,Net Banking,1,TRUE,Returned,1
ORD-02756,08-04-2023,CUST40199,Arjun Gupta,33,Male,West,Pune,Clothing,T-Shirt,3,2494.29,0.1,7475.39,3760.45,54.2,Cash on Delivery,3,FALSE,Delivered,8
ORD-00091,02-05-2020,CUST57456,Sanjay Chatterjee,16,Female,West,Mumbai,Furniture,Chair,2,23012.97,0.03,46012.13,8197.84,60.46,Debit Card,5,FALSE,Delivered,9
ORD-03626,26-04-2024,CUST12779,Vikram Shah,25,Female,East,Bhubaneswar,Electronics,Camera,2,36881.48,0.01,73755.58,16236.72,67.63,EMI,4,FALSE,Delivered,8
ORD-03798,07-09-2024,CUST41603,Nisha Sharma,41,Male,South,Kochi,Sports,Yoga Mat,4,4528.9,0.09,18099.3,6807.19,79.89,Credit Card,1,FALSE,Delivered,5
ORD-00207,04-01-2020,CUST97019,Nikhil Mehta,31,Male,North,Chandigarh,Beauty,Shampoo,4,2105.61,0.37,8391.28,2865.09,70.93,UPI,4,FALSE,Delivered,6
ORD-03929,23-08-2024,CUST39906,Sunita Iyer,33,Male,South,Chennai,Books,Fiction Novel,1,1473.01,0.35,1467.85,578.62,72.78,UPI,3,FALSE,Delivered,1
ORD-00686,11-07-2020,CUST38079,Aarav Joshi,23,Female,Central,Bhopal,Books,Cook Book,2,1020.32,0.39,2032.68,436.92,35.61,Debit Card,4,FALSE,Delivered,5
ORD-00029,01-11-2020,CUST78062,Arjun Bhat,29,Other,West,Ahmedabad,Clothing,Jeans,8,2738.08,0.04,21895.88,7413.18,61.16,Debit Card,1,FALSE,Delivered,9
ORD-01666,13-01-2022,CUST87705,Aditya Iyer,35,Other,North,Ludhiana,Electronics,Camera,5,49380.11,0.26,246258.61,20346.12,62.16,Net Banking,2,FALSE,Delivered,8
ORD-00265,26-04-2020,CUST32861,Priya Joshi,36,Other,East,Guwahati,Sports,Cricket Bat,9,12444.32,0.12,111864.48,24509.37,90.94,UPI,4,FALSE,Cancelled,9
ORD-03060,17-08-2023,CUST71865,Amit Singh,19,Female,Central,Bhopal,Beauty,Shampoo,7,100.31,0.36,699.64,277.58,67.27,Debit Card,1,FALSE,Shipped,9
ORD-03843,29-07-2024,CUST47635,Rahul Pillai,34,Male,North,Delhi,Sports,Yoga Mat,7,9729.83,0.22,67958.97,22104.58,66.1,Debit Card,5,TRUE,Returned,5
ORD-04134,12-02-2024,CUST52437,Rohan Kapoor,24,Female,East,Patna,Furniture,Wardrobe,5,14663.57,0.39,73031.91,8682.18,101.24,Credit Card,4,FALSE,Delivered,3
ORD-02503,22-12-2022,CUST96196,Pooja Singh,44,Male,Central,Indore,Beauty,Lipstick,6,820.51,0.23,4911.74,211.59,67.85,UPI,3,FALSE,Delivered,7
ORD-02567,17-01-2023,CUST46311,Nisha Shah,21,Female,North,Delhi,Groceries,Tea,1,235.69,0.27,235.05,13.54,59.77,EMI,5,FALSE,Delivered,3
ORD-02961,07-06-2023,CUST02626,Arjun Rao,58,Male,North,Ludhiana,Groceries,Tea,9,324.23,0.17,2913.11,456.69,63.2,EMI,3,FALSE,Delivered,6
ORD-00021,01-08-2020,CUST80727,Shreya Pillai,49,Other,North,Amritsar,Sports,Cycle,10,510.46,0.33,5087.75,595.15,69.01,EMI,4,FALSE,Delivered,3
ORD-02242,09-04-2022,CUST95868,Arjun Sharma,31,Female,South,Chennai,Furniture,Wardrobe,8,4977.01,0.28,39704.59,9634.2,84.09,UPI,4,FALSE,Delivered,8
ORD-04147,12-06-2024,CUST95344,Ananya Reddy,32,Other,West,Surat,Beauty,Lipstick,8,1064.92,0.37,8487.84,2941.97,55.05,Cash on Delivery,5,FALSE,Delivered,5
ORD-00668,29-10-2020,CUST19944,Kavya Mehta,21,Other,West,Surat,Electronics,Tablet,3,14080.67,0.36,42089.94,1519.64,63.63,Credit Card,2,TRUE,Returned,7
ORD-02934,27-06-2023,CUST34229,Rahul Gupta,50,Female,North,Chandigarh,Sports,Football,9,13111.09,0.29,117657.61,31164.9,62.85,Net Banking,3,FALSE,Delivered,9
ORD-03448,02-04-2024,CUST27667,Nisha Pillai,11,Other,South,Hyderabad,Beauty,Hair Oil,6,127.9,0.27,765.33,407.58,63.91,Credit Card,4,TRUE,Returned,7
ORD-02266,09-12-2022,CUST21061,Sanjay Das,23,Other,West,Surat,Beauty,Shampoo,10,767.55,0.35,7648.64,2480.34,45.37,Cash on Delivery,4,FALSE,Delivered,5
ORD-04172,17-12-2024,CUST07872,Meera Rao,32,Male,North,Ludhiana,Beauty,Lipstick,5,2144.13,0.1,10709.93,4541.29,19.04,Debit Card,3,FALSE,Delivered,5
ORD-04076,11-01-2024,CUST95354,Aarav Nair,57,Female,East,Bhubaneswar,Beauty,Lipstick,7,680.72,0.08,4761.23,1700.03,71.25,Net Banking,5,FALSE,Delivered,2
ORD-03563,28-03-2024,CUST46277,Karan Singh,30,Other,West,Pune,Furniture,Chair,8,32965.83,0.21,263172.81,94953.31,68.39,Debit Card,5,FALSE,Delivered,10
ORD-02321,10-05-2022,CUST59579,Aarav Mehta,47,Male,Central,Indore,Beauty,Hair Oil,9,2425.68,0.16,21796.19,3678.22,64.69,UPI,1,FALSE,Delivered,9
ORD-03945,28-08-2024,CUST92249,Nikhil Chatterjee,36,Female,South,Kochi,Groceries,Flour,2,483.36,0.14,965.37,91.4,55.77,UPI,4,FALSE,Delivered,8
ORD-04192,27-12-2024,CUST70453,Shreya Shah,33,Male,North,Amritsar,Books,Fiction Novel,5,616.57,0.36,3071.75,145.51,35.22,UPI,4,FALSE,Pending,5
ORD-01563,30-11-2021,CUST36817,Meera Iyer,41,Other,East,Guwahati,Books,Self-Help Book,9,433.76,0.33,3890.96,781.78,97.16,EMI,4,FALSE,Cancelled,2
ORD-00545,29-08-2020,CUST34020,Kavya Iyer,19,Male,East,Guwahati,Electronics,Smartwatch,3,17253.63,0.05,51735.01,5633.84,79.99,Net Banking,5,FALSE,Delivered,6
ORD-00909,10-02-2021,CUST63944,Pooja Patel,23,Other,West,Pune,Electronics,Smartphone,7,60825.33,0.39,424116.78,27664.1,67.78,EMI,1,FALSE,Delivered,8
ORD-03437,30-01-2024,CUST14095,Kavya Shah,24,Female,East,Guwahati,Beauty,Sunscreen,8,1335.64,0.27,10656.27,2973.2,94.12,Net Banking,1,FALSE,Shipped,6
ORD-02631,15-02-2023,CUST32596,Rahul Iyer,27,Female,West,Surat,Clothing,Dress,7,668.17,0.09,4672.98,1133.27,38.59,UPI,5,FALSE,Delivered,8
ORD-00414,07-01-2020,CUST38493,Arjun Iyer,30,Other,East,Bhubaneswar,Beauty,Perfume,6,1076.68,0.32,6439.41,335.77,72.7,Debit Card,3,FALSE,Cancelled,8
ORD-00525,20-08-2020,CUST73074,Rohan Mehta,33,Female,South,Hyderabad,Clothing,Jacket,1,392.55,0.07,392.28,161.71,71.09,Credit Card,5,FALSE,Pending,4
ORD-03521,03-09-2024,CUST00084,Rohan Das,16,Male,East,Kolkata,Sports,Dumbbells,4,14904.61,0.18,59511.13,9835.53,74,UPI,3,FALSE,Pending,9
ORD-01849,29-03-2022,CUST56391,Meera Kumar,40,Other,South,Kochi,Clothing,Jeans,5,3481.04,0.35,17344.28,3567.18,56.53,Credit Card,3,FALSE,Cancelled,8
ORD-02703,16-03-2023,CUST53601,Rohan Iyer,35,Other,Central,Indore,Books,Cook Book,8,600.71,0.17,4797.51,1539.55,24.97,Debit Card,1,FALSE,Delivered,9
ORD-04083,11-06-2024,CUST32744,Aditya Shah,37,Male,Central,Raipur,Furniture,Wardrobe,5,2536.86,0.36,12638.64,1900.47,68.13,Debit Card,2,FALSE,Cancelled,7
ORD-00573,09-12-2020,CUST93696,Amit Gupta,42,Other,East,Kolkata,Clothing,Jeans,3,3089.43,0.09,9259.95,2480.31,82.77,Credit Card,3,TRUE,Returned,6
ORD-03306,12-01-2023,CUST91195,Vikram Sharma,24,Male,East,Bhubaneswar,Groceries,Dal (1Kg),4,206.91,0.2,825.98,59.02,52.38,Debit Card,3,FALSE,Delivered,2
ORD-02199,16-08-2022,CUST65100,Priya Patel,41,Female,East,Kolkata,Books,Fiction Novel,2,244.36,0.12,488.13,192.95,79.16,Cash on Delivery,2,FALSE,Pending,2
ORD-00901,02-08-2021,CUST88807,Sanjay Kapoor,30,Male,West,Ahmedabad,Books,Fiction Novel,2,583.34,0.24,1163.88,261.88,72.31,Cash on Delivery,5,FALSE,Delivered,5
ORD-04149,12-07-2024,CUST54782,Karan Verma,37,Female,Central,Indore,Books,Textbook,8,519.05,0.33,4138.7,1117.94,51.28,Debit Card,2,FALSE,Delivered,10
ORD-00638,12-10-2020,CUST17767,Meera Chatterjee,37,Female,East,Patna,Electronics,Smartwatch,10,23990.02,0.11,239636.31,26897.47,73.32,Cash on Delivery,4,FALSE,Delivered,8
ORD-00010,03-01-2020,CUST07407,Amit Bose,26,Other,South,Hyderabad,Clothing,Jacket,1,1792.52,0.38,1785.71,322.56,69.84,EMI,4,TRUE,Returned,8
ORD-01167,06-07-2021,CUST48910,Vikram Shah,14,Other,West,Mumbai,Furniture,Desk,5,16063.03,0.35,80034.05,22910.8,74.66,Net Banking,3,FALSE,Delivered,6
ORD-03303,29-11-2023,CUST73772,Nisha Reddy,15,Male,East,Kolkata,Electronics,Tablet,1,19475.1,0.27,19422.52,1124.34,70.91,Net Banking,4,FALSE,Delivered,6
ORD-02118,22-07-2022,CUST29628,Nisha Kapoor,34,Male,North,Ludhiana,Groceries,Cooking Oil,1,396.39,0.09,396.03,45.56,57.89,Credit Card,2,FALSE,Delivered,1
ORD-00764,12-12-2020,CUST21423,Shreya Sharma,22,Female,South,Bangalore,Furniture,Chair,5,24816.99,0.02,124060.13,24905.94,51.05,Debit Card,3,FALSE,Delivered,1
ORD-01250,17-07-2021,CUST20121,Vikram Kumar,39,Other,East,Patna,Furniture,Bed Frame,2,9066.85,0.3,18079.3,3812.64,91.56,EMI,1,FALSE,Delivered,9
ORD-01550,27-11-2021,CUST66901,Nisha Kapoor,35,Female,West,Mumbai,Sports,Football,9,13211.32,0.17,118699.75,18155,52.32,UPI,3,FALSE,Delivered,5
ORD-03192,14-10-2023,CUST23779,Priya Singh,39,Male,North,Ludhiana,Sports,Football,9,9769.82,0.32,87647.01,13161.33,50.8,Net Banking,4,FALSE,Delivered,6
ORD-01356,09-03-2021,CUST36316,Amit Rao,44,Other,Central,Nagpur,Sports,Yoga Mat,5,9013.26,0.28,44940.11,10509.8,35.94,UPI,5,FALSE,Shipped,7
ORD-00789,26-12-2020,CUST67387,Nisha Singh,41,Male,North,Delhi,Beauty,Lipstick,4,2326.66,0.09,9298.26,3176.85,61.42,UPI,5,FALSE,Shipped,10
ORD-03113,09-07-2023,CUST73185,Amit Mishra,29,Male,North,Ludhiana,Clothing,T-Shirt,3,3741.92,0.21,11202.19,2740.01,58.8,Cash on Delivery,4,FALSE,Cancelled,1
ORD-02667,28-02-2023,CUST93637,Ananya Shah,31,Female,North,Amritsar,Furniture,Bookshelf,3,4087.5,0.36,12218.36,2520.92,36.77,Cash on Delivery,3,FALSE,Pending,9
ORD-03918,20-08-2024,CUST09195,Ritu Singh,30,Male,Central,Raipur,Clothing,Jeans,5,1293.07,0.37,6441.43,2335.41,34.43,UPI,4,FALSE,Delivered,9
ORD-02469,12-06-2022,CUST77482,Ritu Mishra,34,Female,North,Chandigarh,Books,Cook Book,2,393.2,0.22,784.67,210.9,48.93,Cash on Delivery,3,TRUE,Returned,4
ORD-00952,03-07-2021,CUST97126,Ananya Kumar,28,Male,East,Kolkata,Sports,Yoga Mat,9,6483.35,0.23,58215.94,13820.97,74.83,UPI,4,FALSE,Delivered,2
ORD-03530,14-03-2024,CUST89097,Sanjay Shah,38,Male,North,Delhi,Clothing,Jacket,2,1249.08,0.4,2488.17,916.26,43.18,EMI,3,FALSE,Delivered,8
ORD-00512,14-08-2020,CUST98505,Shreya Das,27,Female,East,Guwahati,Beauty,Face Cream,2,1236.47,0.14,2469.48,1007.86,85.88,UPI,3,FALSE,Delivered,8
ORD-01236,07-12-2021,CUST30009,Vikram Kapoor,30,Male,West,Ahmedabad,Beauty,Shampoo,7,1236.43,0.04,8651.55,4556.58,72.78,Debit Card,2,FALSE,Delivered,7
ORD-01618,25-12-2021,CUST82777,Rahul Singh,53,Female,West,Mumbai,Sports,Dumbbells,5,7179.94,0.31,35788.41,2403.2,65.86,Debit Card,2,FALSE,Delivered,8
ORD-03286,19-11-2023,CUST81972,Aditya Das,32,Male,East,Bhubaneswar,Clothing,Jacket,8,2288.26,0.22,18265.81,4024.97,89.83,Debit Card,2,FALSE,Delivered,1
ORD-02164,08-06-2022,CUST84076,Arjun Kumar,20,Male,East,Guwahati,Books,Self-Help Book,4,529.18,0.37,2108.89,611.14,96.64,UPI,5,FALSE,Delivered,8
ORD-03645,05-04-2024,CUST40711,Rohan Kapoor,33,Other,Central,Bhopal,Groceries,Cooking Oil,4,413.23,0.16,1650.28,97.94,29.46,EMI,4,FALSE,Delivered,9
ORD-01602,15-12-2021,CUST98061,Amit Verma,41,Other,East,Guwahati,Groceries,Tea,5,273.75,0.05,1368.07,84.56,81.92,Debit Card,1,FALSE,Delivered,5
ORD-02308,30-09-2022,CUST13492,Karan Reddy,35,Female,North,Delhi,Books,Self-Help Book,4,288.41,0.11,1152.37,430.86,39.44,Debit Card,5,TRUE,Returned,1
ORD-03457,02-08-2024,CUST62784,Ananya Patel,27,Male,East,Kolkata,Books,Cook Book,5,219.86,0.26,1096.44,344.23,95.23,Cash on Delivery,1,FALSE,Delivered,10
ORD-03725,13-06-2024,CUST34762,Aditya Sharma,51,Male,East,Guwahati,Electronics,Headphones,3,45977.54,0.4,137380.89,16766.5,89.69,Cash on Delivery,5,FALSE,Delivered,9
ORD-00240,14-04-2020,CUST66088,Shreya Pillai,18,Other,South,Bangalore,Sports,Dumbbells,4,11868.91,0.19,47385.44,13078.71,70.61,EMI,3,FALSE,Delivered,6
ORD-01538,20-11-2021,CUST30276,Amit Reddy,20,Other,East,Guwahati,Electronics,Smartphone,8,72878.21,0.06,582675.86,53581.94,69.63,Credit Card,3,FALSE,Delivered,7
ORD-00246,18-04-2020,CUST40327,Shreya Mishra,60,Male,Central,Nagpur,Beauty,Sunscreen,8,336.17,0.18,2684.52,1286.21,63.3,Debit Card,4,FALSE,Delivered,10
ORD-00069,26-01-2020,CUST27522,Deepa Chatterjee,24,Other,East,Bhubaneswar,Sports,Football,6,5929.85,0,35579.1,1518.74,78.48,Credit Card,5,FALSE,Delivered,7
ORD-01653,01-07-2022,CUST39228,Pooja Gupta,38,Female,South,Chennai,Electronics,Tablet,5,67069.95,0.35,334176.03,19234.1,53.96,EMI,2,FALSE,Pending,6
ORD-00549,31-08-2020,CUST39184,Arjun Nair,27,Other,East,Guwahati,Groceries,Sugar,1,295.3,0.1,295,17.33,91.95,Credit Card,5,FALSE,Delivered,9
ORD-04125,29-11-2024,CUST69485,Pooja Verma,15,Male,East,Kolkata,Electronics,Tablet,5,60589.34,0,302946.7,32628.88,117.75,Cash on Delivery,1,FALSE,Delivered,6
ORD-02531,01-03-2023,CUST65173,Sunita Reddy,24,Male,North,Ludhiana,Beauty,Face Cream,9,2041.21,0.22,18330.47,8442.25,45.75,Net Banking,3,FALSE,Cancelled,1
ORD-01426,10-05-2021,CUST08147,Nikhil Shah,58,Male,North,Delhi,Clothing,Dress,2,469.65,0.12,938.17,185.8,32.03,Cash on Delivery,1,TRUE,Returned,3
ORD-03919,20-08-2024,CUST18468,Nikhil Shah,34,Other,South,Kochi,Groceries,Cooking Oil,3,408.26,0.03,1224.41,170,70.48,Cash on Delivery,4,FALSE,Delivered,1
ORD-03686,19-05-2024,CUST39920,Rahul Pillai,45,Male,Central,Indore,Sports,Dumbbells,1,9074.17,0.08,9066.91,3182.4,43.12,EMI,4,FALSE,Delivered,9
ORD-01694,26-01-2022,CUST30040,Karan Kumar,24,Other,West,Ahmedabad,Electronics,Tablet,4,30494.73,0.39,121503.2,8846.49,53.6,Debit Card,2,FALSE,Delivered,4
ORD-01035,14-04-2021,CUST49938,Rahul Sharma,38,Other,North,Delhi,Furniture,Sofa,7,31419.94,0.05,219829.61,58133.19,36.96,Debit Card,5,FALSE,Delivered,5
ORD-02114,19-07-2022,CUST71584,Kavya Mehta,28,Female,South,Kochi,Furniture,Sofa,2,23522.83,0.15,46975.09,18316.25,70.07,EMI,2,FALSE,Delivered,8
ORD-03137,17-09-2023,CUST53427,Aarav Das,26,Male,West,Mumbai,Sports,Yoga Mat,8,10683.75,0.04,85435.81,26416.64,59.9,Cash on Delivery,1,FALSE,Delivered,7
ORD-01438,10-10-2021,CUST54455,Shreya Mehta,57,Female,South,Kochi,Books,Comic Book,8,1196.38,0.14,9557.64,3179.69,71.87,Net Banking,2,FALSE,Delivered,4
ORD-02064,29-06-2022,CUST47972,Nisha Reddy,28,Female,West,Mumbai,Beauty,Lipstick,7,854.71,0.09,5977.59,3265.65,55.34,UPI,3,FALSE,Delivered,2
ORD-02307,29-09-2022,CUST02936,Amit Sharma,35,Female,North,Amritsar,Books,Biography,10,723.67,0.04,7233.81,3461.29,54.96,Net Banking,3,TRUE,Returned,7
ORD-02545,01-10-2023,CUST44757,Aditya Kumar,27,Male,South,Kochi,Books,Biography,5,1209.77,0.22,6035.54,1760.45,48.73,Debit Card,1,FALSE,Delivered,10
ORD-02444,28-11-2022,CUST18227,Deepa Mehta,20,Female,South,Hyderabad,Groceries,Tea,6,282.54,0.21,1691.68,157.04,101.43,UPI,2,FALSE,Shipped,9
ORD-01051,20-04-2021,CUST83773,Aditya Mehta,34,Other,South,Chennai,Clothing,Saree,5,2726.58,0.16,13611.09,5460.97,55.2,EMI,4,FALSE,Delivered,3
ORD-02111,18-07-2022,CUST33335,Aditya Chatterjee,48,Other,West,Mumbai,Furniture,Sofa,10,28298.23,0.25,282274.84,107787.95,94.71,Debit Card,4,FALSE,Delivered,4
ORD-00109,02-10-2020,CUST69131,Karan Reddy,37,Male,North,Ludhiana,Furniture,Wardrobe,8,18758.18,0.11,149900.37,31415.21,56.55,Net Banking,5,FALSE,Cancelled,6
ORD-01377,14-09-2021,CUST06907,Arjun Iyer,12,Female,South,Kochi,Electronics,Smartphone,6,56629.75,0.04,339642.59,8275.81,63.16,Net Banking,5,FALSE,Delivered,9
ORD-00580,17-09-2020,CUST77116,Deepa Chatterjee,55,Male,South,Bangalore,Electronics,Camera,10,74981.27,0.04,749512.77,98591.29,90.58,Debit Card,1,TRUE,Returned,5
ORD-01507,07-11-2021,CUST40530,Rohan Kapoor,24,Male,South,Chennai,Groceries,Flour,10,108.51,0.03,1084.77,97.79,67.08,Debit Card,3,TRUE,Returned,10
ORD-00547,30-08-2020,CUST60580,Vikram Nair,53,Female,South,Bangalore,Furniture,Sofa,8,13159.22,0.18,105084.27,28653.14,55.64,Credit Card,4,TRUE,Returned,8
ORD-00924,22-02-2021,CUST61112,Rahul Mishra,44,Male,East,Bhubaneswar,Groceries,Cooking Oil,1,227.48,0.11,227.23,15.49,47.37,EMI,1,FALSE,Pending,4
ORD-01081,05-04-2021,CUST44184,Rohan Shah,29,Other,West,Ahmedabad,Electronics,Camera,1,22006.34,0.11,21982.13,3707.24,40.73,Debit Card,2,TRUE,Returned,10
ORD-00275,05-01-2020,CUST24667,Nikhil Kapoor,41,Other,Central,Nagpur,Furniture,Chair,8,31845.06,0.06,254607.62,100251.26,38.42,Credit Card,1,FALSE,Delivered,10
ORD-03517,03-09-2024,CUST27360,Meera Gupta,30,Male,North,Amritsar,Electronics,Camera,9,16973.28,0.05,152683.14,29073.1,35,Cash on Delivery,4,FALSE,Cancelled,4
ORD-01472,24-10-2021,CUST26553,Nikhil Kumar,27,Male,South,Hyderabad,Electronics,Smartwatch,3,33682.54,0.26,100784.9,8775.98,56.02,Cash on Delivery,1,TRUE,Returned,3
ORD-01299,08-09-2021,CUST07041,Aditya Bose,28,Other,East,Bhubaneswar,Sports,Yoga Mat,6,8185.51,0.23,49000.1,10034.22,86.32,Credit Card,4,TRUE,Returned,9
ORD-03316,12-05-2023,CUST71283,Aditya Shah,12,Other,East,Patna,Sports,Football,3,2813.63,0.22,8422.32,1360.97,71.86,EMI,2,FALSE,Delivered,9
ORD-00951,03-07-2021,CUST39186,Meera Mehta,30,Male,Central,Raipur,Clothing,T-Shirt,10,2879.31,0.34,28695.2,5641.8,64.13,Debit Card,2,FALSE,Delivered,4
ORD-03695,23-05-2024,CUST26394,Priya Bose,27,Other,South,Kochi,Groceries,Cooking Oil,9,399.43,0.06,3592.71,223.77,65.8,EMI,1,FALSE,Delivered,4
ORD-01830,24-03-2022,CUST13979,Vikram Chatterjee,28,Male,South,Chennai,Books,Cook Book,9,200.61,0.28,1800.43,806.66,52.8,Net Banking,4,FALSE,Delivered,9
ORD-01148,30-05-2021,CUST00645,Kavya Rao,22,Other,East,Kolkata,Books,Fiction Novel,8,1088.97,0.22,8692.59,4003.12,52.99,Net Banking,1,FALSE,Cancelled,4
ORD-03150,27-09-2023,CUST68116,Ritu Rao,17,Female,North,Ludhiana,Clothing,T-Shirt,9,1354.39,0.12,12174.88,4442.99,43.39,Credit Card,5,FALSE,Delivered,10
ORD-01953,13-05-2022,CUST12422,Nikhil Kumar,33,Female,North,Chandigarh,Books,Self-Help Book,8,941.99,0.39,7506.53,2237.36,56.26,EMI,1,TRUE,Returned,9
ORD-01811,03-12-2022,CUST60426,Arjun Pillai,41,Other,South,Hyderabad,Sports,Dumbbells,7,14019.83,0.29,97854.21,18758.65,70.82,Debit Card,5,FALSE,Delivered,1
ORD-03384,01-03-2024,CUST17189,Pooja Chatterjee,37,Male,Central,Bhopal,Sports,Dumbbells,8,14903.83,0.21,118980.26,18401.75,76.17,EMI,4,FALSE,Delivered,10
ORD-02087,07-08-2022,CUST38893,Sunita Pillai,14,Other,Central,Bhopal,Electronics,Tablet,2,73303.92,0.03,146563.86,20863.19,67.75,Cash on Delivery,4,FALSE,Delivered,9
ORD-01217,07-03-2021,CUST73651,Sunita Das,37,Other,North,Delhi,Books,Cook Book,9,1146.99,0.35,10286.78,2753.44,59.09,UPI,4,FALSE,Shipped,9
ORD-02217,26-08-2022,CUST06113,Rohan Nair,31,Other,South,Bangalore,Beauty,Shampoo,6,1131.18,0.05,6783.69,4445.68,69.49,Credit Card,1,FALSE,Delivered,8
ORD-01503,11-06-2021,CUST60626,Kavya Kapoor,31,Female,South,Hyderabad,Groceries,Sugar,7,249.21,0.19,1741.16,96.16,61.25,Cash on Delivery,3,FALSE,Shipped,4
ORD-00763,12-12-2020,CUST44894,Aarav Verma,51,Other,Central,Bhopal,Books,Biography,6,377.58,0.33,2258,275.17,55.17,Cash on Delivery,3,FALSE,Delivered,6
ORD-03388,01-04-2024,CUST95454,Nisha Mehta,42,Female,South,Bangalore,Beauty,Sunscreen,4,1718.39,0.21,6859.13,2836.65,81.09,EMI,1,FALSE,Shipped,9
ORD-04199,30-12-2024,CUST53723,Sunita Kumar,15,Male,North,Chandigarh,Beauty,Face Cream,9,1820.1,0.28,16335.03,5675.66,46.9,EMI,2,TRUE,Returned,3
ORD-00146,29-02-2020,CUST63156,Ritu Singh,34,Other,East,Kolkata,Sports,Dumbbells,2,9772.39,0.14,19517.42,4749.58,90.49,Net Banking,3,FALSE,Delivered,8
ORD-01415,30-09-2021,CUST50601,Amit Patel,31,Other,West,Mumbai,Groceries,Tea,3,297.63,0.02,892.71,141.65,49.55,Credit Card,1,TRUE,Returned,8
ORD-02994,20-07-2023,CUST67685,Shreya Pillai,42,Male,South,Kochi,Clothing,Jeans,5,2755.15,0.35,13727.53,4470.63,73.32,UPI,5,FALSE,Delivered,7
ORD-03734,16-06-2024,CUST31945,Aarav Iyer,54,Male,West,Ahmedabad,Furniture,Bookshelf,9,21059.88,0.1,189349.38,78032.23,62.82,UPI,3,FALSE,Cancelled,6
ORD-03433,29-01-2024,CUST02072,Aarav Mehta,11,Male,Central,Indore,Beauty,Face Cream,10,2362.67,0.37,23539.28,7104.13,24.77,Net Banking,5,TRUE,Returned,2
ORD-01140,29-05-2021,CUST57705,Nisha Singh,55,Other,Central,Bhopal,Electronics,Camera,10,36516.81,0.12,364729.9,58795.08,53.99,Net Banking,4,FALSE,Delivered,4
ORD-04145,05-12-2024,CUST52922,Vikram Shah,34,Male,East,Kolkata,Sports,Tennis Racket,7,13857.65,0.09,96916.25,20918.31,72.38,Debit Card,5,FALSE,Pending,8
ORD-03069,19-08-2023,CUST13129,Nikhil Nair,36,Male,East,Kolkata,Groceries,Cooking Oil,9,461.84,0.06,4154.07,440.52,74.88,Cash on Delivery,2,FALSE,Delivered,5
ORD-01242,14-07-2021,CUST50699,Rohan Chatterjee,16,Female,East,Patna,Books,Self-Help Book,5,545.25,0.02,2725.7,258878.2,54.26,Debit Card,4,FALSE,Delivered,2
ORD-02668,28-02-2023,CUST00301,Shreya Mehta,19,Male,West,Mumbai,Books,Textbook,9,1227.77,0.09,11039.99,4289.27,74.78,Cash on Delivery,2,TRUE,Returned,1
ORD-00995,29-03-2021,CUST31960,Arjun Bhat,47,Other,North,Chandigarh,Clothing,T-Shirt,10,3992.44,0.15,39864.51,12430.23,40.58,Debit Card,5,FALSE,Delivered,2
ORD-03960,09-04-2024,CUST08100,Aditya Iyer,21,Other,North,Amritsar,Groceries,Rice (5Kg),9,201.86,0.01,1816.56,221.64,57.28,EMI,3,FALSE,Delivered,4
ORD-02617,02-10-2023,CUST17877,Priya Iyer,44,Male,North,Chandigarh,Groceries,Dal (1Kg),8,364.69,0.13,2913.73,173.21,36.26,Cash on Delivery,5,FALSE,Delivered,5
ORD-00850,22-01-2021,CUST69680,Nisha Pillai,36,Female,Central,Raipur,Electronics,Tablet,6,10944.15,0.21,65527,5320.38,63.46,UPI,1,FALSE,Pending,8
ORD-02659,26-02-2023,CUST24774,Aditya Mehta,16,Female,Central,Raipur,Furniture,Desk,8,30273.47,0.35,241340.1,36948.63,62.8,Debit Card,2,FALSE,Delivered,9
ORD-03153,29-09-2023,CUST93955,Aditya Rao,24,Female,North,Ludhiana,Electronics,Headphones,9,56863.21,0.23,510591.82,62906,36.46,Cash on Delivery,3,FALSE,Delivered,3
ORD-00517,17-08-2020,CUST58116,Ritu Reddy,27,Other,South,Bangalore,Sports,Football,9,12449.98,0.25,111769.7,22779.35,37.1,Debit Card,3,FALSE,Cancelled,1
ORD-02808,03-05-2023,CUST74228,Kavya Reddy,48,Other,Central,Raipur,Books,Comic Book,1,769.04,0.13,768.04,505.12,46.7,EMI,1,FALSE,Delivered,10
ORD-00501,08-09-2020,CUST64153,Aarav Reddy,35,Female,West,Mumbai,Clothing,Jacket,2,3190.9,0.08,6376.69,2112.7,74.32,Debit Card,3,FALSE,Cancelled,2
ORD-01127,24-05-2021,CUST44836,Priya Gupta,42,Other,North,Ludhiana,Sports,Cycle,9,13067.04,0.22,117344.63,17264.66,58.55,Cash on Delivery,1,TRUE,Returned,4
ORD-00464,23-07-2020,CUST22675,Priya Kumar,46,Other,West,Mumbai,Furniture,Bookshelf,6,12344.66,0.02,74053.15,32713,34.26,Credit Card,2,FALSE,Delivered,6
ORD-00898,02-07-2021,CUST48501,Priya Bose,22,Male,East,Guwahati,Books,Comic Book,9,682.41,0.39,6117.74,950.54,73.23,Credit Card,4,FALSE,Shipped,7
ORD-00642,13-10-2020,CUST75414,Arjun Mishra,35,Male,North,Ludhiana,Electronics,Tablet,7,42976.47,0.32,299872.62,20091.83,60.6,Cash on Delivery,1,FALSE,Delivered,2
ORD-00482,01-08-2020,CUST78799,Rahul Reddy,34,Male,Central,Indore,Groceries,Sugar,2,245.8,0.2,490.62,40.76,55.25,UPI,4,FALSE,Delivered,1
ORD-01088,05-06-2021,CUST86516,Aditya Kumar,53,Other,Central,Raipur,Groceries,Flour,10,426.88,0.19,4260.69,399.66,69.62,Debit Card,3,FALSE,Cancelled,3
ORD-00639,10-12-2020,CUST32361,Kavya Joshi,29,Other,South,Chennai,Clothing,Jacket,9,3720.46,0.2,33417.17,8663.42,69.62,EMI,3,FALSE,Delivered,10
ORD-00330,23-05-2020,CUST60862,Meera Patel,42,Male,Central,Indore,Groceries,Tea,5,340.16,0.37,1694.51,96.24,58.79,UPI,1,FALSE,Delivered,3
ORD-00919,17-02-2021,CUST83261,Ritu Mehta,25,Female,West,Ahmedabad,Sports,Cricket Bat,1,14980.35,0.06,14971.36,3501.94,66.95,Credit Card,5,FALSE,Delivered,8
ORD-03509,03-04-2024,CUST87841,Aditya Mehta,34,Male,West,Ahmedabad,Electronics,Smartwatch,7,34398.85,0.32,240021.42,22144.21,71.38,Cash on Delivery,1,TRUE,Returned,5
ORD-00643,14-10-2020,CUST54148,Aarav Kapoor,44,Male,Central,Nagpur,Beauty,Hair Oil,10,447.27,0.15,4465.99,1150.13,45.79,Net Banking,4,FALSE,Delivered,5
ORD-00218,04-04-2020,CUST80333,Kavya Mehta,58,Other,South,Kochi,Books,Fiction Novel,2,640.98,0.05,1281.32,437.79,68.68,UPI,2,FALSE,Delivered,5
ORD-00135,23-02-2020,CUST09673,Ritu Nair,41,Male,West,Mumbai,Electronics,Tablet,9,39365.34,0.15,353756.63,19908.38,56.84,Debit Card,4,FALSE,Delivered,8
ORD-02572,25-01-2023,CUST19082,Sanjay Joshi,38,Other,West,Pune,Clothing,Jeans,8,3747.11,0.15,29931.91,8023.16,35.73,Net Banking,5,FALSE,Cancelled,1
ORD-03640,05-01-2024,CUST31568,Ananya Shah,12,Other,East,Kolkata,Beauty,Sunscreen,5,1989.16,0.24,9921.93,5988.44,79.5,Net Banking,4,FALSE,Delivered,5
ORD-02527,01-02-2023,CUST06675,Deepa Nair,20,Female,North,Amritsar,Books,Textbook,7,1431.35,0.2,9999.41,3547.79,60.84,UPI,1,TRUE,Returned,2
ORD-03863,08-04-2024,CUST81760,Priya Verma,34,Female,South,Hyderabad,Furniture,Desk,7,23321.93,0.25,162845.38,57631.73,81.16,UPI,1,FALSE,Delivered,6
ORD-00705,16-11-2020,CUST82661,Rohan Kumar,26,Male,East,Bhubaneswar,Beauty,Hair Oil,1,2036.13,0.34,2029.21,371.42,70.99,Cash on Delivery,1,FALSE,Shipped,6
ORD-01488,31-10-2021,CUST63879,Rahul Patel,23,Male,North,Amritsar,Groceries,Rice (5Kg),2,499.3,0.06,998,80.06,69.89,Credit Card,4,FALSE,Delivered,3
ORD-03808,13-07-2024,CUST03800,Rahul Mishra,36,Other,South,Bangalore,Clothing,Kurta,4,3455.27,0,13821.08,8527.59,73.07,EMI,2,FALSE,Delivered,9
ORD-00133,20-02-2020,CUST06416,Aditya Iyer,28,Male,West,Pune,Books,Textbook,9,657.44,0,5916.96,1842.41,53.36,EMI,1,FALSE,Cancelled,9
ORD-02267,13-09-2022,CUST18261,Kavya Iyer,35,Male,North,Delhi,Beauty,Perfume,1,2480.5,0.07,2478.76,1008.27,42.84,UPI,2,TRUE,Returned,9
ORD-01914,26-04-2022,CUST69924,Sunita Bose,46,Female,North,Ludhiana,Sports,Yoga Mat,10,9875.47,0.24,98517.69,19944.59,98.45,Credit Card,1,FALSE,Shipped,5
ORD-01975,22-05-2022,CUST55730,Arjun Bose,37,Female,North,Delhi,Furniture,Wardrobe,4,31494.17,0.23,125686.93,35809.83,57.08,EMI,4,TRUE,Returned,7
ORD-03854,08-01-2024,CUST17266,Aarav Rao,24,Male,East,Patna,Books,Textbook,5,303.28,0.24,1512.76,651.04,68.98,Credit Card,5,FALSE,Delivered,6
ORD-02441,25-11-2022,CUST43234,Rahul Singh,45,Male,North,Amritsar,Sports,Yoga Mat,9,8750.14,0.23,78570.13,15670.41,45.73,UPI,2,FALSE,Delivered,8
ORD-00675,11-01-2020,CUST59612,Meera Das,18,Other,West,Surat,Groceries,Flour,4,326.66,0.02,1306.38,70.77,46.22,UPI,4,FALSE,Delivered,1
ORD-00157,03-06-2020,CUST32598,Meera Mishra,52,Other,North,Delhi,Sports,Cycle,1,6367.24,0.33,6346.23,1071.43,62.13,Net Banking,5,FALSE,Shipped,5
ORD-04167,15-12-2024,CUST06213,Kavya Patel,29,Other,East,Bhubaneswar,Furniture,Bed Frame,9,26558.96,0.12,238743.8,41485.81,110.49,Net Banking,3,TRUE,Returned,6
ORD-03855,08-01-2024,CUST83631,Meera Reddy,49,Other,North,Chandigarh,Sports,Dumbbells,9,2947.21,0.21,26469.19,5480.32,42.11,Net Banking,3,FALSE,Delivered,7
ORD-03190,10-12-2023,CUST24234,Meera Verma,32,Other,East,Kolkata,Books,Cook Book,4,1290.01,0,5160.04,2840.6,68.69,Cash on Delivery,2,FALSE,Pending,6
ORD-03757,24-06-2024,CUST96410,Priya Shah,51,Male,South,Chennai,Books,Cook Book,5,961.89,0.01,4808.97,3502.92,70.62,Credit Card,4,FALSE,Delivered,3
ORD-02500,21-12-2022,CUST39273,Aarav Bose,35,Other,North,Chandigarh,Groceries,Dal (1Kg),2,87.85,0.19,175.37,6.42,63.89,Debit Card,1,FALSE,Delivered,10
ORD-02344,10-11-2022,CUST14351,Kavya Singh,33,Other,South,Chennai,Furniture,Wardrobe,10,33036.39,0.15,329868.35,94051.67,73.88,UPI,4,FALSE,Delivered,3
ORD-03341,16-12-2023,CUST62991,Meera Pillai,25,Female,North,Chandigarh,Electronics,Smartwatch,3,32029.32,0.02,96068.74,11139.42,73.87,UPI,2,FALSE,Delivered,3
ORD-03642,05-03-2024,CUST91604,Deepa Pillai,34,Male,Central,Raipur,Clothing,Saree,1,1545.75,0.33,1540.65,612.18,63.94,Net Banking,2,TRUE,Returned,9
ORD-03571,30-03-2024,CUST52512,Nisha Sharma,25,Other,North,Chandigarh,Clothing,Jacket,4,2828.85,0.3,11281.45,3943.46,76.1,Debit Card,3,FALSE,Cancelled,3
ORD-01181,15-06-2021,CUST78578,Vikram Reddy,40,Other,Central,Raipur,Electronics,Laptop,1,47536.69,0.14,47470.14,7443.68,39.99,Credit Card,3,FALSE,Cancelled,4
ORD-01135,27-05-2021,CUST96639,Nisha Shah,28,Female,East,Guwahati,Sports,Cycle,6,6132.4,0.14,36742.89,6267.62,83.58,EMI,3,FALSE,Delivered,3
ORD-03783,07-03-2024,CUST12983,Amit Singh,29,Other,South,Chennai,Beauty,Shampoo,5,561.79,0.16,2804.46,256.7,65.1,UPI,1,FALSE,Delivered,4
ORD-01837,25-03-2022,CUST54771,Arjun Nair,26,Male,South,Chennai,Sports,Yoga Mat,9,8324.77,0.01,74915.44,19757.51,114.04,Net Banking,4,FALSE,Shipped,3
ORD-03375,31-12-2023,CUST69853,Deepa Chatterjee,26,Other,East,Patna,Electronics,Camera,1,39921.4,0.23,39829.58,4657.8,79.95,Credit Card,5,FALSE,Delivered,1
ORD-00352,31-05-2020,CUST23957,Aditya Joshi,36,Male,West,Ahmedabad,Sports,Dumbbells,3,5934.84,0.4,17733.3,3428.34,72.22,Cash on Delivery,4,FALSE,Shipped,2
ORD-03565,28-03-2024,CUST40074,Kavya Patel,59,Male,West,Mumbai,Groceries,Rice (5Kg),9,158.32,0.22,1421.75,114.52,64.86,EMI,3,FALSE,Delivered,10
ORD-03987,15-09-2024,CUST84905,Pooja Bhat,28,Male,East,Bhubaneswar,Groceries,Flour,10,394.18,0.11,3937.46,380.98,90.1,UPI,3,FALSE,Delivered,3
ORD-03285,19-11-2023,CUST64046,Shreya Mishra,15,Other,Central,Nagpur,Furniture,Chair,7,30237.39,0.15,211344.24,38187.73,68.65,Credit Card,5,FALSE,Cancelled,8
ORD-03045,08-10-2023,CUST54485,Karan Kapoor,42,Male,South,Bangalore,Groceries,Tea,4,474.68,0.3,1893.02,156.82,41.43,Credit Card,3,FALSE,Delivered,7
ORD-03187,10-09-2023,CUST63003,Nisha Mehta,40,Female,Central,Indore,Electronics,Smartphone,2,15759.44,0.15,31471.6,3914.94,66.72,Net Banking,5,FALSE,Delivered,10
ORD-03170,10-04-2023,CUST69634,Nikhil Reddy,34,Male,East,Patna,Books,Fiction Novel,8,344.93,0.06,2757.78,1292.82,61.8,Net Banking,3,FALSE,Delivered,3
ORD-02112,18-07-2022,CUST60338,Nikhil Joshi,33,Female,North,Amritsar,Furniture,Chair,4,3037.37,0.1,12137.33,3013.5,45.31,Debit Card,3,FALSE,Cancelled,4
ORD-01355,09-02-2021,CUST96314,Ananya Pillai,17,Other,Central,Bhopal,Beauty,Lipstick,10,565.58,0.36,5635.44,2129.62,37.31,EMI,3,TRUE,Returned,9
ORD-03828,22-07-2024,CUST16772,Ritu Mehta,35,Other,Central,Indore,Electronics,Smartwatch,3,45894.21,0.11,137531.18,29426.2,51.2,UPI,2,FALSE,Delivered,3
ORD-00769,14-12-2020,CUST22535,Priya Das,27,Female,Central,Bhopal,Furniture,Desk,9,20678.49,0.35,185455.04,33141.7,46.74,Credit Card,2,FALSE,Delivered,5
ORD-01203,26-06-2021,CUST20494,Karan Bhat,58,Other,South,Hyderabad,Clothing,Dress,1,3505.24,0.31,3494.37,1621.58,55.77,UPI,3,FALSE,Delivered,9
ORD-01548,25-11-2021,CUST86499,Amit Gupta,29,Other,North,Amritsar,Groceries,Dal (1Kg),5,391.05,0.11,1953.1,27.95,38.52,Credit Card,3,FALSE,Shipped,10
ORD-03754,23-06-2024,CUST83515,Amit Shah,33,Male,East,Patna,Groceries,Dal (1Kg),9,298.83,0.1,2686.78,279.53,55.65,EMI,1,TRUE,Returned,1
ORD-01404,25-09-2021,CUST34886,Karan Iyer,25,Female,East,Kolkata,Books,Fiction Novel,10,350.58,0.32,3494.58,916.75,95,UPI,5,FALSE,Delivered,7
ORD-03344,18-12-2023,CUST66556,Ananya Nair,42,Male,North,Chandigarh,Sports,Yoga Mat,6,935.36,0.06,5608.79,161.08,50.09,UPI,1,TRUE,Returned,3
ORD-00023,01-09-2020,CUST78914,Ritu Rao,44,Female,West,Pune,Furniture,Desk,8,12654.92,0.37,100864.77,13136.75,75.7,Cash on Delivery,1,FALSE,Delivered,1
ORD-03573,04-01-2024,CUST13424,Kavya Mishra,16,Other,Central,Nagpur,Furniture,Chair,8,21200.54,0.25,169180.31,52379.78,30.82,Credit Card,5,FALSE,Delivered,9
ORD-03438,30-01-2024,CUST66705,Sunita Shah,51,Other,West,Pune,Books,Self-Help Book,4,523,0.26,2086.56,432,42.17,UPI,4,FALSE,Delivered,5
ORD-02818,09-05-2023,CUST11582,Kavya Kumar,36,Female,Central,Raipur,Beauty,Shampoo,5,576.73,0.07,2881.63,1617.65,61.27,EMI,4,FALSE,Cancelled,2
ORD-03416,21-01-2024,CUST98563,Ananya Pillai,27,Female,West,Ahmedabad,Groceries,Dal (1Kg),10,406.98,0.13,4064.51,185.43,17.51,Net Banking,3,FALSE,Cancelled,1
ORD-00351,31-05-2020,CUST05560,Aditya Shah,36,Other,West,Ahmedabad,Sports,Yoga Mat,9,13555.14,0.2,121752.27,36132.18,93.89,UPI,5,FALSE,Delivered,7
ORD-02653,22-02-2023,CUST19008,Karan Singh,46,Female,Central,Bhopal,Books,Cook Book,6,821.9,0.11,4925.98,1271.26,24.77,Debit Card,4,FALSE,Delivered,5
ORD-00604,26-09-2020,CUST47446,Arjun Gupta,23,Other,East,Guwahati,Furniture,Desk,4,10669.95,0.36,42526.15,9717.32,73.78,EMI,1,FALSE,Delivered,2
ORD-00768,14-12-2020,CUST47322,Ritu Chatterjee,32,Female,Central,Nagpur,Sports,Tennis Racket,4,3803.71,0.1,15199.63,1808.82,75.19,Cash on Delivery,4,FALSE,Delivered,9
ORD-01175,09-06-2021,CUST72525,Vikram Nair,16,Male,North,Amritsar,Clothing,Kurta,10,2096.84,0.04,20960.01,13912.15,29.35,UPI,4,FALSE,Delivered,4
ORD-00596,24-09-2020,CUST30793,Shreya Mehta,29,Male,North,Chandigarh,Beauty,Face Cream,2,2372.24,0.18,4735.94,1389.92,51.38,EMI,5,FALSE,Delivered,1
ORD-02256,09-10-2022,CUST76072,Karan Pillai,21,Other,West,Pune,Furniture,Bookshelf,9,29503.49,0.02,265478.3,62680.47,44.27,Debit Card,1,FALSE,Shipped,3
ORD-01241,14-07-2021,CUST61863,Shreya Joshi,35,Female,East,Guwahati,Groceries,Rice (5Kg),7,245.58,0.24,1714.93,173.17,84.93,Cash on Delivery,5,FALSE,Delivered,3
ORD-01000,30-03-2021,CUST98974,Karan Reddy,38,Female,South,Chennai,Books,Cook Book,4,1425.29,0.21,5689.19,2152.95,84.46,UPI,3,FALSE,Delivered,2
ORD-02229,30-08-2022,CUST82156,Arjun Reddy,35,Male,North,Chandigarh,Furniture,Bookshelf,3,29848.47,0.26,89312.59,26851.32,62.97,Debit Card,5,FALSE,Pending,10
ORD-03572,30-03-2024,CUST95134,Aarav Kumar,32,Other,West,Surat,Sports,Cricket Bat,5,10965.5,0.17,54734.29,10094.56,67.11,Debit Card,3,FALSE,Delivered,3
ORD-03892,08-12-2024,CUST28116,Pooja Bose,20,Other,West,Ahmedabad,Clothing,Jacket,10,1866.54,0.06,18654.2,10235.47,39.49,Credit Card,5,FALSE,Cancelled,7
ORD-00574,14-09-2020,CUST90504,Aarav Sharma,16,Female,West,Pune,Furniture,Sofa,3,8460.49,0.16,25340.86,6671.85,38.06,Cash on Delivery,3,FALSE,Delivered,3
ORD-01591,12-11-2021,CUST83440,Aditya Sharma,21,Female,South,Bangalore,Groceries,Rice (5Kg),8,210.62,0.36,1678.89,51.19,62.4,Net Banking,3,FALSE,Delivered,6
ORD-00499,08-07-2020,CUST68621,Sunita Nair,50,Other,East,Kolkata,Groceries,Cooking Oil,4,299.75,0.01,1198.88,109.11,106.26,EMI,2,FALSE,Cancelled,7
ORD-01130,25-05-2021,CUST78754,Aditya Mehta,16,Other,West,Mumbai,Books,Cook Book,7,862.1,0.39,6011.16,1476.96,72.68,EMI,1,TRUE,Returned,8
ORD-00756,12-09-2020,CUST60860,Aarav Bose,35,Other,West,Mumbai,Clothing,Kurta,7,446.81,0.07,3125.48,594.44,79.49,Net Banking,1,FALSE,Cancelled,1
ORD-02357,16-10-2022,CUST17365,Nikhil Pillai,36,Female,Central,Raipur,Groceries,Rice (5Kg),8,394.24,0.28,3145.09,208.28,66.63,Credit Card,1,FALSE,Delivered,4
ORD-02897,06-06-2023,CUST64599,Priya Verma,60,Female,North,Amritsar,Electronics,Smartwatch,6,62456.65,0.02,374664.95,72763.11,30.38,Debit Card,4,FALSE,Cancelled,1
ORD-02629,14-02-2023,CUST23638,Shreya Shah,57,Male,Central,Nagpur,Beauty,Shampoo,9,1014.1,0.17,9111.38,2587.13,50.45,Credit Card,1,FALSE,Delivered,10
ORD-01317,15-08-2021,CUST37544,Vikram Mehta,35,Other,North,Amritsar,Furniture,Wardrobe,10,26198.4,0.08,261774.41,92292.36,42.39,Credit Card,4,FALSE,Delivered,2
ORD-03043,08-09-2023,CUST77236,Shreya Mehta,53,Female,Central,Bhopal,Beauty,Lipstick,4,369.22,0.19,1474.07,791.13,38.15,Credit Card,5,FALSE,Delivered,9
ORD-04152,12-07-2024,CUST27678,Kavya Kapoor,39,Other,South,Hyderabad,Groceries,Tea,6,199.94,0.07,1198.8,90.06,70.92,Credit Card,3,FALSE,Shipped,10
ORD-00084,02-03-2020,CUST43984,Meera Kumar,58,Male,North,Ludhiana,Clothing,Kurta,2,1849.33,0.36,3685.34,453.68,31.92,UPI,5,FALSE,Delivered,5
ORD-00539,25-08-2020,CUST19345,Ananya Pillai,53,Other,Central,Indore,Clothing,Jacket,6,2567.4,0.31,15356.65,899209.6,74.46,EMI,3,FALSE,Delivered,5
ORD-01926,05-02-2022,CUST98569,Amit Joshi,29,Female,West,Mumbai,Beauty,Lipstick,4,1147.98,0.2,4582.74,3168.26,65.04,Credit Card,4,FALSE,Shipped,3
ORD-03361,25-12-2023,CUST86557,Rahul Patel,42,Male,South,Hyderabad,Clothing,Dress,9,498.04,0.17,4474.74,846.9,66.24,EMI,2,FALSE,Cancelled,9
ORD-02174,08-11-2022,CUST21947,Pooja Das,14,Male,Central,Raipur,Groceries,Rice (5Kg),4,226.35,0.07,904.77,91.52,55.59,Debit Card,1,FALSE,Pending,3
ORD-01785,03-03-2022,CUST57566,Sanjay Kumar,36,Male,South,Chennai,Groceries,Rice (5Kg),10,206.1,0.35,2053.79,133.97,79.95,UPI,2,FALSE,Delivered,1
ORD-02544,09-01-2023,CUST94242,Kavya Gupta,46,Male,North,Chandigarh,Furniture,Bookshelf,7,14759.75,0.17,103142.61,15358.82,24.99,EMI,3,FALSE,Delivered,4
ORD-00016,01-06-2020,CUST31154,Pooja Kapoor,34,Female,East,Patna,Clothing,Jeans,5,669.43,0.01,3346.82,710.9,82.42,Credit Card,4,FALSE,Delivered,10
ORD-01005,31-03-2021,CUST25038,Ritu Iyer,20,Female,Central,Raipur,Electronics,Laptop,4,68084.1,0.37,271328.76,13906.21,69.36,Debit Card,3,FALSE,Delivered,3
ORD-02197,16-08-2022,CUST78749,Aarav Joshi,36,Male,South,Hyderabad,Clothing,Jacket,7,1443.52,0.13,10091.5,3465.68,55.23,Credit Card,1,TRUE,Returned,5
ORD-01714,02-02-2022,CUST52422,Priya Mishra,34,Other,Central,Indore,Sports,Football,5,13240.63,0.26,66031.02,9265.4,67.49,Net Banking,5,FALSE,Delivered,5
ORD-01722,05-02-2022,CUST63028,Deepa Mishra,31,Other,Central,Bhopal,Groceries,Tea,8,367.78,0.05,2940.77,156.67,59.05,Net Banking,3,FALSE,Delivered,10
ORD-01626,27-12-2021,CUST71913,Aditya Das,49,Female,East,Guwahati,Sports,Cricket Bat,8,5432.7,0.02,43452.91,4581.83,74.44,Credit Card,4,FALSE,Delivered,3
ORD-04025,13-10-2024,CUST94922,Arjun Reddy,58,Other,Central,Indore,Beauty,Face Cream,10,1026.66,0.13,10253.25,4511.59,101.7,Debit Card,2,FALSE,Shipped,8
ORD-02917,16-06-2023,CUST53514,Karan Patel,25,Female,East,Kolkata,Groceries,Flour,9,374.09,0.17,3361.09,397.05,78.38,Debit Card,1,TRUE,Returned,8
ORD-03254,11-05-2023,CUST62167,Aarav Nair,34,Other,North,Ludhiana,Groceries,Sugar,6,131.77,0.35,787.85,57.45,58.15,Debit Card,5,FALSE,Delivered,3
ORD-03240,11-01-2023,CUST64411,Arjun Kapoor,34,Other,South,Hyderabad,Groceries,Tea,6,160.41,0.3,959.57,63.9,77.63,Net Banking,1,FALSE,Delivered,3
ORD-03770,28-06-2024,CUST96876,Nikhil Sharma,35,Other,South,Bangalore,Electronics,Smartwatch,6,21887.79,0.34,130880.23,3466.29,71.52,Debit Card,5,FALSE,Delivered,9
ORD-03698,25-05-2024,CUST96903,Sunita Gupta,34,Male,Central,Raipur,Electronics,Camera,9,40526.75,0.37,363391.21,34699.61,66.27,Debit Card,3,TRUE,Returned,8
ORD-00220,04-05-2020,CUST34125,Arjun Das,53,Male,South,Kochi,Electronics,Smartwatch,7,9567.57,0.15,66872.53,6346.79,57.59,UPI,2,TRUE,Returned,5
ORD-01606,17-12-2021,CUST76863,Rahul Iyer,34,Female,South,Hyderabad,Electronics,Camera,1,44910.55,0.23,44807.26,1789.8,63.09,Cash on Delivery,3,TRUE,Returned,10
ORD-00188,24-03-2020,CUST84898,Deepa Mishra,45,Male,East,Kolkata,Electronics,Smartphone,1,6658.64,0.06,6654.64,702.66,108.65,UPI,4,FALSE,Delivered,10
ORD-03444,02-02-2024,CUST31786,Pooja Verma,23,Other,North,Delhi,Furniture,Sofa,1,18541.2,0.28,18489.28,4220.82,26.45,Cash on Delivery,5,FALSE,Delivered,9
ORD-01492,11-02-2021,CUST52972,Karan Rao,47,Male,West,Ahmedabad,Beauty,Face Cream,1,214.05,0.33,213.34,35.96,36.57,UPI,3,FALSE,Delivered,10
ORD-01673,17-01-2022,CUST61953,Nikhil Iyer,36,Male,West,Mumbai,Beauty,Perfume,7,1098.02,0.23,7668.46,2091.36,61.05,Cash on Delivery,3,FALSE,Delivered,10
ORD-00645,15-10-2020,CUST20584,Sanjay Nair,38,Female,East,Kolkata,Books,Self-Help Book,9,1306.28,0.21,11731.83,4280.66,74.54,Net Banking,1,FALSE,Delivered,4
ORD-01025,04-09-2021,CUST16923,Nisha Bhat,36,Male,North,Amritsar,Sports,Tennis Racket,4,9380.72,0.29,37414.06,1739854,72.62,Net Banking,4,FALSE,Delivered,4
ORD-01835,25-03-2022,CUST19761,Sanjay Gupta,35,Other,East,Bhubaneswar,Groceries,Rice (5Kg),6,113.85,0.12,682.28,42.47,94.73,UPI,5,FALSE,Delivered,9
ORD-03501,03-01-2024,CUST99295,Pooja Shah,61,Male,South,Chennai,Beauty,Hair Oil,2,2459.27,0.22,4907.72,2550.26,90.29,Credit Card,5,FALSE,Delivered,2
ORD-01836,25-03-2022,CUST59858,Arjun Chatterjee,51,Female,Central,Raipur,Clothing,Dress,4,3759.12,0.06,15027.46,5889.66,49.87,Cash on Delivery,3,FALSE,Delivered,1
ORD-02683,03-09-2023,CUST18854,Pooja Nair,53,Female,Central,Bhopal,Books,Fiction Novel,7,291.53,0.08,2039.08,571.02,71.31,Credit Card,1,FALSE,Delivered,3
ORD-03701,26-05-2024,CUST18957,Ritu Shah,34,Male,Central,Indore,Groceries,Rice (5Kg),7,314.01,0.22,2193.23,279.75,47.43,UPI,1,TRUE,Returned,5
ORD-04039,18-10-2024,CUST38048,Nisha Bose,32,Male,Central,Nagpur,Sports,Cycle,1,13524.69,0.16,13503.05,2590.87,66.76,UPI,5,FALSE,Delivered,6
ORD-01471,24-10-2021,CUST70306,Amit Singh,18,Male,Central,Raipur,Clothing,Dress,4,2744.4,0.06,10971.01,3617.26,63.69,EMI,1,FALSE,Pending,7
ORD-02561,14-01-2023,CUST34744,Meera Joshi,38,Male,North,Ludhiana,Electronics,Tablet,6,8947.94,0.18,53591,4114.43,67.17,Net Banking,4,FALSE,Cancelled,10
ORD-02297,23-09-2022,CUST42672,Kavya Nair,33,Male,West,Mumbai,Beauty,Perfume,5,926.42,0.25,4620.52,1528.7,64.01,Debit Card,5,FALSE,Shipped,6
ORD-03108,09-05-2023,CUST73404,Ritu Patel,36,Male,Central,Bhopal,Electronics,Smartphone,9,26560.24,0.2,238564.08,32963.32,47.86,Debit Card,2,FALSE,Delivered,10
ORD-01121,20-05-2021,CUST42961,Rahul Reddy,44,Female,West,Pune,Sports,Cricket Bat,4,2049.02,0.11,8187.06,1625.17,77.49,Cash on Delivery,2,FALSE,Delivered,1
ORD-04059,26-10-2024,CUST50161,Priya Mishra,25,Female,South,Chennai,Groceries,Dal (1Kg),7,352.63,0.25,2462.24,173.35,62.95,Net Banking,3,TRUE,Returned,5
ORD-03653,05-06-2024,CUST59471,Karan Mehta,28,Other,South,Kochi,Clothing,Jacket,7,3210.04,0.38,22384.89,8603.97,60.3,Credit Card,3,TRUE,Returned,1
ORD-03548,21-03-2024,CUST66417,Vikram Rao,21,Other,East,Patna,Clothing,T-Shirt,8,894.69,0.02,7156.09,1742.56,62.56,Cash on Delivery,5,FALSE,Delivered,6
ORD-02642,17-02-2023,CUST28950,Ritu Iyer,48,Male,East,Guwahati,Clothing,Jeans,9,3701.68,0.25,33231.83,10141.91,66.89,Credit Card,5,FALSE,Delivered,2
ORD-01107,14-05-2021,CUST94112,Pooja Nair,25,Male,West,Surat,Sports,Tennis Racket,9,12847.76,0.18,115421.71,26810.1,59.25,EMI,3,FALSE,Pending,2
ORD-01743,13-02-2022,CUST21723,Kavya Gupta,31,Other,North,Ludhiana,Books,Comic Book,3,1239.02,0.3,3705.91,753.81,47.04,Credit Card,3,FALSE,Delivered,1
ORD-03587,04-09-2024,CUST49861,Rahul Bhat,36,Female,South,Chennai,Beauty,Sunscreen,10,1227.43,0.31,12236.25,6994.21,88.5,Debit Card,5,FALSE,Delivered,3
ORD-02306,29-09-2022,CUST12892,Nisha Pillai,35,Male,Central,Nagpur,Clothing,Jacket,2,3165.33,0.27,6313.57,1737.74,73.28,Credit Card,4,FALSE,Delivered,2
ORD-02019,06-09-2022,CUST93903,Karan Patel,28,Other,Central,Indore,Groceries,Sugar,10,430.31,0.09,4299.23,397.37,47.6,Net Banking,1,FALSE,Delivered,2
ORD-01432,10-07-2021,CUST02652,Nisha Mehta,32,Male,North,Chandigarh,Sports,Tennis Racket,5,10759.43,0.18,53700.32,10920.96,43.85,UPI,4,FALSE,Delivered,2
ORD-02901,06-08-2023,CUST57226,Rahul Nair,21,Female,West,Ahmedabad,Books,Cook Book,6,471.17,0.18,2821.93,1337.48,88.71,Cash on Delivery,4,FALSE,Cancelled,1
ORD-01156,06-03-2021,CUST97655,Sanjay Kapoor,45,Female,North,Amritsar,Groceries,Sugar,2,346.78,0.3,691.48,68.49,0.51,Net Banking,1,FALSE,Delivered,2
ORD-02148,31-07-2022,CUST63511,Pooja Nair,28,Male,East,Patna,Books,Fiction Novel,6,817.12,0.36,4885.07,1524.76,74.5,Cash on Delivery,1,TRUE,Returned,9
ORD-02168,09-08-2022,CUST41061,Priya Iyer,39,Male,West,Mumbai,Books,Textbook,4,426.71,0.25,1702.57,838.62,39.2,Debit Card,4,TRUE,Returned,8
ORD-03098,09-01-2023,CUST98755,Arjun Chatterjee,39,Other,Central,Raipur,Electronics,Tablet,1,22693.39,0.08,22675.24,4153.76,48.31,Net Banking,5,FALSE,Delivered,9
ORD-04021,10-08-2024,CUST14904,Ritu Reddy,37,Male,South,Bangalore,Books,Self-Help Book,5,1217.44,0.33,6067.11,1440,66.03,Cash on Delivery,5,FALSE,Delivered,4
ORD-01075,05-02-2021,CUST51934,Rahul Joshi,28,Male,West,Surat,Groceries,Flour,8,208.12,0.16,1662.3,110.57,77.98,UPI,3,FALSE,Delivered,7
ORD-01935,04-05-2022,CUST62118,Deepa Kumar,34,Female,North,Chandigarh,Groceries,Tea,6,429.91,0.13,2576.11,145.45,42.69,Debit Card,5,FALSE,Delivered,3
ORD-02195,15-08-2022,CUST93002,Rahul Mehta,39,Other,East,Bhubaneswar,Furniture,Bookshelf,1,27840.27,0.33,27748.4,7118.47,59.77,Cash on Delivery,4,FALSE,Delivered,4
ORD-03623,24-04-2024,CUST36037,Sanjay Kumar,39,Male,East,Guwahati,Clothing,Saree,6,805.73,0.39,4815.53,2273.25,96.9,Credit Card,1,FALSE,Delivered,9
ORD-04139,12-04-2024,CUST95283,Ananya Chatterjee,31,Male,Central,Bhopal,Sports,Football,6,3886.22,0.24,23261.36,489.55,40.87,Debit Card,4,TRUE,Returned,4
ORD-02082,07-07-2022,CUST70646,Karan Bhat,39,Male,North,Amritsar,Groceries,Flour,2,345.49,0.39,688.29,51.95,61.64,UPI,4,FALSE,Delivered,10
ORD-02286,19-09-2022,CUST95250,Arjun Shah,44,Female,North,Delhi,Sports,Football,9,3394.34,0.06,30530.73,8874.98,16.96,Debit Card,2,TRUE,Returned,8
ORD-01748,15-02-2022,CUST68997,Pooja Kumar,56,Female,East,Kolkata,Clothing,Saree,10,3465.09,0.2,34581.6,8796.12,99.4,EMI,5,FALSE,Delivered,9
ORD-01860,04-01-2022,CUST41096,Kavya Reddy,27,Male,West,Surat,Furniture,Bookshelf,10,21474.06,0.33,214031.96,31877.36,49.93,EMI,2,FALSE,Delivered,8
ORD-01169,08-06-2021,CUST81880,Aditya Mehta,34,Other,West,Ahmedabad,Sports,Cricket Bat,5,9004.02,0,45020.1,9315.67,69.24,EMI,5,FALSE,Delivered,6
ORD-00369,07-06-2020,CUST07373,Sunita Iyer,32,Female,East,Guwahati,Books,Fiction Novel,5,1078.72,0.03,5391.98,3203.59,78.46,Cash on Delivery,4,FALSE,Delivered,4
ORD-01979,25-05-2022,CUST52587,Rohan Das,46,Male,North,Amritsar,Beauty,Hair Oil,8,1707.74,0.01,13660.55,10051.04,76.8,Debit Card,2,FALSE,Delivered,3
ORD-01173,06-09-2021,CUST01335,Ananya Joshi,36,Male,North,Chandigarh,Furniture,Desk,7,17851.56,0.08,124860.95,60713.1,54.22,EMI,3,FALSE,Shipped,2
ORD-01566,12-01-2021,CUST20422,Karan Shah,13,Female,North,Delhi,Books,Cook Book,3,675.22,0.25,2020.6,371.91,21.24,EMI,5,FALSE,Delivered,8
ORD-00853,24-01-2021,CUST13945,Karan Kapoor,39,Male,North,Ludhiana,Clothing,Jeans,8,1814.02,0.36,14459.92,2084.5,67.95,UPI,1,FALSE,Cancelled,6
ORD-02762,04-10-2023,CUST36388,Aarav Gupta,44,Other,North,Chandigarh,Furniture,Chair,7,10222.85,0.32,71330.96,28655.62,44.75,UPI,3,FALSE,Cancelled,10
ORD-03677,16-05-2024,CUST13845,Pooja Joshi,24,Female,West,Pune,Books,Self-Help Book,5,386.11,0.05,1929.58,740.13,71.81,Cash on Delivery,3,FALSE,Shipped,7
ORD-00342,28-05-2020,CUST87199,Shreya Mishra,32,Other,South,Hyderabad,Sports,Football,8,14818.6,0.11,118418.4,27352.51,79.9,UPI,5,FALSE,Delivered,6
ORD-03227,28-10-2023,CUST26871,Nisha Bhat,26,Female,Central,Raipur,Books,Textbook,4,653.78,0.39,2604.92,702.11,57.6,Credit Card,3,FALSE,Cancelled,4
ORD-02547,01-12-2023,CUST35370,Meera Iyer,13,Male,South,Hyderabad,Furniture,Desk,10,4609.6,0.39,45916.23,6267.09,72.79,Cash on Delivery,3,TRUE,Returned,4
ORD-03009,26-07-2023,CUST37112,Rohan Pillai,35,Female,East,Guwahati,Books,Textbook,7,520.82,0.15,3640.27,1554.74,78.67,EMI,3,FALSE,Delivered,6
ORD-00286,05-07-2020,CUST11198,Aarav Gupta,26,Male,East,Guwahati,Beauty,Shampoo,3,2059.96,0.04,6177.41,3439.24,92.05,Net Banking,1,FALSE,Delivered,8
ORD-03160,30-09-2023,CUST54899,Meera Chatterjee,12,Male,North,Amritsar,Groceries,Sugar,1,89.43,0.2,89.25,6.58,37.63,Credit Card,1,FALSE,Delivered,5
ORD-01757,17-02-2022,CUST67988,Nikhil Kapoor,30,Other,South,Chennai,Beauty,Perfume,3,1566.52,0.37,4682.17,1173.24,81.77,EMI,1,TRUE,Returned,3
ORD-02392,11-01-2022,CUST20067,Priya Bhat,40,Male,North,Ludhiana,Electronics,Laptop,10,34447.29,0.14,343990.64,27631.34,29.16,Credit Card,5,FALSE,Shipped,6
ORD-01863,04-02-2022,CUST08965,Pooja Bose,49,Other,West,Ahmedabad,Furniture,Bookshelf,2,29772.1,0.21,59419.16,17251.72,57.47,Net Banking,2,FALSE,Pending,6
ORD-01011,04-03-2021,CUST27445,Deepa Das,19,Female,South,Hyderabad,Furniture,Bed Frame,1,30648.42,0.39,30528.89,5768.84,99.16,Cash on Delivery,3,FALSE,Cancelled,9
ORD-00798,29-12-2020,CUST23116,Nikhil Verma,57,Female,Central,Nagpur,Electronics,Tablet,4,13059.62,0.11,52181.02,4782.44,56.15,UPI,4,TRUE,Returned,7
ORD-04051,24-10-2024,CUST81236,Sunita Iyer,26,Male,Central,Nagpur,Groceries,Tea,6,358.44,0.33,2143.54,154.69,55.56,EMI,5,FALSE,Delivered,8
ORD-00637,10-12-2020,CUST31450,Rahul Joshi,41,Male,West,Ahmedabad,Groceries,Cooking Oil,3,482.62,0.01,1447.72,63.09,47.14,Net Banking,5,FALSE,Delivered,5
ORD-01842,26-03-2022,CUST29238,Nisha Kapoor,31,Male,South,Hyderabad,Groceries,Rice (5Kg),4,240.11,0.22,958.33,98.61,73.81,Net Banking,3,FALSE,Delivered,10
ORD-02516,28-12-2022,CUST04115,Pooja Mehta,28,Female,East,Patna,Furniture,Wardrobe,6,6993.08,0.36,41807.43,5220.66,87.7,Cash on Delivery,1,FALSE,Delivered,5
ORD-03304,29-11-2023,CUST38933,Sunita Reddy,45,Other,Central,Indore,Beauty,Hair Oil,7,2195.91,0.28,15328.33,3907.75,63.07,UPI,1,TRUE,Returned,6
ORD-02928,20-06-2023,CUST17827,Sunita Bose,40,Other,Central,Indore,Clothing,Kurta,6,3464.49,0.3,20724.58,8946.26,68.97,Credit Card,4,FALSE,Cancelled,5
ORD-02162,08-05-2022,CUST70128,Priya Rao,34,Other,East,Kolkata,Books,Self-Help Book,3,1288.6,0.03,3864.64,1600.29,88.39,Debit Card,5,FALSE,Delivered,2
ORD-01965,18-05-2022,CUST41329,Nikhil Verma,37,Female,West,Mumbai,Clothing,Saree,9,2779.53,0.35,24928.21,8557.51,60.61,EMI,2,FALSE,Delivered,7
ORD-02573,25-01-2023,CUST56165,Nikhil Patel,42,Other,East,Patna,Electronics,Tablet,6,59741.71,0.16,357876.74,37793.71,70.42,Net Banking,5,FALSE,Delivered,10
ORD-00524,19-08-2020,CUST71429,Shreya Shah,26,Female,Central,Bhopal,Electronics,Tablet,1,24574.09,0.31,24497.91,1618.66,51.33,Net Banking,2,TRUE,Returned,9
ORD-01244,16-07-2021,CUST02216,Aditya Gupta,31,Male,North,Chandigarh,Books,Biography,6,1434.91,0.15,8596.55,2933.84,31.36,EMI,2,FALSE,Delivered,6
ORD-02410,11-06-2022,CUST42492,Vikram Das,31,Other,South,Bangalore,Electronics,Smartphone,2,71479.88,0.14,142759.62,10563.18,80.96,Credit Card,4,TRUE,Returned,3
ORD-00411,30-06-2020,CUST25002,Rahul Das,31,Other,South,Chennai,Electronics,Camera,10,55392.79,0.3,552266.12,47237.56,43.11,Net Banking,4,FALSE,Delivered,7
ORD-02285,19-09-2022,CUST27442,Rahul Sharma,25,Female,Central,Nagpur,Beauty,Perfume,6,226.83,0.24,1357.71,638.69,48.65,Debit Card,3,FALSE,Delivered,1
ORD-00443,14-07-2020,CUST99270,Sanjay Iyer,44,Other,North,Ludhiana,Sports,Tennis Racket,5,14604.49,0.14,72920.22,20545.89,79.68,UPI,5,FALSE,Delivered,4
ORD-01551,27-11-2021,CUST57238,Sunita Nair,10,Female,North,Amritsar,Beauty,Sunscreen,2,524.5,0.13,1047.64,357.6,38.55,Debit Card,5,FALSE,Delivered,8
ORD-00359,06-03-2020,CUST46631,Vikram Das,20,Other,South,Chennai,Sports,Dumbbells,4,3114.57,0.04,12453.3,2493.63,77.95,Cash on Delivery,5,FALSE,Delivered,5
ORD-01204,27-06-2021,CUST58365,Karan Mehta,34,Male,Central,Nagpur,Clothing,Dress,6,1824.73,0.07,10940.72,4404.16,111.66,EMI,1,TRUE,Returned,1
ORD-02758,04-09-2023,CUST17548,Deepa Singh,38,Other,North,Ludhiana,Books,Comic Book,10,1140.33,0.27,11372.51,3683.76,52.27,EMI,3,FALSE,Delivered,2
ORD-00315,17-05-2020,CUST62709,Ananya Verma,30,Male,East,Guwahati,Books,Self-Help Book,10,635.99,0.16,6349.72,3155.48,88.69,EMI,2,FALSE,Delivered,1
ORD-02014,06-06-2022,CUST26242,Rohan Chatterjee,50,Female,North,Delhi,Furniture,Sofa,9,18354.53,0.4,164530.01,46776.23,60.02,Credit Card,3,FALSE,Delivered,10
ORD-00806,01-04-2021,CUST73115,Ritu Iyer,25,Male,Central,Nagpur,Beauty,Lipstick,5,2326.77,0.38,11589.64,2891.02,74.06,EMI,4,FALSE,Shipped,6
ORD-02679,03-06-2023,CUST93760,Nikhil Kapoor,48,Male,East,Patna,Groceries,Cooking Oil,8,412.18,0.37,3285.24,237.24,74.88,Debit Card,2,FALSE,Cancelled,3
ORD-00035,13-01-2020,CUST07419,Priya Nair,33,Female,West,Ahmedabad,Sports,Tennis Racket,3,14820.82,0.39,44289.06,4987.3,45,Debit Card,3,FALSE,Delivered,5
ORD-01207,29-06-2021,CUST44749,Pooja Singh,21,Female,South,Chennai,Clothing,Kurta,7,1092.77,0.25,7630.27,2746.44,79.09,Credit Card,2,FALSE,Delivered,10
ORD-03186,10-09-2023,CUST37684,Rohan Mishra,46,Other,North,Delhi,Books,Fiction Novel,4,1295.21,0.1,5175.66,2321.8,23.54,Credit Card,4,FALSE,Delivered,6
ORD-03315,12-05-2023,CUST93902,Amit Sharma,27,Other,South,Chennai,Beauty,Hair Oil,3,752.34,0.25,2251.38,600.66,65.3,Net Banking,5,FALSE,Delivered,1
ORD-02563,16-01-2023,CUST04574,Sunita Shah,11,Female,South,Chennai,Sports,Football,5,4093.28,0.23,20419.33,2444.13,77.13,Debit Card,2,FALSE,Cancelled,7
ORD-03706,30-05-2024,CUST22929,Ananya Singh,29,Other,North,Chandigarh,Clothing,Dress,8,2994.98,0.2,23911.92,11180.42,45.43,Net Banking,5,FALSE,Delivered,5
ORD-03895,13-08-2024,CUST09260,Rohan Bhat,58,Female,West,Ahmedabad,Clothing,Jeans,3,3209.05,0.24,9604.04,4002.87,53.21,Credit Card,3,TRUE,Returned,7
ORD-00026,01-10-2020,CUST14542,Kavya Chatterjee,31,Female,South,Kochi,Groceries,Flour,7,423.99,0.21,2961.7,189.37,45.05,Cash on Delivery,1,FALSE,Delivered,8
ORD-04150,12-07-2024,CUST41606,Arjun Verma,26,Female,North,Ludhiana,Electronics,Headphones,2,51176.53,0.12,102230.24,8619.13,59.77,Cash on Delivery,2,FALSE,Delivered,3
ORD-02234,31-08-2022,CUST98675,Sunita Shah,28,Female,East,Bhubaneswar,Beauty,Lipstick,8,1190.38,0.29,9495.42,5877.03,93.18,UPI,1,TRUE,Returned,1
ORD-03427,25-01-2024,CUST72511,Sunita Gupta,34,Male,Central,Raipur,Groceries,Dal (1Kg),5,470.22,0.07,2349.45,28.04,65.41,Debit Card,2,FALSE,Delivered,4
ORD-01311,08-12-2021,CUST00450,Sanjay Iyer,39,Male,West,Ahmedabad,Electronics,Smartwatch,7,63396.04,0.05,443550.39,47623.99,47.91,EMI,3,FALSE,Delivered,2
ORD-00314,17-05-2020,CUST45424,Pooja Gupta,38,Male,West,Mumbai,Sports,Cricket Bat,6,3765.92,0.27,22534.51,5247.02,90.54,UPI,4,FALSE,Delivered,9
ORD-02156,08-04-2022,CUST99111,Meera Nair,33,Other,Central,Bhopal,Beauty,Sunscreen,1,1864.55,0.02,1864.18,835.39,82.42,EMI,1,TRUE,Returned,5
ORD-02101,13-07-2022,CUST17742,Meera Verma,47,Female,South,Hyderabad,Electronics,Smartphone,6,9010.34,0.38,53856.6,5134.33,75.34,UPI,4,FALSE,Delivered,10
ORD-00733,12-01-2020,CUST15499,Priya Mishra,34,Other,West,Mumbai,Furniture,Desk,9,12544.46,0.21,112663.05,23589.88,79.05,Debit Card,4,FALSE,Delivered,4
ORD-01641,01-01-2022,CUST87800,Rahul Patel,51,Male,East,Bhubaneswar,Furniture,Bookshelf,1,27509.11,0.34,27415.58,3413.01,50.42,Credit Card,2,TRUE,Returned,9
ORD-00406,25-06-2020,CUST55912,Rohan Iyer,41,Female,Central,Nagpur,Books,Cook Book,1,794.97,0.15,793.78,213.02,18.34,Debit Card,5,FALSE,Delivered,6
ORD-03604,19-04-2024,CUST22575,Nikhil Mehta,40,Female,Central,Indore,Clothing,Jeans,2,3889.03,0.17,7764.84,4053.26,49.43,Net Banking,3,FALSE,Delivered,4
ORD-00419,07-05-2020,CUST41041,Pooja Chatterjee,22,Male,West,Surat,Books,Textbook,2,1319.78,0.11,2636.66,758.61,53.87,Cash on Delivery,5,FALSE,Delivered,5
ORD-01329,20-08-2021,CUST48811,Ananya Kapoor,27,Male,North,Amritsar,Groceries,Flour,1,108.73,0.39,108.31,7.58,51.82,Cash on Delivery,4,FALSE,Shipped,7
ORD-01219,07-04-2021,CUST74829,Sunita Bose,32,Male,Central,Indore,Clothing,Dress,9,3582.63,0.15,32195.3,14700.02,55.73,Credit Card,4,FALSE,Delivered,6
ORD-03413,18-01-2024,CUST01012,Rahul Sharma,29,Male,North,Delhi,Furniture,Chair,4,30995.42,0.28,123634.53,18542.88,39.88,Net Banking,5,FALSE,Delivered,7
ORD-03002,24-07-2023,CUST83812,Karan Chatterjee,40,Other,Central,Indore,Beauty,Hair Oil,3,2358.28,0.21,7059.98,4056.62,66.18,Credit Card,4,FALSE,Delivered,10
ORD-03159,30-09-2023,CUST24304,Kavya Joshi,50,Male,North,Ludhiana,Clothing,Jacket,9,1332.1,0.24,11960.13,3205.48,79,Credit Card,2,FALSE,Delivered,3
ORD-03450,02-05-2024,CUST80072,Ritu Kapoor,37,Other,West,Pune,Clothing,Jacket,9,1826.63,0.07,16428.16,6487.83,57.55,EMI,5,FALSE,Delivered,9
ORD-02992,20-07-2023,CUST09576,Aditya Gupta,49,Male,West,Surat,Sports,Yoga Mat,10,14494.42,0.17,144697.79,37373.97,63.48,UPI,2,FALSE,Delivered,9
ORD-01737,02-10-2022,CUST67585,Vikram Verma,15,Female,Central,Indore,Books,Self-Help Book,9,1403.46,0.3,12593.25,4061.53,49.87,Debit Card,3,TRUE,Returned,6
ORD-01298,08-09-2021,CUST05275,Deepa Bose,36,Male,South,Bangalore,Furniture,Chair,1,13928.4,0.02,13925.61,4982.19,84.29,Debit Card,1,TRUE,Returned,2
ORD-00747,12-06-2020,CUST87215,Vikram Reddy,39,Other,South,Chennai,Furniture,Bookshelf,7,16844.34,0.21,117662.77,17615.41,77.12,EMI,4,FALSE,Delivered,7
ORD-01120,19-05-2021,CUST83419,Priya Das,44,Male,North,Ludhiana,Electronics,Laptop,7,76173.79,0.04,533003.24,99827.84,53.23,Debit Card,3,FALSE,Shipped,4
ORD-02912,06-11-2023,CUST85957,Arjun Rao,46,Other,West,Mumbai,Electronics,Tablet,8,74304.54,0.08,593960.77,73848.3,54.14,EMI,2,FALSE,Delivered,9
ORD-01957,15-05-2022,CUST64737,Rahul Kapoor,57,Other,North,Amritsar,Electronics,Headphones,5,40573.07,0.31,202236.47,20245.06,51.87,UPI,5,FALSE,Delivered,5
ORD-01288,08-03-2021,CUST52141,Ritu Kumar,29,Female,South,Chennai,Electronics,Smartwatch,9,65957.44,0.32,591717.39,88344.08,59.57,Cash on Delivery,5,FALSE,Delivered,6
ORD-02581,27-01-2023,CUST31891,Nikhil Kumar,55,Female,West,Mumbai,Books,Comic Book,10,262.24,0.25,2615.84,706.13,81.67,EMI,3,FALSE,Delivered,5
ORD-00773,15-12-2020,CUST43341,Vikram Singh,46,Other,West,Ahmedabad,Books,Cook Book,6,444.05,0.38,2654.18,392.88,100.75,EMI,4,FALSE,Delivered,10
ORD-00682,11-06-2020,CUST98255,Shreya Gupta,54,Female,West,Pune,Books,Comic Book,9,1493.02,0.15,13417.02,3127.78,40.52,Debit Card,3,FALSE,Delivered,4
ORD-00092,02-05-2020,CUST33858,Sunita Bose,37,Male,West,Surat,Sports,Yoga Mat,10,8101.49,0.21,80844.77,7573.04,83.71,Net Banking,2,TRUE,Returned,7
ORD-02172,08-10-2022,CUST49313,Rohan Verma,38,Other,South,Kochi,Sports,Cricket Bat,4,2688.74,0.36,10716.24,1551.65,54.97,UPI,2,FALSE,Cancelled,1
ORD-00897,02-07-2021,CUST66586,Ritu Mehta,39,Male,North,Amritsar,Furniture,Bookshelf,7,15174.89,0.06,106160.5,24165.11,39.53,EMI,2,FALSE,Delivered,1
ORD-03312,12-03-2023,CUST71934,Arjun Gupta,28,Male,West,Ahmedabad,Electronics,Tablet,4,61847.14,0.28,246695.87,21536.45,70.33,Debit Card,4,TRUE,Returned,5
ORD-00874,02-01-2021,CUST90693,Ritu Bose,28,Male,West,Surat,Clothing,Kurta,7,705.54,0.02,4937.79,1347.79,69.43,Cash on Delivery,3,FALSE,Delivered,6
ORD-01844,26-03-2022,CUST38409,Kavya Verma,46,Other,West,Surat,Clothing,Saree,6,2129.97,0.33,12737.65,4603.57,41.82,Net Banking,2,FALSE,Delivered,1
ORD-04034,16-10-2024,CUST75503,Vikram Bose,44,Other,East,Kolkata,Groceries,Rice (5Kg),9,101.5,0.18,911.86,55.74,85.93,Credit Card,3,FALSE,Shipped,9
ORD-01608,19-12-2021,CUST49887,Sunita Bose,41,Other,West,Pune,Books,Self-Help Book,1,1086.72,0.16,1084.98,191.01,81.14,Cash on Delivery,2,FALSE,Delivered,7
ORD-01258,22-07-2021,CUST67262,Rahul Mishra,48,Other,East,Guwahati,Books,Self-Help Book,9,267.73,0.18,2405.23,797.79,100.33,Debit Card,5,FALSE,Pending,6
ORD-00585,18-09-2020,CUST92797,Kavya Pillai,33,Other,South,Bangalore,Electronics,Camera,6,51958.82,0.09,311472.34,46515.89,67.94,UPI,5,FALSE,Pending,3
ORD-04091,11-09-2024,CUST86939,Deepa Bose,34,Male,East,Kolkata,Electronics,Headphones,4,35242.41,0.19,140701.8,11262.26,105.94,Cash on Delivery,2,FALSE,Delivered,9
ORD-03075,20-08-2023,CUST66159,Shreya Shah,17,Female,East,Kolkata,Furniture,Bookshelf,8,11661.87,0.24,93071.05,28202.79,88.67,Net Banking,5,FALSE,Delivered,3
ORD-02293,21-09-2022,CUST83140,Kavya Iyer,19,Male,Central,Raipur,Furniture,Wardrobe,9,11670.17,0.29,104726.94,25127.73,70.57,Credit Card,2,FALSE,Pending,5
ORD-03389,01-05-2024,CUST12949,Ananya Bhat,34,Other,Central,Nagpur,Clothing,Jeans,3,2014.35,0.34,6022.5,1521.68,55.01,UPI,2,FALSE,Delivered,2
ORD-01409,26-09-2021,CUST49105,Aarav Nair,34,Male,West,Ahmedabad,Sports,Cricket Bat,7,12363.5,0.06,86492.57,13170.87,61.11,EMI,1,FALSE,Shipped,5
ORD-04106,18-11-2024,CUST44096,Karan Mehta,24,Male,West,Ahmedabad,Clothing,Saree,6,3683.81,0.14,22071.92,6945.87,62.15,Credit Card,3,FALSE,Delivered,7
ORD-02488,16-12-2022,CUST92446,Arjun Pillai,38,Female,Central,Nagpur,Clothing,Saree,7,3070.57,0.11,21470.35,5224.39,34.38,Credit Card,1,FALSE,Delivered,2
ORD-02468,12-06-2022,CUST62783,Priya Mishra,35,Male,South,Bangalore,Clothing,T-Shirt,10,1323.89,0.17,13216.39,2864.34,73.19,Credit Card,3,FALSE,Delivered,6
ORD-03558,26-03-2024,CUST69842,Ritu Bose,28,Female,West,Mumbai,Electronics,Smartphone,6,17236.67,0.25,103161.47,1792.51,70.71,Net Banking,3,FALSE,Delivered,2
ORD-03872,08-06-2024,CUST05197,Deepa Rao,31,Other,East,Kolkata,Electronics,Smartwatch,1,32097.99,0.19,32037,5312.93,86.5,Net Banking,5,FALSE,Delivered,10
ORD-04053,24-10-2024,CUST88893,Sunita Reddy,16,Male,Central,Indore,Groceries,Rice (5Kg),5,127.17,0.13,635.02,51.77,79.36,Debit Card,5,FALSE,Cancelled,8
ORD-01927,05-02-2022,CUST95099,Nisha Verma,23,Other,West,Pune,Clothing,Kurta,9,2847.87,0.1,25605.2,12191.27,82.56,Debit Card,2,FALSE,Cancelled,1
ORD-03251,11-05-2023,CUST86211,Arjun Kumar,26,Male,West,Pune,Clothing,Dress,5,3838.12,0.33,19127.27,4808.14,32.22,UPI,3,FALSE,Delivered,1
ORD-01913,25-04-2022,CUST36526,Ananya Kapoor,34,Other,Central,Nagpur,Sports,Tennis Racket,9,1049.52,0.1,9436.23,2621.33,73.93,EMI,2,FALSE,Delivered,5
ORD-00430,07-08-2020,CUST04699,Nikhil Pillai,23,Male,South,Chennai,Electronics,Laptop,9,57811.07,0.11,519727.3,69255.11,81.93,Credit Card,1,FALSE,Delivered,6
ORD-03805,07-12-2024,CUST88017,Aditya Shah,28,Female,East,Guwahati,Clothing,T-Shirt,9,2080.99,0.16,18698.94,8715.61,71.25,Net Banking,4,FALSE,Delivered,10
ORD-03311,12-02-2023,CUST69847,Nikhil Rao,53,Female,East,Guwahati,Furniture,Bookshelf,7,17240.23,0.18,120464.38,29154.44,70.02,UPI,2,FALSE,Delivered,10
ORD-04002,23-09-2024,CUST44623,Sunita Shah,31,Female,South,Kochi,Books,Fiction Novel,5,893.6,0.03,4466.66,1918.52,70.92,Debit Card,1,FALSE,Delivered,2
ORD-01009,04-01-2021,CUST88411,Vikram Nair,24,Female,East,Bhubaneswar,Groceries,Dal (1Kg),5,417.1,0.07,2084.04,234.32,91.09,Cash on Delivery,5,FALSE,Delivered,5
ORD-01669,15-01-2022,CUST66582,Deepa Singh,34,Female,South,Hyderabad,Electronics,Tablet,9,32073.99,0.13,288290.64,25075.11,53.93,Debit Card,1,FALSE,Delivered,1
ORD-03539,17-03-2024,CUST80870,Vikram Bhat,39,Male,East,Kolkata,Furniture,Desk,1,13132.98,0.37,13084.39,2437.06,64.72,Cash on Delivery,3,FALSE,Delivered,9
ORD-03910,16-08-2024,CUST13303,Arjun Bhat,17,Other,South,Bangalore,Beauty,Lipstick,2,339.31,0.14,677.67,266.52,77.85,Credit Card,3,FALSE,Delivered,2
ORD-02860,29-05-2023,CUST89287,Amit Verma,43,Other,South,Hyderabad,Groceries,Tea,4,176.79,0.34,704.76,71.67,64.69,UPI,2,FALSE,Delivered,4
ORD-00441,07-12-2020,CUST63862,Sunita Kapoor,26,Other,East,Patna,Sports,Cricket Bat,2,1653.6,0.04,3305.88,970.42,65.98,UPI,2,FALSE,Cancelled,9
ORD-01942,05-08-2022,CUST68557,Sunita Patel,43,Male,North,Amritsar,Books,Cook Book,6,1175.95,0.21,7040.88,2412.95,48.24,UPI,1,FALSE,Delivered,8
ORD-03242,11-01-2023,CUST97241,Vikram Iyer,23,Female,North,Ludhiana,Electronics,Camera,2,5533.58,0.28,11036.17,1116.53,64.26,UPI,3,FALSE,Delivered,5
ORD-03830,23-07-2024,CUST01634,Sunita Kumar,34,Male,West,Mumbai,Books,Textbook,4,1110.24,0.37,4424.53,2178.27,50.74,Debit Card,3,FALSE,Shipped,4
ORD-03782,07-03-2024,CUST04568,Rohan Joshi,43,Other,West,Surat,Beauty,Shampoo,4,1596.7,0.35,6364.45,2976.56,47.58,Cash on Delivery,2,FALSE,Delivered,8
ORD-03175,10-05-2023,CUST40113,Arjun Das,39,Other,South,Hyderabad,Electronics,Camera,5,11373.83,0.07,56829.34,8643.41,51.2,UPI,2,FALSE,Pending,7
ORD-00202,30-03-2020,CUST45698,Aarav Singh,35,Other,East,Guwahati,Electronics,Camera,1,61584.97,0.16,61486.43,4451.98,62.25,Net Banking,3,TRUE,Returned,6
ORD-00112,02-11-2020,CUST64249,Kavya Kumar,31,Female,South,Hyderabad,Books,Comic Book,4,514.81,0.29,2053.27,506.71,90.95,Net Banking,3,TRUE,Returned,8
ORD-02325,10-06-2022,CUST90684,Nisha Kumar,33,Other,East,Guwahati,Furniture,Wardrobe,6,3653.99,0.28,21862.55,857.67,97.14,Cash on Delivery,4,FALSE,Delivered,8
ORD-03914,19-08-2024,CUST37605,Priya Gupta,41,Female,East,Bhubaneswar,Books,Self-Help Book,9,252.57,0.22,2268.13,1540.74,68.92,Net Banking,5,FALSE,Delivered,4
ORD-02035,16-06-2022,CUST24912,Vikram Chatterjee,20,Female,South,Kochi,Groceries,Flour,3,328.35,0.36,981.5,66.63,38.42,Credit Card,1,TRUE,Returned,3
ORD-03656,07-05-2024,CUST68462,Arjun Verma,22,Male,North,Ludhiana,Groceries,Sugar,7,113.61,0.03,795.03,129.15,65.96,Debit Card,5,FALSE,Delivered,4
ORD-01623,26-12-2021,CUST05179,Priya Mehta,31,Female,North,Amritsar,Sports,Yoga Mat,3,11948.26,0.37,35712.15,3332.82,46.24,EMI,1,TRUE,Returned,9
ORD-01251,17-07-2021,CUST66419,Meera Shah,54,Female,North,Chandigarh,Books,Fiction Novel,3,454.35,0.08,1361.96,662.33,36.88,Net Banking,5,FALSE,Delivered,1
ORD-01522,16-11-2021,CUST98765,Priya Verma,25,Male,South,Chennai,Beauty,Shampoo,9,1726.96,0.23,15506.89,3795.6,92.14,EMI,3,FALSE,Delivered,5
ORD-00089,02-04-2020,CUST25767,Nisha Sharma,28,Female,Central,Nagpur,Books,Self-Help Book,8,466.79,0.13,3729.47,1118.74,75.51,Net Banking,1,TRUE,Returned,10
ORD-00531,22-08-2020,CUST56061,Aarav Iyer,33,Female,Central,Raipur,Furniture,Bookshelf,1,11106.33,0.21,11083.01,3146.8,21.75,EMI,3,FALSE,Delivered,4
ORD-01371,09-10-2021,CUST72149,Aarav Patel,47,Other,South,Chennai,Beauty,Perfume,6,1969.17,0.13,11799.66,3753.53,62.19,Net Banking,4,FALSE,Delivered,7
ORD-01934,05-04-2022,CUST13888,Nikhil Verma,14,Female,East,Bhubaneswar,Clothing,Dress,1,487.63,0.12,487.04,264.52,80.56,Net Banking,3,FALSE,Shipped,6
ORD-03061,17-08-2023,CUST33333,Meera Nair,43,Other,West,Surat,Sports,Tennis Racket,1,8555.4,0.13,8544.28,2139.78,51.56,Net Banking,4,FALSE,Delivered,5
ORD-01179,13-06-2021,CUST89762,Rahul Verma,12,Other,Central,Indore,Electronics,Tablet,2,69650.18,0.37,138784.95,16231.29,72.14,UPI,4,FALSE,Shipped,1
ORD-03799,07-10-2024,CUST47925,Shreya Bose,32,Other,South,Chennai,Electronics,Laptop,6,33794.81,0.2,202363.32,47680.83,53.59,Credit Card,5,FALSE,Delivered,6
ORD-00794,28-12-2020,CUST66490,Arjun Singh,41,Other,South,Hyderabad,Sports,Cricket Bat,3,7407.34,0.1,22199.8,2114.9,49.05,Debit Card,5,FALSE,Delivered,7
ORD-01291,08-05-2021,CUST96686,Priya Patel,32,Other,North,Ludhiana,Beauty,Face Cream,8,460.54,0.18,3677.69,2168.77,52.4,Credit Card,2,FALSE,Delivered,2
ORD-02252,09-08-2022,CUST72140,Ritu Nair,60,Male,East,Guwahati,Groceries,Rice (5Kg),6,415.02,0.39,2480.41,138.97,100.53,Credit Card,1,FALSE,Cancelled,3
ORD-00042,17-01-2020,CUST56144,Shreya Singh,29,Male,East,Patna,Beauty,Shampoo,4,487.69,0.27,1945.49,440.68,86.54,Credit Card,3,FALSE,Delivered,6
ORD-02881,06-03-2023,CUST20568,Sunita Pillai,30,Female,West,Pune,Clothing,Jeans,9,378.42,0,3405.78,1570.94,43.44,Cash on Delivery,4,FALSE,Delivered,8
ORD-01232,07-10-2021,CUST30852,Pooja Mishra,50,Male,North,Chandigarh,Electronics,Camera,10,73418.09,0.12,733299.88,100234.13,47.78,UPI,3,FALSE,Delivered,1
ORD-02822,05-11-2023,CUST92489,Vikram Kumar,29,Female,North,Ludhiana,Sports,Cricket Bat,4,3625.13,0.28,14459.92,4907.54,52.29,Credit Card,1,FALSE,Delivered,8
ORD-03751,21-06-2024,CUST80011,Rahul Chatterjee,35,Male,Central,Raipur,Electronics,Smartphone,8,67283.39,0.11,537675.03,136279.91,61.27,Credit Card,4,FALSE,Delivered,4
ORD-01046,19-04-2021,CUST00053,Priya Iyer,26,Male,South,Bangalore,Books,Fiction Novel,7,845.12,0.31,5897.5,2834.57,62.59,EMI,4,FALSE,Shipped,6
ORD-01873,04-06-2022,CUST87809,Kavya Das,32,Male,North,Chandigarh,Sports,Cricket Bat,3,12278.87,0.07,36810.82,7600.27,55.32,Debit Card,5,FALSE,Delivered,2
ORD-01680,19-01-2022,CUST80666,Priya Shah,21,Female,East,Bhubaneswar,Furniture,Wardrobe,6,21414.6,0.08,128384.81,14653.33,77.51,Cash on Delivery,4,FALSE,Delivered,8
ORD-02521,31-12-2022,CUST93392,Deepa Bhat,26,Male,West,Mumbai,Groceries,Dal (1Kg),9,337.76,0.24,3032.54,132.99,68.46,UPI,3,TRUE,Returned,5
ORD-02666,27-02-2023,CUST26826,Meera Patel,37,Female,East,Bhubaneswar,Beauty,Hair Oil,3,1235.94,0.23,3699.29,1621.5,77.11,EMI,2,FALSE,Delivered,2
ORD-02924,19-06-2023,CUST46273,Sanjay Gupta,19,Male,North,Ludhiana,Electronics,Smartphone,2,20357.2,0.01,40710.33,6315.84,37.02,Credit Card,4,FALSE,Cancelled,5
ORD-01692,24-01-2022,CUST69225,Sanjay Bhat,18,Female,West,Pune,Beauty,Face Cream,7,2018.15,0.11,14111.51,5708.86,69.44,Net Banking,2,FALSE,Pending,1
ORD-01325,17-08-2021,CUST05247,Sunita Singh,27,Other,East,Guwahati,Furniture,Wardrobe,7,7638.75,0.3,53310.84,10853.15,79,Credit Card,5,FALSE,Cancelled,8
ORD-01455,21-10-2021,CUST02169,Amit Mehta,25,Male,West,Surat,Books,Fiction Novel,1,1487.02,0.37,1481.52,327.36,67.16,EMI,3,FALSE,Delivered,8
ORD-02237,09-02-2022,CUST79034,Deepa Gupta,28,Female,East,Kolkata,Furniture,Chair,10,20258.77,0.26,202060.97,44354.41,81.28,UPI,3,FALSE,Delivered,6
ORD-01030,04-11-2021,CUST27078,Kavya Singh,23,Female,South,Chennai,Furniture,Chair,7,15442.1,0.15,107932.56,49080.86,60.99,UPI,2,TRUE,Returned,1
ORD-04196,28-12-2024,CUST70995,Rahul Gupta,40,Male,North,Ludhiana,Electronics,Headphones,5,8516.83,0.34,42439.36,3420.94,56.78,UPI,4,FALSE,Delivered,4
ORD-02574,26-01-2023,CUST72214,Nisha Nair,41,Female,East,Kolkata,Groceries,Rice (5Kg),5,462.27,0.29,2304.65,27.61,74.43,EMI,4,FALSE,Delivered,6
ORD-03121,09-09-2023,CUST63009,Aarav Kapoor,26,Female,East,Guwahati,Clothing,Jeans,3,2461.49,0.17,7371.92,2178.64,112.99,UPI,1,FALSE,Delivered,3
ORD-00581,17-09-2020,CUST52841,Priya Rao,35,Female,Central,Bhopal,Clothing,Jeans,8,3110.11,0.05,24868.44,7429.85,59.8,EMI,5,FALSE,Delivered,1
ORD-02207,20-08-2022,CUST52808,Nisha Kapoor,32,Female,East,Bhubaneswar,Books,Comic Book,8,748.13,0.13,5977.26,2050.35,76.68,Debit Card,2,FALSE,Delivered,3
ORD-03594,04-11-2024,CUST78597,Sanjay Kumar,13,Other,South,Kochi,Electronics,Headphones,6,70873,0.37,423664.62,42189.66,83.88,UPI,3,FALSE,Delivered,4
ORD-00120,16-02-2020,CUST90788,Karan Singh,47,Other,North,Ludhiana,Sports,Cricket Bat,4,2203.36,0.17,8798.46,1176.36,73.93,Credit Card,1,FALSE,Cancelled,1
ORD-01633,29-12-2021,CUST05863,Meera Das,16,Male,South,Hyderabad,Sports,Football,2,13090.85,0.33,26095.3,2166.22,87.29,UPI,2,FALSE,Delivered,5
ORD-01647,01-04-2022,CUST89140,Aditya Pillai,20,Male,West,Surat,Sports,Dumbbells,5,2889.82,0.01,14447.66,2820.46,70.26,Credit Card,5,FALSE,Delivered,9
ORD-02033,15-06-2022,CUST51814,Ritu Kumar,38,Other,East,Guwahati,Sports,Tennis Racket,9,12169.11,0.1,109412.47,29276.65,63.19,Net Banking,5,FALSE,Pending,8
ORD-02302,25-09-2022,CUST57376,Aarav Singh,30,Male,Central,Nagpur,Clothing,Dress,2,1047.08,0.14,2091.23,854.12,49.15,Net Banking,5,FALSE,Delivered,6
ORD-04136,12-03-2024,CUST52875,Shreya Mishra,24,Female,Central,Bhopal,Books,Self-Help Book,2,585.2,0.28,1167.12,375.39,29.42,Debit Card,1,FALSE,Cancelled,2
ORD-01685,21-01-2022,CUST87567,Rahul Shah,41,Other,South,Kochi,Beauty,Hair Oil,5,1126.89,0.3,5617.55,953.02,77.15,EMI,4,FALSE,Delivered,3
ORD-00808,01-05-2021,CUST38701,Meera Sharma,45,Female,East,Kolkata,Sports,Tennis Racket,4,5092.41,0.23,20322.79,3463.99,74.84,Debit Card,4,FALSE,Shipped,9
ORD-02227,29-08-2022,CUST03537,Priya Singh,27,Other,East,Bhubaneswar,Sports,Cricket Bat,1,5779.22,0.31,5761.3,997.26,61.33,Debit Card,4,TRUE,Returned,5
ORD-02880,06-03-2023,CUST70204,Shreya Singh,55,Other,Central,Raipur,Clothing,Jeans,1,2361.96,0.23,2356.53,1189.62,62.61,Cash on Delivery,4,FALSE,Delivered,8
ORD-01460,22-10-2021,CUST92264,Nikhil Chatterjee,38,Female,Central,Bhopal,Books,Self-Help Book,4,875.51,0.3,3491.53,482.57,74.29,Credit Card,3,FALSE,Delivered,3
ORD-00068,25-01-2020,CUST52906,Rohan Bose,22,Other,North,Ludhiana,Clothing,Kurta,9,3803.5,0.19,34166.46,4385.49,29.15,UPI,5,FALSE,Delivered,10
ORD-03265,11-10-2023,CUST91791,Ananya Kapoor,51,Other,North,Chandigarh,Books,Textbook,5,731.88,0.21,3651.72,1291.32,48.81,Net Banking,1,TRUE,Returned,10
ORD-01981,25-05-2022,CUST59895,Sanjay Rao,34,Male,East,Bhubaneswar,Electronics,Smartwatch,10,74467.03,0.06,744223.5,81264.87,92.07,EMI,4,FALSE,Delivered,10
ORD-01376,14-09-2021,CUST33017,Aarav Pillai,56,Female,East,Bhubaneswar,Clothing,Saree,1,2237.32,0.36,2229.27,627.59,70.34,Net Banking,4,FALSE,Cancelled,6
ORD-01105,14-05-2021,CUST80204,Vikram Patel,19,Female,East,Patna,Furniture,Desk,4,25489.41,0.13,101825.1,32943.27,73.78,UPI,3,TRUE,Returned,3
ORD-00113,02-11-2020,CUST93734,Meera Das,49,Other,North,Chandigarh,Groceries,Dal (1Kg),7,315.99,0.13,2209.05,123.62,76.22,Credit Card,1,FALSE,Delivered,4
ORD-03368,29-12-2023,CUST21747,Kavya Shah,19,Female,South,Kochi,Books,Cook Book,8,221.14,0.38,1762.4,527.82,92,Net Banking,4,FALSE,Delivered,8
ORD-01783,03-02-2022,CUST27111,Rohan Gupta,37,Female,West,Ahmedabad,Groceries,Flour,5,86.9,0.34,433.02,31.6,52.67,Net Banking,4,FALSE,Delivered,2
ORD-02280,16-09-2022,CUST85697,Nisha Kumar,38,Male,South,Hyderabad,Furniture,Chair,5,22143.81,0.12,110586.19,31149.72,53.5,EMI,2,TRUE,Returned,8
ORD-03216,22-10-2023,CUST32134,Kavya Chatterjee,33,Male,West,Pune,Beauty,Lipstick,5,313.72,0.26,1564.52,468.82,41.27,Net Banking,1,TRUE,Returned,8
ORD-01898,17-04-2022,CUST93402,Sanjay Joshi,37,Female,East,Bhubaneswar,Groceries,Rice (5Kg),10,64.44,0.04,644.14,67.39,69.3,UPI,3,TRUE,Returned,2
ORD-00988,25-03-2021,CUST03932,Arjun Sharma,55,Other,South,Bangalore,Groceries,Sugar,3,211.44,0.27,632.61,17.1,58.35,UPI,1,TRUE,Returned,8
ORD-03593,04-11-2024,CUST55992,Aarav Mehta,26,Other,Central,Raipur,Groceries,Cooking Oil,2,426.88,0.22,851.88,85.91,71.23,Cash on Delivery,3,FALSE,Delivered,8
ORD-04132,12-02-2024,CUST70066,Ritu Rao,34,Male,North,Amritsar,Groceries,Dal (1Kg),5,64.93,0.31,323.64,2.91,55.14,Credit Card,4,FALSE,Shipped,3
ORD-02551,01-12-2023,CUST18241,Nisha Kapoor,54,Female,Central,Bhopal,Sports,Yoga Mat,8,7866.66,0.28,62757.07,9536.21,48.3,Net Banking,4,FALSE,Cancelled,2
ORD-01050,20-04-2021,CUST80824,Arjun Mehta,32,Female,West,Mumbai,Groceries,Tea,8,376.57,0.18,3007.14,314.21,52.43,UPI,3,FALSE,Delivered,6
ORD-03839,26-07-2024,CUST67708,Aarav Pillai,29,Male,South,Hyderabad,Beauty,Sunscreen,9,2362.56,0.24,21212.01,10738.54,78.73,Net Banking,4,FALSE,Delivered,2
ORD-03826,22-07-2024,CUST11947,Priya Chatterjee,34,Male,North,Chandigarh,Furniture,Wardrobe,8,26461.22,0.33,210991.18,66500.31,67.8,Debit Card,3,FALSE,Delivered,7
ORD-04131,12-01-2024,CUST27632,Pooja Kumar,24,Female,North,Ludhiana,Clothing,Kurta,1,3420.38,0.01,3420.04,1562.14,63.61,Debit Card,3,FALSE,Delivered,4
ORD-02794,24-04-2023,CUST50448,Sanjay Joshi,40,Other,North,Chandigarh,Books,Cook Book,5,375.59,0.07,1876.64,759.54,86.48,Debit Card,4,FALSE,Delivered,6
ORD-01822,16-03-2022,CUST25475,Kavya Pillai,54,Female,East,Bhubaneswar,Clothing,Jacket,8,3480.42,0.26,27770.97,9634.62,82.01,EMI,2,TRUE,Returned,10
ORD-02486,15-12-2022,CUST08668,Ritu Reddy,27,Female,South,Bangalore,Electronics,Headphones,10,27390.35,0.14,273520.04,28830.39,84.68,UPI,3,TRUE,Returned,10
ORD-03654,05-06-2024,CUST00096,Ritu Bose,41,Male,Central,Raipur,Groceries,Flour,1,429.16,0.06,428.9,40.82,38.15,Cash on Delivery,2,FALSE,Delivered,7
ORD-02789,21-04-2023,CUST60012,Shreya Gupta,20,Male,Central,Bhopal,Books,Textbook,7,714.91,0.34,4987.36,1690.54,56.73,Credit Card,3,FALSE,Delivered,8
ORD-02310,10-01-2022,CUST33052,Sunita Bhat,32,Other,North,Amritsar,Beauty,Hair Oil,8,963.22,0.23,7688.04,2484.8,60.98,EMI,3,FALSE,Delivered,3
ORD-03019,31-07-2023,CUST46142,Nisha Mehta,30,Other,West,Pune,Clothing,Kurta,2,1744.92,0.39,3476.23,1198.84,44.94,Credit Card,3,TRUE,Returned,7
ORD-02018,06-09-2022,CUST30360,Deepa Patel,26,Female,East,Kolkata,Furniture,Chair,7,27994.03,0.19,195585.89,53596.61,69.11,Cash on Delivery,3,FALSE,Cancelled,2
ORD-04165,15-12-2024,CUST82149,Nisha Verma,38,Male,East,Bhubaneswar,Electronics,Smartwatch,4,62134.64,0.31,247768.09,17375.7,66.2,Net Banking,3,FALSE,Delivered,1
ORD-02728,29-03-2023,CUST26931,Shreya Shah,22,Other,West,Pune,Sports,Dumbbells,5,9438.65,0.19,47103.58,10853.36,59.57,UPI,2,FALSE,Delivered,9
ORD-00946,03-03-2021,CUST66962,Arjun Shah,29,Male,South,Kochi,Books,Comic Book,3,265.72,0.26,795.09,162.11,60.04,Net Banking,1,FALSE,Cancelled,10
ORD-03868,05-08-2024,CUST05602,Pooja Chatterjee,38,Female,East,Bhubaneswar,Books,Comic Book,10,712.14,0.23,7105.02,3414.32,90.89,Debit Card,3,FALSE,Shipped,6
ORD-01950,05-11-2022,CUST82536,Sanjay Bose,17,Female,West,Mumbai,Groceries,Cooking Oil,8,186.85,0.28,1490.61,141.73,50.9,Debit Card,1,FALSE,Cancelled,6
ORD-02702,16-03-2023,CUST41199,Nikhil Chatterjee,34,Male,West,Ahmedabad,Books,Cook Book,6,942.74,0.28,5640.6,1628.44,67.17,UPI,3,FALSE,Delivered,9
ORD-03056,16-08-2023,CUST57382,Pooja Iyer,45,Female,Central,Raipur,Furniture,Bed Frame,7,21860.37,0.22,152685.94,37409.1,28.9,Credit Card,1,TRUE,Returned,7
ORD-01906,22-04-2022,CUST38374,Deepa Das,34,Other,West,Mumbai,Clothing,Saree,3,3141.61,0.25,9401.27,2933.74,44.85,Net Banking,3,FALSE,Cancelled,8
ORD-01259,23-07-2021,CUST98747,Rahul Pillai,43,Female,North,Chandigarh,Clothing,Saree,4,3539.46,0.36,14106.87,4582.45,80.65,EMI,3,TRUE,Returned,10
ORD-01168,06-07-2021,CUST35029,Arjun Verma,41,Male,South,Hyderabad,Electronics,Headphones,9,63927.14,0.29,573675.76,73248.66,68.24,Net Banking,2,FALSE,Delivered,3
ORD-03894,13-08-2024,CUST65883,Nisha Mishra,37,Male,Central,Bhopal,Beauty,Shampoo,2,1715.59,0.39,3417.8,1724.71,47.41,Cash on Delivery,2,FALSE,Shipped,7
ORD-01171,06-09-2021,CUST15457,Rahul Bhat,29,Female,East,Guwahati,Groceries,Dal (1Kg),2,359.79,0.37,716.92,52.57,85.35,Net Banking,3,FALSE,Delivered,9
ORD-03735,16-06-2024,CUST24467,Aditya Mishra,46,Male,North,Delhi,Beauty,Face Cream,3,2171.12,0.37,6489.26,2737.34,57.34,Net Banking,4,TRUE,Returned,2
ORD-02716,23-03-2023,CUST34371,Deepa Singh,20,Male,Central,Raipur,Groceries,Tea,7,258.92,0.28,1807.37,177.42,37.37,UPI,3,FALSE,Delivered,6
ORD-04198,29-12-2024,CUST54617,Kavya Joshi,36,Other,East,Patna,Furniture,Chair,6,21398.46,0.34,127954.23,18648.21,99.52,EMI,4,FALSE,Delivered,1
ORD-03300,27-11-2023,CUST46539,Shreya Verma,29,Other,South,Bangalore,Groceries,Sugar,9,56.27,0.15,505.67,20.82,82.79,UPI,5,FALSE,Delivered,2
ORD-02819,05-09-2023,CUST12681,Meera Joshi,49,Male,East,Bhubaneswar,Clothing,Saree,1,3976.86,0.21,3968.51,1981.56,86.05,Credit Card,2,FALSE,Delivered,4
ORD-03025,08-03-2023,CUST12807,Pooja Das,34,Male,Central,Indore,Sports,Tennis Racket,5,8699.81,0.36,43342.45,9308.41,42.55,Debit Card,1,FALSE,Delivered,5
ORD-00299,05-10-2020,CUST26567,Pooja Pillai,55,Other,Central,Nagpur,Clothing,T-Shirt,8,2351.57,0.34,18748.6,5554.48,71.02,EMI,2,FALSE,Cancelled,5
ORD-01123,23-05-2021,CUST18686,Rahul Shah,36,Other,West,Ahmedabad,Furniture,Bookshelf,1,19884.83,0.21,19843.07,5629.58,50.84,Net Banking,2,FALSE,Delivered,8
ORD-00203,30-03-2020,CUST07224,Aditya Bhat,46,Male,East,Kolkata,Sports,Cricket Bat,8,11732,0.17,93696.44,11413.28,83.77,Debit Card,4,FALSE,Delivered,10
ORD-00075,28-01-2020,CUST92174,Amit Iyer,46,Male,West,Surat,Groceries,Cooking Oil,9,225.4,0.26,2023.33,112.52,48.11,Net Banking,1,TRUE,Returned,2
ORD-02185,14-08-2022,CUST95667,Deepa Reddy,34,Other,North,Chandigarh,Sports,Cycle,2,9154.56,0.24,18265.18,2758.48,67.71,UPI,1,FALSE,Delivered,8
ORD-00041,16-01-2020,CUST87348,Karan Patel,57,Female,Central,Nagpur,Electronics,Smartphone,7,52597.3,0.26,367223.83,25641.97,41.61,UPI,2,FALSE,Delivered,1
ORD-00731,30-11-2020,CUST84048,Kavya Kapoor,34,Female,Central,Nagpur,Electronics,Laptop,4,44342.23,0.38,176694.92,10270.54,56.21,Cash on Delivery,2,FALSE,Delivered,10
ORD-00599,24-09-2020,CUST89927,Ritu Mehta,35,Other,West,Surat,Electronics,Laptop,7,32603.73,0.22,227724.01,16796.74,53.05,Net Banking,5,FALSE,Delivered,5
ORD-00110,02-10-2020,CUST80843,Vikram Mishra,34,Other,Central,Raipur,Groceries,Flour,8,426.33,0.16,3405.18,182.8,70.06,Debit Card,2,FALSE,Cancelled,8
ORD-01541,21-11-2021,CUST10620,Ritu Gupta,34,Other,Central,Indore,Beauty,Shampoo,1,1633.39,0.4,1626.86,332.3,59.95,UPI,4,FALSE,Delivered,2
ORD-00163,03-09-2020,CUST31561,Meera Bhat,23,Female,West,Pune,Groceries,Rice (5Kg),6,160.66,0.35,960.59,60.63,42.02,UPI,3,FALSE,Shipped,9
ORD-01875,07-04-2022,CUST64095,Arjun Das,30,Female,East,Patna,Clothing,Saree,7,411.78,0.28,2874.39,1493.17,93.37,Credit Card,1,TRUE,Returned,3
ORD-01719,02-04-2022,CUST35511,Karan Bose,34,Male,East,Kolkata,Groceries,Dal (1Kg),6,141.78,0.16,849.32,53.3,63.43,Cash on Delivery,3,FALSE,Delivered,5
ORD-01665,13-01-2022,CUST72087,Pooja Mishra,41,Male,South,Chennai,Sports,Tennis Racket,7,14245.64,0.23,99490.13,13091.37,63.46,UPI,1,FALSE,Delivered,3
ORD-03188,10-11-2023,CUST87675,Sunita Joshi,30,Other,North,Delhi,Groceries,Flour,2,312.71,0.16,624.42,45.18,67.16,Debit Card,2,FALSE,Delivered,6
ORD-03469,14-02-2024,CUST84032,Aditya Bose,33,Female,South,Bangalore,Clothing,Jacket,5,3983.26,0.19,19878.46,7723.98,90.81,Debit Card,1,FALSE,Delivered,2
ORD-01387,19-09-2021,CUST58789,Nikhil Mehta,42,Other,West,Surat,Sports,Yoga Mat,7,2078.41,0.23,14515.41,4242.83,42.68,Credit Card,2,FALSE,Delivered,1
ORD-01369,09-09-2021,CUST31474,Rohan Das,42,Other,Central,Raipur,Groceries,Cooking Oil,7,496.14,0.3,3462.56,279.88,63.12,Cash on Delivery,1,TRUE,Returned,5
ORD-02786,20-04-2023,CUST59888,Amit Das,38,Male,North,Delhi,Electronics,Smartwatch,7,50711.3,0.14,354482.13,58822.76,44.77,EMI,3,FALSE,Delivered,10
ORD-02359,17-10-2022,CUST04245,Sanjay Iyer,34,Male,South,Chennai,Groceries,Tea,1,297.84,0.32,296.89,14.32,62.86,Credit Card,4,FALSE,Delivered,6
ORD-01667,13-01-2022,CUST51290,Shreya Kumar,60,Other,East,Patna,Groceries,Tea,5,77.06,0.11,384.88,18.83,83.91,Net Banking,4,FALSE,Delivered,10
ORD-02562,15-01-2023,CUST95323,Amit Reddy,62,Male,South,Chennai,Books,Textbook,4,1045.52,0.19,4174.13,1234.47,69.47,Cash on Delivery,4,FALSE,Delivered,3
ORD-04018,10-06-2024,CUST05715,Shreya Kumar,30,Other,North,Ludhiana,Furniture,Desk,3,20526.57,0.39,61339.55,5636.16,58.12,EMI,5,FALSE,Delivered,5
ORD-01015,04-04-2021,CUST48355,Nikhil Nair,40,Male,East,Guwahati,Clothing,Jeans,7,2196.3,0.21,15341.81,5078.38,61.62,Cash on Delivery,1,FALSE,Delivered,10
ORD-00770,15-12-2020,CUST84428,Pooja Sharma,56,Female,North,Delhi,Furniture,Sofa,2,8330.94,0.36,16601.9,1030.66,34.58,UPI,5,FALSE,Pending,6
ORD-03888,08-10-2024,CUST02813,Deepa Joshi,46,Female,East,Patna,Groceries,Dal (1Kg),2,225.92,0.21,450.89,56.74,90.55,Net Banking,3,FALSE,Delivered,6
ORD-04046,22-10-2024,CUST70308,Ananya Sharma,12,Female,West,Ahmedabad,Groceries,Dal (1Kg),1,282.35,0.23,281.7,22.26,48.98,Debit Card,5,FALSE,Delivered,7
ORD-02317,10-04-2022,CUST47149,Amit Verma,41,Other,North,Delhi,Clothing,Kurta,7,3985.89,0.33,27809.16,7041.24,37.55,UPI,5,FALSE,Shipped,2
ORD-04047,23-10-2024,CUST94569,Nisha Singh,38,Male,West,Pune,Books,Biography,3,1455.69,0.31,4353.53,1460.04,68.99,Net Banking,1,FALSE,Delivered,1
ORD-02877,06-02-2023,CUST52099,Ritu Das,37,Female,West,Surat,Beauty,Face Cream,10,1285.07,0.28,12814.72,9585.03,77.58,Credit Card,2,FALSE,Delivered,9
ORD-01323,16-08-2021,CUST78691,Rohan Kapoor,28,Female,East,Bhubaneswar,Clothing,Kurta,9,541.46,0.14,4866.32,1400.95,53.44,UPI,1,FALSE,Delivered,4
ORD-02645,17-02-2023,CUST11538,Sunita Nair,46,Other,West,Pune,Clothing,Jacket,6,2371.79,0.11,14215.09,4678.25,45.39,Cash on Delivery,4,FALSE,Delivered,6
ORD-03853,31-07-2024,CUST55701,Shreya Das,59,Other,North,Delhi,Clothing,Kurta,8,3536.11,0.38,28181.38,8415.78,42.65,UPI,1,FALSE,Delivered,1
ORD-03024,08-03-2023,CUST08460,Sanjay Das,40,Female,South,Chennai,Groceries,Dal (1Kg),2,188.62,0.32,376.03,23.93,82.57,Cash on Delivery,5,FALSE,Delivered,9
ORD-01609,20-12-2021,CUST09235,Rahul Bose,37,Other,West,Ahmedabad,Beauty,Shampoo,2,984.2,0.17,1965.05,608.62,62.93,Credit Card,2,FALSE,Delivered,9
ORD-00870,31-01-2021,CUST22353,Amit Rao,56,Female,North,Delhi,Electronics,Headphones,8,16693.21,0.26,133198.46,9097.41,65.45,Cash on Delivery,3,TRUE,Returned,10
ORD-04089,11-09-2024,CUST65407,Kavya Joshi,49,Female,South,Bangalore,Books,Comic Book,5,733.86,0.28,3659.03,846.43,68.42,UPI,5,FALSE,Delivered,1
ORD-03631,28-04-2024,CUST36710,Nisha Patel,31,Male,South,Kochi,Beauty,Hair Oil,6,1419.67,0.01,8517.17,7704.41,81.85,Credit Card,5,FALSE,Delivered,10
ORD-01594,13-12-2021,CUST74210,Ananya Iyer,49,Female,East,Bhubaneswar,Clothing,Saree,1,3144.7,0.35,3133.69,506.25,89.01,Cash on Delivery,3,FALSE,Shipped,5
ORD-02450,28-11-2022,CUST85866,Nikhil Pillai,36,Female,Central,Bhopal,Sports,Football,8,7873.54,0.23,62843.45,9903.07,42.71,UPI,2,FALSE,Delivered,5
ORD-01729,02-08-2022,CUST21576,Rohan Joshi,20,Other,Central,Bhopal,Furniture,Desk,9,22414.18,0.26,201203.13,52685.24,39.71,UPI,4,FALSE,Delivered,5
ORD-00334,25-05-2020,CUST45698,Kavya Mehta,37,Male,West,Pune,Books,Comic Book,4,822.35,0.05,3287.76,1181.07,54.01,Net Banking,4,TRUE,Returned,9
ORD-02841,23-05-2023,CUST62482,Vikram Joshi,26,Male,East,Bhubaneswar,Beauty,Face Cream,8,317.17,0.06,2535.84,2233.34,81.48,UPI,3,FALSE,Pending,5
ORD-00613,10-01-2020,CUST52615,Meera Chatterjee,39,Other,Central,Nagpur,Books,Self-Help Book,8,479.33,0.17,3828.12,1623.81,57.89,Net Banking,4,FALSE,Delivered,8
ORD-01225,07-07-2021,CUST92217,Kavya Patel,16,Female,Central,Indore,Books,Biography,1,226.79,0.2,226.34,114.12,71.04,Debit Card,4,FALSE,Delivered,3
ORD-00728,29-11-2020,CUST89689,Priya Bose,19,Male,Central,Raipur,Clothing,Jeans,10,1410.27,0.1,14088.6,2283.3,52.24,Cash on Delivery,5,FALSE,Cancelled,5
ORD-01326,18-08-2021,CUST15556,Amit Sharma,43,Other,South,Chennai,Sports,Cycle,2,10207.68,0.39,20335.74,3254.54,51.21,Net Banking,1,FALSE,Pending,4
ORD-03070,19-08-2023,CUST29394,Rohan Verma,35,Other,East,Kolkata,Electronics,Laptop,8,20964.05,0.29,167226.03,24207.47,77.54,UPI,2,FALSE,Delivered,5
ORD-00143,27-02-2020,CUST29473,Amit Reddy,25,Other,East,Kolkata,Beauty,Shampoo,1,859,0.22,857.11,385.42,82.74,UPI,3,FALSE,Delivered,4
ORD-01765,20-02-2022,CUST28045,Rahul Gupta,35,Female,North,Delhi,Books,Fiction Novel,3,477.72,0.39,1427.57,311.79,41.76,EMI,1,TRUE,Returned,2
ORD-04014,30-09-2024,CUST71983,Vikram Chatterjee,21,Male,North,Ludhiana,Sports,Football,7,1420.89,0.01,9945.24,3969.68,38.84,Debit Card,2,FALSE,Delivered,7
ORD-04079,11-03-2024,CUST85445,Vikram Verma,40,Male,South,Hyderabad,Furniture,Desk,4,25047.24,0.06,100128.85,33882.26,83.32,EMI,5,FALSE,Delivered,4
ORD-01322,16-08-2021,CUST89590,Sanjay Rao,42,Other,Central,Nagpur,Electronics,Headphones,5,25084.96,0.05,125362.09,18968.1,74.02,EMI,1,FALSE,Delivered,8
ORD-00964,16-03-2021,CUST62220,Deepa Reddy,38,Female,North,Ludhiana,Clothing,Jacket,5,888.01,0.25,4428.95,906.65,30.07,Credit Card,1,FALSE,Pending,4
ORD-01452,19-10-2021,CUST49495,Priya Reddy,20,Male,West,Surat,Beauty,Shampoo,3,805.93,0.05,2416.58,1247.55,55.34,UPI,3,FALSE,Delivered,5
ORD-03037,08-05-2023,CUST23747,Nikhil Kapoor,25,Female,West,Ahmedabad,Beauty,Sunscreen,1,1196.94,0.09,1195.86,754.93,47.47,Cash on Delivery,3,FALSE,Delivered,1
ORD-01324,16-08-2021,CUST72753,Nisha Kumar,11,Other,Central,Raipur,Books,Comic Book,7,1004.42,0.04,7028.13,5250.13,59.41,Credit Card,3,FALSE,Delivered,1
ORD-00233,04-11-2020,CUST32440,Ritu Nair,39,Female,East,Kolkata,Electronics,Smartwatch,5,71617.52,0.36,356798.48,28898.92,75.49,EMI,4,TRUE,Returned,2
ORD-01302,08-10-2021,CUST86947,Meera Rao,32,Male,North,Amritsar,Furniture,Bed Frame,1,9518.88,0.28,9492.23,3106.65,60.55,UPI,5,FALSE,Shipped,6
ORD-01767,21-02-2022,CUST86434,Kavya Joshi,37,Other,Central,Nagpur,Sports,Tennis Racket,6,4023.89,0.1,24119.2,2450.18,43.87,Credit Card,4,FALSE,Cancelled,2
ORD-02761,04-10-2023,CUST40656,Shreya Patel,21,Other,West,Mumbai,Sports,Tennis Racket,10,12942.94,0.17,129209.37,44825.88,57.55,Cash on Delivery,3,FALSE,Shipped,6
ORD-03277,16-11-2023,CUST00162,Sunita Kapoor,44,Male,East,Patna,Sports,Cricket Bat,9,6566.64,0.11,59034.75,12859.41,88.55,Debit Card,3,FALSE,Delivered,2
ORD-00077,29-01-2020,CUST29476,Pooja Mishra,32,Female,Central,Raipur,Groceries,Cooking Oil,3,111.25,0.34,332.62,14.81,67.44,Net Banking,4,TRUE,Returned,2
ORD-03707,06-01-2024,CUST19426,Ananya Bhat,19,Male,North,Chandigarh,Clothing,T-Shirt,4,2911.82,0.11,11634.47,6962.57,69.31,Net Banking,4,TRUE,Returned,7
ORD-00234,04-12-2020,CUST16850,Meera Rao,33,Female,East,Bhubaneswar,Beauty,Face Cream,9,2037.1,0.35,18269.73,4748.44,81.71,Net Banking,5,FALSE,Delivered,10
ORD-01429,10-07-2021,CUST79705,Priya Mehta,37,Other,Central,Raipur,Books,Textbook,10,786.45,0.07,7858.99,2564.65,36.01,UPI,3,FALSE,Delivered,1
ORD-01782,03-02-2022,CUST00399,Sunita Patel,26,Female,Central,Bhopal,Furniture,Sofa,4,9797.48,0.19,39115.46,6234.5,54.57,Credit Card,4,FALSE,Delivered,10
ORD-00257,23-04-2020,CUST54277,Amit Rao,53,Other,West,Mumbai,Groceries,Cooking Oil,10,396.88,0.2,3960.86,349.2,85.52,EMI,4,FALSE,Delivered,8
ORD-02393,11-01-2022,CUST36476,Priya Iyer,32,Other,West,Pune,Groceries,Sugar,3,391.44,0.02,1174.09,75.65,67.46,EMI,5,FALSE,Delivered,2
ORD-03551,22-03-2024,CUST00900,Nikhil Patel,43,Male,Central,Raipur,Books,Self-Help Book,3,520.52,0.27,1557.34,542.48,45.42,UPI,1,FALSE,Delivered,5
ORD-00834,16-01-2021,CUST47770,Nikhil Gupta,34,Other,South,Kochi,Clothing,Dress,8,2520.61,0.16,20132.62,4402.15,66.22,Credit Card,2,TRUE,Returned,5
ORD-02243,09-06-2022,CUST19197,Pooja Mehta,25,Male,North,Amritsar,Books,Self-Help Book,1,834.25,0.18,832.75,257.11,40.7,EMI,1,FALSE,Cancelled,2
ORD-04175,20-12-2024,CUST38221,Pooja Kapoor,48,Other,North,Ludhiana,Beauty,Lipstick,5,1283.61,0.36,6394.95,2025.41,50.14,Credit Card,4,FALSE,Delivered,8
ORD-01079,05-03-2021,CUST14896,Vikram Patel,27,Female,West,Mumbai,Clothing,Saree,4,2657.71,0.06,10624.46,6034.89,21.27,Net Banking,5,FALSE,Delivered,9
ORD-00155,03-05-2020,CUST46589,Sanjay Singh,29,Female,West,Mumbai,Groceries,Tea,7,363.04,0.17,2536.96,104.66,54.23,EMI,5,FALSE,Delivered,5
ORD-02829,15-05-2023,CUST25805,Arjun Gupta,36,Male,South,Hyderabad,Groceries,Dal (1Kg),2,399.16,0.34,795.61,55.39,50.2,UPI,5,FALSE,Shipped,1
ORD-03948,31-08-2024,CUST69929,Nisha Bose,34,Other,South,Bangalore,Groceries,Dal (1Kg),1,231.86,0.05,231.74,34.56,71.71,Cash on Delivery,2,FALSE,Shipped,7
ORD-03980,09-11-2024,CUST14258,Meera Mishra,33,Female,South,Bangalore,Beauty,Sunscreen,5,1914.01,0.13,9557.61,974.62,78.05,UPI,1,TRUE,Returned,2
ORD-02443,26-11-2022,CUST14094,Ananya Bose,62,Female,East,Guwahati,Clothing,Kurta,6,2854.71,0.08,17114.56,2778.35,104.98,Credit Card,3,FALSE,Delivered,7
ORD-01744,14-02-2022,CUST90888,Ritu Rao,34,Other,North,Ludhiana,Books,Biography,2,297.05,0.19,592.97,187.79,46.2,Debit Card,3,FALSE,Delivered,9
ORD-03766,27-06-2024,CUST36068,Aarav Singh,30,Other,East,Bhubaneswar,Clothing,Jeans,5,3154.09,0.01,15768.87,1520,69.59,UPI,3,FALSE,Delivered,9
ORD-03239,11-01-2023,CUST65289,Ritu Chatterjee,38,Female,Central,Raipur,Furniture,Bed Frame,1,25780.61,0.21,25726.47,8421.08,59.29,Net Banking,4,FALSE,Delivered,3
ORD-00154,03-05-2020,CUST48876,Sunita Singh,42,Male,South,Bangalore,Beauty,Sunscreen,6,1391.35,0.11,8338.92,3630.28,103.09,Credit Card,5,TRUE,Returned,1
ORD-03429,26-01-2024,CUST09088,Rohan Rao,36,Female,West,Ahmedabad,Beauty,Sunscreen,10,1843.94,0.31,18382.24,6188.12,63.02,EMI,3,FALSE,Delivered,10
ORD-03908,16-08-2024,CUST32213,Amit Verma,44,Other,West,Mumbai,Electronics,Tablet,10,70999.96,0.37,707372.6,80911.12,58.51,EMI,5,FALSE,Shipped,6
ORD-01433,10-07-2021,CUST83420,Rahul Kumar,22,Male,South,Chennai,Beauty,Lipstick,2,785.12,0.23,1566.63,569.3,95.2,Credit Card,4,TRUE,Returned,10
ORD-01395,21-09-2021,CUST24924,Ananya Shah,14,Male,West,Pune,Furniture,Sofa,9,15802.88,0.01,142211.7,46953.51,64.99,Debit Card,1,FALSE,Delivered,9
ORD-02966,07-08-2023,CUST38879,Ananya Kapoor,36,Other,North,Amritsar,Clothing,Dress,1,1861.32,0.38,1854.25,590.29,55.74,UPI,4,FALSE,Delivered,1
ORD-01393,20-09-2021,CUST82169,Ritu Bhat,54,Other,North,Delhi,Sports,Tennis Racket,1,7834.86,0.37,7805.87,961.37,53.04,Debit Card,1,FALSE,Delivered,8
ORD-04050,23-10-2024,CUST03944,Meera Verma,32,Female,East,Patna,Electronics,Headphones,9,45487.77,0.17,408693.97,48057.8,81.01,Debit Card,5,FALSE,Delivered,10
ORD-02331,09-10-2022,CUST06489,Nikhil Verma,47,Other,South,Bangalore,Furniture,Sofa,6,5535.62,0.27,33124.04,3962.34,76.76,Credit Card,3,FALSE,Delivered,5
ORD-02006,06-04-2022,CUST22452,Sanjay Verma,34,Other,North,Amritsar,Clothing,Jeans,7,2943.52,0.27,20549.01,5661.41,21.72,Credit Card,4,FALSE,Shipped,3
ORD-00387,13-06-2020,CUST18372,Amit Iyer,15,Other,West,Surat,Beauty,Face Cream,4,1506.41,0.19,6014.19,1914.08,36.43,EMI,3,FALSE,Delivered,7
ORD-03927,22-08-2024,CUST77199,Karan Pillai,31,Male,Central,Raipur,Clothing,Jeans,3,2207.16,0.2,6608.24,2384.57,30.61,Credit Card,3,FALSE,Delivered,2
ORD-01629,27-12-2021,CUST37392,Amit Mehta,50,Other,West,Ahmedabad,Beauty,Lipstick,9,1833.53,0.17,16473.72,6082.08,40.13,Net Banking,1,TRUE,Returned,3
ORD-01895,16-04-2022,CUST07132,Meera Mishra,32,Other,Central,Nagpur,Groceries,Dal (1Kg),6,85.52,0.26,511.79,43.08,32.8,Debit Card,4,FALSE,Delivered,7
ORD-01375,12-09-2021,CUST51615,Rohan Bose,19,Male,North,Ludhiana,Furniture,Bookshelf,4,5696.48,0.12,22758.58,5980.82,55.28,EMI,3,FALSE,Delivered,6
ORD-01406,25-09-2021,CUST72539,Sanjay Mehta,47,Other,North,Delhi,Electronics,Laptop,8,75788.6,0.25,604793.03,69163.47,47.81,Cash on Delivery,2,FALSE,Delivered,10
ORD-01469,23-10-2021,CUST87162,Rahul Gupta,52,Other,Central,Nagpur,Beauty,Shampoo,5,1074.36,0.39,5350.85,861.37,86.73,Cash on Delivery,3,FALSE,Delivered,8
ORD-00780,21-12-2020,CUST96960,Amit Mishra,39,Male,South,Kochi,Furniture,Wardrobe,2,10151.9,0.21,20261.16,2489.06,77,EMI,5,TRUE,Returned,5
ORD-03581,04-05-2024,CUST67732,Ananya Bhat,32,Male,Central,Raipur,Beauty,Perfume,5,1353.73,0.34,6745.64,3104.88,47.49,Cash on Delivery,1,FALSE,Delivered,6
ORD-02763,04-10-2023,CUST85402,Aarav Mehta,32,Male,South,Kochi,Electronics,Laptop,5,79827.98,0.28,398022.31,34788.35,73.92,Cash on Delivery,2,FALSE,Delivered,2
ORD-04087,11-07-2024,CUST15824,Arjun Nair,34,Female,South,Kochi,Sports,Dumbbells,1,14972.12,0.02,14969.13,3707.49,63.98,EMI,5,FALSE,Shipped,7
ORD-01154,06-02-2021,CUST61383,Vikram Sharma,44,Female,South,Bangalore,Clothing,Kurta,6,2696.46,0.29,16131.84,977.15,101.51,EMI,2,FALSE,Delivered,6
ORD-00977,20-03-2021,CUST76218,Ananya Gupta,41,Female,West,Surat,Sports,Cricket Bat,5,12410.73,0.36,61830.26,12307.83,65.83,UPI,1,FALSE,Delivered,2
ORD-00435,07-10-2020,CUST40017,Sunita Joshi,15,Male,North,Delhi,Books,Fiction Novel,1,702.36,0.39,699.62,184.49,59.64,EMI,1,FALSE,Delivered,4
ORD-02887,06-04-2023,CUST19802,Karan Chatterjee,32,Male,East,Patna,Books,Cook Book,2,200.96,0.25,400.92,104.93,75.89,Credit Card,1,TRUE,Returned,4
ORD-01400,24-09-2021,CUST47772,Sunita Das,43,Male,West,Ahmedabad,Furniture,Wardrobe,2,2701.39,0.33,5384.95,933.32,79.24,Credit Card,5,FALSE,Cancelled,2
ORD-00175,18-03-2020,CUST47786,Nisha Rao,35,Male,West,Ahmedabad,Beauty,Lipstick,9,2028.03,0.12,18230.37,8126.73,55.01,Net Banking,4,FALSE,Delivered,9
ORD-00002,01-01-2020,CUST51802,Sunita Das,29,Male,West,Pune,Clothing,Jeans,4,2870.76,0.08,11473.85,2135.16,55.33,UPI,3,FALSE,Cancelled,1
ORD-04135,12-02-2024,CUST23239,Vikram Mehta,53,Male,North,Delhi,Clothing,Kurta,9,3206.85,0.36,28757.75,7356.75,78.4,EMI,2,FALSE,Delivered,9
ORD-02590,31-01-2023,CUST47612,Kavya Gupta,25,Other,South,Bangalore,Groceries,Rice (5Kg),8,100.16,0.37,798.32,30.28,43.77,Credit Card,3,FALSE,Delivered,8
ORD-03114,09-08-2023,CUST43839,Nisha Nair,29,Male,South,Kochi,Electronics,Camera,6,63434.95,0.24,379696.24,45365.64,76.62,Debit Card,1,FALSE,Delivered,6
ORD-01899,17-04-2022,CUST81485,Amit Bose,18,Other,West,Surat,Furniture,Bookshelf,5,15688.53,0.03,78419.12,16735.14,49.69,Credit Card,4,FALSE,Delivered,10
ORD-02691,13-03-2023,CUST42275,Aditya Patel,21,Female,South,Chennai,Electronics,Smartwatch,2,76616.83,0.1,153080.43,20529.28,55.12,UPI,4,FALSE,Delivered,5
ORD-01084,05-04-2021,CUST77289,Nisha Iyer,43,Male,West,Mumbai,Furniture,Desk,7,31699.03,0,221893.21,13735.32,44.74,UPI,1,TRUE,Returned,8
ORD-03337,14-12-2023,CUST12631,Aditya Bose,26,Other,West,Pune,Clothing,T-Shirt,9,3755.73,0.11,33764.39,12762.99,89.92,Debit Card,1,FALSE,Delivered,3
ORD-00996,29-03-2021,CUST03526,Aditya Das,28,Male,East,Patna,Clothing,Jeans,2,2973.25,0.16,5936.99,2113.7,62.75,UPI,1,TRUE,Returned,8
ORD-02783,20-04-2023,CUST75727,Ananya Kapoor,45,Female,West,Ahmedabad,Sports,Yoga Mat,3,9606.06,0.27,28740.37,4327.42,50.91,Net Banking,5,FALSE,Delivered,4
ORD-02049,21-06-2022,CUST42115,Pooja Chatterjee,55,Female,North,Delhi,Beauty,Sunscreen,7,2037.82,0.02,14261.89,9156.6,69.79,Credit Card,3,FALSE,Shipped,8
ORD-02714,23-03-2023,CUST62341,Aarav Pillai,35,Male,North,Amritsar,Beauty,Lipstick,10,1251.33,0.24,12483.27,5273.78,55.63,Net Banking,3,FALSE,Delivered,4
ORD-00410,29-06-2020,CUST64583,Aditya Bose,44,Male,South,Bangalore,Clothing,Dress,10,1705.06,0.23,17011.38,4467.97,63.43,Debit Card,1,TRUE,Returned,10
ORD-00804,31-12-2020,CUST33294,Karan Kumar,27,Other,Central,Bhopal,Furniture,Bookshelf,8,9942.45,0.03,79515.74,18873.68,68.3,Net Banking,5,FALSE,Cancelled,4
ORD-01545,23-11-2021,CUST15680,Kavya Das,33,Male,Central,Indore,Groceries,Dal (1Kg),7,307.63,0.33,2146.3,55.5,33.16,EMI,4,FALSE,Delivered,1
ORD-03699,26-05-2024,CUST14480,Deepa Nair,23,Male,South,Chennai,Sports,Dumbbells,5,7747.27,0.33,38608.52,2263.89,42.55,Debit Card,5,FALSE,Shipped,3
ORD-03516,03-09-2024,CUST15414,Sanjay Gupta,42,Female,Central,Nagpur,Furniture,Bookshelf,9,17413.69,0.05,156644.85,54048.53,50.26,UPI,2,FALSE,Delivered,1
ORD-01587,12-10-2021,CUST32752,Karan Joshi,44,Male,North,Amritsar,Electronics,Camera,5,11301.06,0.25,56364.04,4246.6,53.85,Credit Card,3,FALSE,Pending,6
ORD-02475,12-10-2022,CUST99227,Priya Rao,54,Other,North,Ludhiana,Groceries,Cooking Oil,3,448.85,0.02,1346.28,81.62,54.31,Credit Card,2,FALSE,Cancelled,2
ORD-02216,25-08-2022,CUST38823,Deepa Mehta,35,Female,North,Amritsar,Electronics,Tablet,7,62975.42,0.22,439858.12,79235.51,49.03,EMI,2,TRUE,Returned,9
ORD-00416,01-07-2020,CUST63769,Priya Bhat,39,Male,South,Chennai,Books,Textbook,2,917.65,0.12,1833.1,856.13,59.6,Net Banking,3,TRUE,Returned,6
ORD-02081,07-06-2022,CUST66488,Sunita Das,27,Female,South,Chennai,Beauty,Perfume,9,1127.06,0.38,10104.99,4003.53,54.43,EMI,5,FALSE,Delivered,5
ORD-02161,08-05-2022,CUST39402,Vikram Iyer,38,Other,South,Chennai,Furniture,Sofa,5,17880.95,0.03,89377.93,33231.6,47.07,Net Banking,1,FALSE,Pending,2
ORD-02209,21-08-2022,CUST97691,Aarav Reddy,44,Female,South,Hyderabad,Books,Comic Book,2,1390.9,0.4,2770.67,741.62,68.5,Credit Card,2,FALSE,Delivered,8
ORD-00584,18-09-2020,CUST21732,Nikhil Nair,15,Other,West,Surat,Sports,Yoga Mat,8,5733.61,0.13,45809.25,10225.36,74.43,Net Banking,1,FALSE,Delivered,3
ORD-00533,23-08-2020,CUST56679,Shreya Sharma,33,Other,North,Ludhiana,Clothing,Saree,5,774.58,0.31,3860.89,287.27,49.67,UPI,3,FALSE,Delivered,6
ORD-03815,18-07-2024,CUST41610,Ritu Mishra,28,Male,West,Mumbai,Furniture,Desk,9,10925.91,0.33,98008.69,21495.8,38.47,Net Banking,4,FALSE,Delivered,9
ORD-00256,22-04-2020,CUST86402,Rohan Sharma,18,Male,Central,Bhopal,Groceries,Tea,7,224.96,0.22,1571.26,91.79,52.6,Credit Card,2,FALSE,Delivered,8
ORD-04054,25-10-2024,CUST37273,Sanjay Verma,69,Other,West,Mumbai,Groceries,Sugar,4,226.36,0.27,903,89.81,59.7,Debit Card,2,FALSE,Shipped,5
ORD-02337,10-10-2022,CUST50406,Rohan Mehta,21,Male,West,Ahmedabad,Electronics,Smartwatch,6,78971.02,0.22,472783.7,38339.77,61.31,EMI,3,FALSE,Shipped,9
ORD-00704,15-11-2020,CUST63229,Meera Chatterjee,26,Female,West,Ahmedabad,Groceries,Dal (1Kg),8,52.56,0.37,418.92,17.94,62.46,Debit Card,5,TRUE,Returned,1
ORD-02869,31-05-2023,CUST19907,Aditya Chatterjee,30,Male,West,Surat,Beauty,Hair Oil,10,1573.67,0.23,15700.51,7519.84,64.77,Cash on Delivery,5,FALSE,Delivered,7
ORD-01763,19-02-2022,CUST50692,Nisha Gupta,34,Other,Central,Nagpur,Clothing,Kurta,2,3632.97,0.15,7255.04,1525.34,56.08,Cash on Delivery,3,FALSE,Delivered,2
ORD-01871,04-05-2022,CUST74013,Arjun Singh,41,Female,North,Delhi,Electronics,Headphones,2,17140.58,0.38,34150.89,4123.18,34.79,Debit Card,2,FALSE,Delivered,5
ORD-02664,27-02-2023,CUST91653,Karan Kumar,42,Male,West,Pune,Electronics,Smartwatch,8,63840.88,0.29,509245.93,52527.72,64.65,UPI,4,FALSE,Delivered,8
ORD-00532,23-08-2020,CUST60381,Vikram Mishra,41,Male,North,Chandigarh,Books,Biography,10,788.79,0.14,7876.86,3794.94,48.05,Net Banking,2,FALSE,Delivered,9
ORD-01461,22-10-2021,CUST73189,Deepa Rao,19,Other,East,Guwahati,Clothing,Jacket,8,2778.54,0.15,22194.98,6381.78,88.73,Debit Card,3,FALSE,Delivered,6
ORD-03582,04-05-2024,CUST09968,Nisha Kapoor,51,Male,East,Bhubaneswar,Electronics,Headphones,3,15320.14,0.14,45896.08,5168.1,65.67,Cash on Delivery,4,FALSE,Delivered,5
ORD-00247,18-04-2020,CUST50948,Amit Kapoor,31,Other,North,Amritsar,Sports,Cricket Bat,2,10120.93,0.3,20181.13,2053.92,26.6,EMI,1,FALSE,Delivered,9
ORD-01777,27-02-2022,CUST89073,Nisha Das,26,Female,South,Kochi,Clothing,Kurta,7,3036.93,0.24,21207.49,5788.85,87.14,Net Banking,1,FALSE,Delivered,10
ORD-00931,24-02-2021,CUST18103,Vikram Mehta,38,Other,Central,Indore,Furniture,Wardrobe,1,17927.93,0.26,17881.32,2947.16,44.44,Credit Card,4,TRUE,Returned,8
ORD-02491,17-12-2022,CUST60962,Ritu Joshi,16,Male,Central,Indore,Beauty,Hair Oil,2,1398.45,0.29,2788.79,537.38,44.47,Net Banking,4,FALSE,Shipped,9
ORD-00103,02-09-2020,CUST60692,Sunita Kumar,38,Other,West,Pune,Electronics,Laptop,5,79820.4,0.39,397545.5,22317.55,38.44,Net Banking,1,FALSE,Pending,8
ORD-00070,27-01-2020,CUST26658,Pooja Kapoor,19,Other,South,Hyderabad,Electronics,Camera,4,17422.66,0.07,69641.86,6738.52,87.09,EMI,2,TRUE,Returned,2
ORD-00389,14-06-2020,CUST75682,Ananya Mishra,36,Male,West,Pune,Sports,Tennis Racket,4,3136.59,0.12,12531.3,2492.75,79.4,EMI,2,TRUE,Returned,6
ORD-04011,29-09-2024,CUST75729,Sunita Patel,31,Other,Central,Bhopal,Electronics,Tablet,8,31909.44,0.22,254713.91,40509.78,54.88,UPI,4,FALSE,Delivered,6
ORD-02415,11-09-2022,CUST74245,Karan Reddy,37,Female,West,Surat,Groceries,Cooking Oil,9,389.41,0.02,3503.99,272.2,66.43,EMI,5,FALSE,Delivered,1
ORD-01885,04-12-2022,CUST27246,Ananya Mehta,39,Female,South,Bangalore,Books,Self-Help Book,10,231.25,0.27,2306.26,908.86,50.77,Cash on Delivery,1,FALSE,Pending,5
ORD-00699,13-11-2020,CUST14220,Sanjay Das,16,Female,West,Pune,Sports,Dumbbells,2,3021.82,0.01,6043.04,885.39,38.11,EMI,1,TRUE,Returned,3
ORD-03606,19-04-2024,CUST74320,Amit Reddy,26,Female,South,Hyderabad,Beauty,Perfume,9,1545.52,0.19,13883.25,11381.04,81,EMI,1,FALSE,Shipped,9
ORD-00748,12-06-2020,CUST08513,Sanjay Patel,31,Female,South,Chennai,Beauty,Shampoo,9,1896.41,0.01,17065.98,5443.3,40.44,UPI,2,FALSE,Delivered,2
ORD-03171,04-10-2023,CUST77683,Shreya Mehta,24,Other,West,Mumbai,Sports,Tennis Racket,3,8534.5,0.34,25516.45,4596.01,55.57,Cash on Delivery,4,FALSE,Delivered,4
ORD-02291,21-09-2022,CUST86351,Rohan Iyer,54,Female,Central,Indore,Books,Fiction Novel,2,1340.31,0.03,2679.82,1116.16,67.16,EMI,4,FALSE,Pending,7
ORD-02579,27-01-2023,CUST31841,Kavya Joshi,57,Male,East,Bhubaneswar,Sports,Dumbbells,2,4266.54,0.25,8511.75,1469.74,75.67,Net Banking,3,FALSE,Delivered,2
ORD-02137,27-07-2022,CUST01916,Pooja Verma,37,Female,Central,Nagpur,Furniture,Desk,8,31076.19,0.36,247714.53,66519.22,47.98,Net Banking,2,FALSE,Delivered,6
ORD-01730,02-08-2022,CUST08530,Priya Verma,38,Male,South,Kochi,Sports,Cycle,1,11257.57,0.19,11236.18,2063.37,75.32,Credit Card,5,FALSE,Delivered,1
ORD-03602,16-04-2024,CUST90978,Meera Chatterjee,45,Male,Central,Nagpur,Furniture,Desk,4,28347.28,0.03,113355.1,31963.08,74.83,Cash on Delivery,5,FALSE,Delivered,4
ORD-00228,04-09-2020,CUST20422,Amit Pillai,47,Female,East,Guwahati,Clothing,Jacket,4,657.77,0.03,2630.29,961.26,83.48,Credit Card,3,FALSE,Delivered,9
ORD-01036,14-04-2021,CUST48956,Arjun Bose,39,Male,South,Chennai,Beauty,Face Cream,5,2059.98,0.02,10297.84,8037.6,70.48,UPI,2,TRUE,Returned,8
ORD-01194,21-06-2021,CUST42289,Ananya Bhat,19,Female,Central,Bhopal,Groceries,Flour,6,428.86,0.34,2564.41,163.61,58.49,Net Banking,4,FALSE,Delivered,9
ORD-02361,17-10-2022,CUST59891,Meera Shah,34,Other,Central,Indore,Books,Textbook,3,1036.73,0.14,3105.84,1061.86,58.18,Net Banking,1,FALSE,Shipped,6
ORD-01096,05-09-2021,CUST64848,Priya Chatterjee,20,Female,North,Chandigarh,Furniture,Bed Frame,7,29131.43,0.3,203308.25,48821.49,47.3,Credit Card,3,FALSE,Shipped,8
ORD-01984,26-05-2022,CUST04061,Karan Sharma,31,Female,West,Mumbai,Clothing,Kurta,10,1278.88,0.2,12763.22,6153.63,43.3,Credit Card,3,FALSE,Delivered,8
ORD-01365,09-06-2021,CUST34491,Nikhil Rao,51,Other,West,Surat,Books,Textbook,5,1499.28,0.03,7494.15,4182.31,74.08,Net Banking,3,FALSE,Delivered,1
ORD-02190,14-08-2022,CUST31810,Priya Kapoor,48,Other,West,Surat,Groceries,Rice (5Kg),2,179.94,0.39,358.48,14.86,56.43,EMI,1,FALSE,Shipped,3
ORD-01466,23-10-2021,CUST22468,Sunita Kumar,68,Female,East,Bhubaneswar,Groceries,Flour,4,103.01,0.4,410.39,22.6,78.91,Cash on Delivery,1,TRUE,Returned,4
ORD-04178,22-12-2024,CUST11016,Amit Verma,53,Male,West,Mumbai,Beauty,Shampoo,3,855.83,0.14,2563.9,587.72,59.05,Net Banking,4,FALSE,Pending,6
ORD-00726,29-11-2020,CUST02385,Meera Mishra,25,Female,South,Hyderabad,Books,Self-Help Book,3,956.34,0.24,2862.13,746.01,74.98,Credit Card,1,FALSE,Delivered,2
ORD-03264,11-10-2023,CUST84619,Karan Nair,25,Other,North,Delhi,Furniture,Bed Frame,2,30782.35,0.22,61429.26,11318.5,48.72,UPI,4,FALSE,Delivered,10
ORD-00963,16-03-2021,CUST03100,Aditya Kumar,34,Other,Central,Raipur,Furniture,Desk,2,22148.9,0.1,44253.5,10034.05,55.7,Debit Card,4,FALSE,Cancelled,1
ORD-00892,02-05-2021,CUST40329,Nikhil Verma,19,Female,West,Pune,Beauty,Hair Oil,4,1900.58,0.12,7593.2,3388.38,47.89,UPI,3,FALSE,Delivered,1
ORD-00190,26-03-2020,CUST46839,Nikhil Kumar,34,Male,North,Chandigarh,Furniture,Bookshelf,8,30630.05,0.31,244280.77,41569.88,27.98,Net Banking,1,FALSE,Cancelled,4
ORD-00947,03-04-2021,CUST36851,Shreya Mehta,27,Other,East,Bhubaneswar,Sports,Yoga Mat,2,12124.27,0.2,24200.04,4737.69,91.21,Debit Card,3,FALSE,Delivered,7
ORD-01055,21-04-2021,CUST95496,Sunita Reddy,49,Female,North,Amritsar,Books,Cook Book,7,534.91,0.07,3741.75,2443.22,61.73,EMI,1,FALSE,Cancelled,7
ORD-03424,24-01-2024,CUST78421,Arjun Mishra,46,Female,North,Chandigarh,Beauty,Face Cream,2,1022.14,0.23,2039.58,580.86,51.54,UPI,5,TRUE,Returned,4
ORD-03802,11-07-2024,CUST44356,Pooja Mehta,54,Other,East,Guwahati,Furniture,Bed Frame,4,34537.46,0.05,138080.77,50381.67,76.14,EMI,3,FALSE,Delivered,8
ORD-00173,16-03-2020,CUST46878,Sunita Mishra,33,Female,East,Bhubaneswar,Books,Biography,8,1355.07,0.25,10813.46,3585.8,86.98,Debit Card,4,FALSE,Shipped,5
ORD-02895,06-06-2023,CUST35710,Ritu Shah,32,Other,East,Kolkata,Furniture,Bed Frame,9,24542.85,0.3,220222.99,76203.02,95.21,Credit Card,2,FALSE,Delivered,6
ORD-02625,13-02-2023,CUST78576,Arjun Chatterjee,34,Female,North,Amritsar,Electronics,Smartwatch,8,78209.24,0.1,625048.25,85521.04,51.05,Cash on Delivery,1,FALSE,Shipped,1
ORD-01661,01-11-2022,CUST94914,Nisha Mishra,36,Other,South,Kochi,Clothing,Kurta,3,3496.76,0.05,10485.03,2308.11,40.95,Credit Card,4,FALSE,Delivered,3
ORD-00208,01-04-2020,CUST69756,Karan Bhat,25,Other,Central,Bhopal,Electronics,Camera,5,74661.96,0.1,372936.49,38409.75,43.58,Debit Card,3,FALSE,Delivered,9
ORD-00272,05-01-2020,CUST97522,Ananya Singh,34,Male,South,Bangalore,Clothing,Saree,10,2668.56,0.03,26677.59,10352.49,77.49,EMI,5,FALSE,Delivered,4
ORD-01061,26-04-2021,CUST63508,Kavya Bhat,34,Female,South,Hyderabad,Electronics,Laptop,1,78711.02,0.18,78569.34,11769.97,90.37,Net Banking,3,FALSE,Delivered,3
ORD-02546,01-12-2023,CUST96368,Kavya Gupta,29,Female,Central,Raipur,Groceries,Rice (5Kg),1,243.91,0.3,243.18,16.45,53.75,Cash on Delivery,5,FALSE,Shipped,3
ORD-04010,29-09-2024,CUST04352,Amit Chatterjee,22,Female,West,Surat,Books,Biography,2,1099.72,0.22,2194.6,869.03,61.35,UPI,3,FALSE,Delivered,4
ORD-02830,15-05-2023,CUST23051,Rohan Iyer,35,Male,South,Bangalore,Sports,Tennis Racket,2,5536.92,0.07,11066.09,5022.79,86.81,UPI,5,FALSE,Cancelled,4
ORD-03136,17-09-2023,CUST92424,Sanjay Nair,32,Other,North,Ludhiana,Beauty,Perfume,10,384.92,0.13,3844.2,1470.62,46.05,EMI,1,FALSE,Pending,9
ORD-00361,06-04-2020,CUST34273,Deepa Nair,44,Male,West,Pune,Groceries,Tea,10,350.15,0.07,3499.05,346.67,62.1,Credit Card,3,TRUE,Returned,1
ORD-00178,19-03-2020,CUST56675,Rohan Sharma,24,Male,Central,Raipur,Electronics,Camera,6,15086.96,0.13,90404.08,10183.25,74.72,Credit Card,1,FALSE,Delivered,4
ORD-03759,24-06-2024,CUST16441,Nisha Bose,18,Female,East,Guwahati,Sports,Tennis Racket,4,6805.31,0.01,27218.52,11120.45,101.73,EMI,2,TRUE,Returned,3
ORD-01724,02-06-2022,CUST56841,Priya Gupta,20,Male,East,Guwahati,Clothing,Jacket,2,2075.29,0.21,4141.86,1031.57,62.3,Debit Card,4,FALSE,Delivered,1
ORD-00873,31-01-2021,CUST74542,Arjun Gupta,18,Male,Central,Bhopal,Furniture,Bookshelf,1,10111.03,0.27,10083.73,2226.89,30.16,Debit Card,2,FALSE,Delivered,4
ORD-03197,15-10-2023,CUST33951,Deepa Mehta,18,Male,East,Bhubaneswar,Beauty,Lipstick,2,2007.33,0.17,4007.84,1779.77,78.53,UPI,5,FALSE,Delivered,2
ORD-00929,23-02-2021,CUST75952,Nikhil Verma,24,Male,East,Guwahati,Furniture,Desk,5,2018.71,0.33,10060.24,1860.03,62.35,EMI,5,FALSE,Delivered,1
ORD-03836,25-07-2024,CUST17574,Ananya Bhat,37,Male,East,Guwahati,Clothing,Jeans,6,3101.95,0.35,18546.56,7357.07,89.04,Credit Card,3,TRUE,Returned,7
ORD-03158,29-09-2023,CUST54265,Sanjay Bhat,38,Female,North,Amritsar,Furniture,Bookshelf,8,24623.45,0.03,196928.5,63126.55,36.04,Credit Card,1,FALSE,Delivered,4
ORD-02765,04-11-2023,CUST09924,Ritu Verma,36,Other,Central,Raipur,Electronics,Camera,5,18000.28,0.12,89893.4,11424.94,73.2,Debit Card,4,FALSE,Delivered,2
ORD-00778,18-12-2020,CUST98642,Sanjay Verma,53,Male,East,Kolkata,Groceries,Tea,3,284.05,0.26,849.93,27.33,74.57,EMI,2,FALSE,Delivered,2
ORD-03353,21-12-2023,CUST13354,Sanjay Nair,29,Male,East,Patna,Groceries,Rice (5Kg),9,344.79,0.33,3092.87,132.76,57.21,UPI,2,FALSE,Cancelled,10
ORD-00863,29-01-2021,CUST78361,Sanjay Joshi,51,Female,West,Mumbai,Beauty,Perfume,4,1427.81,0.28,5695.25,1821.21,66.76,Credit Card,4,FALSE,Delivered,5
ORD-03986,15-09-2024,CUST02647,Rahul Pillai,63,Female,West,Surat,Furniture,Wardrobe,1,30262.77,0.22,30196.19,5627.29,62.47,EMI,1,FALSE,Delivered,10
ORD-01945,05-08-2022,CUST15198,Aarav Bhat,33,Other,Central,Nagpur,Clothing,T-Shirt,7,607.95,0.38,4239.48,1026.1,64.63,Net Banking,3,FALSE,Delivered,1
ORD-03665,13-05-2024,CUST12838,Sanjay Pillai,30,Male,East,Bhubaneswar,Clothing,Saree,2,358,0.38,713.28,256.4,63.9,EMI,1,FALSE,Delivered,6
ORD-01149,31-05-2021,CUST17159,Deepa Das,31,Female,East,Guwahati,Clothing,Jeans,2,1322.23,0.02,2643.93,1452.45,55.18,UPI,3,TRUE,Returned,7
ORD-02749,05-04-2023,CUST37997,Arjun Verma,51,Male,West,Pune,Sports,Football,3,11418.23,0.01,34251.26,7315.08,41.92,Credit Card,2,FALSE,Delivered,3
ORD-00787,25-12-2020,CUST40665,Sunita Patel,53,Female,South,Chennai,Electronics,Headphones,4,65983.59,0.12,263617.64,25135.71,66.2,Net Banking,1,FALSE,Delivered,4
ORD-01614,23-12-2021,CUST91726,Priya Shah,45,Other,Central,Bhopal,Electronics,Laptop,4,55475.84,0.06,221770.22,22566.53,40.68,Debit Card,4,FALSE,Cancelled,2
ORD-04104,17-11-2024,CUST00610,Priya Verma,14,Male,North,Amritsar,Clothing,Jacket,8,1693.73,0.03,13545.78,3498.38,36.04,Credit Card,3,FALSE,Cancelled,5
ORD-01328,18-08-2021,CUST77757,Amit Rao,34,Other,South,Hyderabad,Clothing,T-Shirt,1,1197.05,0.33,1193.1,320.52,29.64,UPI,4,FALSE,Cancelled,3
ORD-01880,04-10-2022,CUST68733,Nikhil Nair,37,Male,East,Patna,Groceries,Flour,2,153.14,0.29,305.39,25.46,77.75,UPI,5,FALSE,Delivered,8
ORD-01752,16-02-2022,CUST58616,Nikhil Singh,34,Other,North,Delhi,Books,Cook Book,10,1347.14,0.17,13448.5,3966.61,43.49,UPI,3,TRUE,Returned,3
ORD-04099,15-11-2024,CUST82403,Shreya Mehta,34,Female,West,Surat,Groceries,Dal (1Kg),3,124.6,0.33,372.57,18.07,79.1,Credit Card,3,FALSE,Delivered,8
ORD-00565,09-09-2020,CUST05627,Aarav Kumar,37,Female,West,Surat,Sports,Cricket Bat,1,3528.13,0.38,3514.72,420.96,53.63,Credit Card,1,TRUE,Returned,6
ORD-03634,28-04-2024,CUST10137,Nikhil Kapoor,32,Male,South,Bangalore,Beauty,Sunscreen,1,2169.87,0.38,2161.62,458.88,52.43,Cash on Delivery,5,FALSE,Pending,3
ORD-00222,04-07-2020,CUST35116,Shreya Reddy,41,Other,Central,Indore,Electronics,Smartphone,9,5129.67,0.32,46019.3,4662.1,46.85,Cash on Delivery,5,FALSE,Delivered,2
ORD-01354,09-01-2021,CUST77279,Sanjay Chatterjee,29,Male,Central,Nagpur,Clothing,Jeans,2,3887.01,0.36,7746.03,2252.91,53.35,Net Banking,5,FALSE,Delivered,1
ORD-01890,15-04-2022,CUST59516,Priya Nair,46,Female,South,Kochi,Clothing,T-Shirt,8,2375.65,0.39,18931.08,5032.2,74.26,UPI,3,FALSE,Delivered,5
ORD-02160,08-05-2022,CUST01889,Rahul Verma,31,Other,Central,Raipur,Beauty,Hair Oil,4,1536.84,0,6147.36,4876.08,73.06,Debit Card,5,FALSE,Delivered,6
ORD-00324,22-05-2020,CUST46595,Amit Bhat,12,Male,North,Amritsar,Clothing,T-Shirt,10,2830.97,0.36,28207.79,5346.01,65.65,Net Banking,1,FALSE,Delivered,4
ORD-03314,04-12-2023,CUST74780,Rahul Bhat,13,Male,West,Pune,Books,Comic Book,10,1096,0.31,10926.02,1824.11,82.85,Credit Card,5,FALSE,Delivered,7
ORD-03021,08-01-2023,CUST66733,Priya Iyer,33,Female,West,Ahmedabad,Groceries,Tea,4,223.01,0.06,891.5,100.59,66.9,Cash on Delivery,2,FALSE,Delivered,2
ORD-03963,09-05-2024,CUST85913,Sunita Iyer,34,Male,Central,Raipur,Sports,Tennis Racket,4,4061.88,0.18,16218.27,1050.34,67.96,Debit Card,1,FALSE,Delivered,2
ORD-03326,12-10-2023,CUST35382,Ritu Singh,46,Other,West,Surat,Clothing,Jeans,5,1679.82,0.29,8374.74,2439.71,61.89,Net Banking,2,FALSE,Cancelled,3
ORD-02513,27-12-2022,CUST10153,Vikram Pillai,49,Other,West,Ahmedabad,Groceries,Flour,1,111.85,0.03,111.82,7.87,62.85,EMI,1,FALSE,Delivered,3
ORD-03675,15-05-2024,CUST24522,Karan Kumar,35,Male,Central,Bhopal,Groceries,Cooking Oil,5,111.25,0.21,555.08,93.18,69.34,Cash on Delivery,4,FALSE,Delivered,3
ORD-00805,01-02-2021,CUST38399,Nikhil Gupta,22,Male,Central,Indore,Clothing,Saree,6,2532.55,0.06,15186.18,4546.73,64.53,UPI,1,FALSE,Shipped,1
ORD-00838,18-01-2021,CUST92341,Deepa Bhat,34,Other,South,Hyderabad,Electronics,Headphones,4,47874.24,0.29,190941.62,11952.46,79.36,Debit Card,2,TRUE,Returned,3
ORD-00433,07-09-2020,CUST34701,Sanjay Chatterjee,47,Other,Central,Indore,Electronics,Laptop,4,37472.7,0.01,149875.81,22304.92,43.11,Credit Card,4,FALSE,Delivered,10
ORD-03453,02-06-2024,CUST73572,Ananya Verma,18,Male,West,Surat,Furniture,Bed Frame,8,31388.84,0.39,250131.39,45198.52,57.54,UPI,4,FALSE,Delivered,4
ORD-02906,06-10-2023,CUST43728,Nisha Joshi,20,Male,Central,Raipur,Sports,Football,7,754.28,0.05,5277.32,2271.05,45.61,Net Banking,1,FALSE,Delivered,4
ORD-02700,15-03-2023,CUST26383,Vikram Mehta,18,Other,East,Guwahati,Sports,Dumbbells,5,5610.04,0.21,27991.29,4096.24,84.23,UPI,2,FALSE,Delivered,2
ORD-03679,16-05-2024,CUST33255,Priya Mishra,38,Other,North,Amritsar,Furniture,Desk,5,25978.76,0.11,129750.92,45655.25,40.23,Debit Card,1,FALSE,Delivered,4
ORD-03397,01-11-2024,CUST80323,Rahul Chatterjee,23,Male,South,Bangalore,Groceries,Cooking Oil,6,69.63,0.33,416.4,21.2,103.66,EMI,1,TRUE,Returned,1
ORD-02354,14-10-2022,CUST69204,Arjun Joshi,34,Other,North,Ludhiana,Sports,Yoga Mat,1,6882.24,0.06,6878.11,1545.12,56.46,Cash on Delivery,3,TRUE,Returned,3
ORD-00623,10-06-2020,CUST24662,Kavya Joshi,36,Other,Central,Raipur,Groceries,Rice (5Kg),8,498.13,0.2,3977.07,226.32,36.47,UPI,4,TRUE,Returned,6
ORD-00417,07-02-2020,CUST24241,Meera Mehta,19,Male,Central,Indore,Groceries,Cooking Oil,6,170,0.36,1016.33,50.58,64.22,Net Banking,2,FALSE,Pending,5
ORD-03426,25-01-2024,CUST99964,Vikram Iyer,40,Male,East,Kolkata,Beauty,Shampoo,9,432.41,0.37,3877.29,1178.26,86.75,Net Banking,5,FALSE,Shipped,10
ORD-00125,17-02-2020,CUST87260,Aarav Chatterjee,46,Other,East,Kolkata,Groceries,Sugar,5,308.01,0.04,1539.43,56.05,55.47,Cash on Delivery,2,FALSE,Delivered,2
ORD-00577,15-09-2020,CUST53381,Aditya Pillai,54,Other,Central,Raipur,Sports,Cycle,8,10241.77,0.29,81696.55,13264.84,67.15,Debit Card,1,TRUE,Returned,6
ORD-02110,17-07-2022,CUST80301,Priya Mehta,31,Other,Central,Indore,Books,Self-Help Book,5,854,0.33,4255.91,321.8,40.83,Cash on Delivery,1,TRUE,Returned,6
ORD-01444,14-10-2021,CUST08288,Sanjay Verma,33,Male,South,Bangalore,Sports,Yoga Mat,9,2605.13,0.21,23396.93,2400.52,83.93,EMI,4,TRUE,Returned,5
ORD-03182,10-07-2023,CUST49514,Shreya Verma,34,Male,West,Ahmedabad,Clothing,Saree,1,3669.1,0.23,3660.66,1136.46,66,EMI,5,FALSE,Delivered,9
ORD-00496,08-05-2020,CUST35738,Nikhil Verma,44,Other,East,Bhubaneswar,Furniture,Bookshelf,6,10121.63,0.2,60608.32,19909.16,79.23,UPI,1,FALSE,Shipped,2
ORD-00854,24-01-2021,CUST64876,Rahul Sharma,38,Female,South,Bangalore,Clothing,Saree,10,546.08,0.02,5459.71,1231.33,64.33,Cash on Delivery,5,FALSE,Delivered,6
ORD-00271,29-04-2020,CUST41469,Rahul Bhat,44,Male,West,Surat,Electronics,Camera,5,20270.62,0.13,101221.34,10193.11,48.68,Debit Card,2,FALSE,Delivered,3
ORD-00615,10-03-2020,CUST47101,Sanjay Shah,18,Other,Central,Raipur,Electronics,Headphones,7,37436.56,0.37,261086.31,20949.87,52.14,UPI,2,FALSE,Delivered,10
ORD-03412,18-01-2024,CUST88295,Deepa Reddy,34,Other,Central,Bhopal,Clothing,T-Shirt,7,1628.33,0.37,11356.14,2745.59,37.91,Credit Card,1,TRUE,Returned,3
ORD-03685,19-05-2024,CUST54368,Rahul Bhat,26,Other,East,Kolkata,Beauty,Lipstick,4,1340.35,0.28,5346.39,2285.21,75.46,Net Banking,2,FALSE,Delivered,7
ORD-02233,31-08-2022,CUST53670,Deepa Iyer,32,Male,West,Surat,Clothing,Dress,7,3559.36,0.26,24850.74,9552.92,50.49,Net Banking,4,FALSE,Delivered,5
ORD-03340,16-12-2023,CUST00381,Pooja Kumar,15,Female,South,Chennai,Beauty,Perfume,8,1831.18,0.37,14595.24,2469.88,52.31,EMI,4,FALSE,Delivered,5
ORD-00958,03-11-2021,CUST07589,Rohan Shah,30,Male,North,Amritsar,Groceries,Dal (1Kg),7,236.4,0.32,1649.5,86.13,33.05,Cash on Delivery,2,TRUE,Returned,3
ORD-02135,25-07-2022,CUST59057,Sunita Patel,44,Other,East,Kolkata,Sports,Tennis Racket,8,12531.28,0.26,99989.59,18509.68,84.53,Cash on Delivery,1,FALSE,Shipped,6
ORD-00681,11-04-2020,CUST25326,Shreya Das,30,Male,East,Guwahati,Sports,Tennis Racket,1,13269.22,0.27,13233.39,1868.37,57.24,Cash on Delivery,2,FALSE,Cancelled,1
ORD-02649,19-02-2023,CUST25132,Aditya Nair,36,Male,North,Chandigarh,Furniture,Bookshelf,6,3886.28,0.02,23313.02,4659.41,44.59,Cash on Delivery,1,FALSE,Delivered,6
ORD-00814,01-08-2021,CUST27919,Deepa Bose,48,Female,East,Bhubaneswar,Clothing,Dress,3,1116.6,0.09,3346.79,860.81,92.64,EMI,4,FALSE,Delivered,2
ORD-02368,21-10-2022,CUST57089,Shreya Bhat,48,Male,West,Ahmedabad,Furniture,Sofa,6,6159.86,0.03,36948.07,1071.64,52.14,EMI,2,FALSE,Delivered,5
ORD-03156,29-09-2023,CUST34657,Ananya Mishra,31,Other,East,Guwahati,Groceries,Tea,7,72.5,0.28,506.08,36.76,80.15,UPI,4,FALSE,Cancelled,9
ORD-01658,09-01-2022,CUST14731,Aditya Patel,37,Female,Central,Nagpur,Beauty,Perfume,2,1173.03,0.29,2339.26,604.94,50.86,Debit Card,3,FALSE,Delivered,1
ORD-00587,19-09-2020,CUST69337,Sunita Shah,30,Female,Central,Indore,Electronics,Tablet,10,5927.03,0.37,59051,4624.52,77.35,Cash on Delivery,4,FALSE,Delivered,4
ORD-02543,01-09-2023,CUST35512,Rohan Joshi,44,Other,Central,Indore,Sports,Dumbbells,6,14871.36,0.23,89022.94,9090.55,74.65,Cash on Delivery,2,FALSE,Delivered,8
ORD-03592,04-11-2024,CUST10003,Rohan Joshi,15,Male,West,Pune,Beauty,Face Cream,2,1384.67,0.19,2764.08,1481.85,74.86,Cash on Delivery,3,FALSE,Delivered,8
ORD-00940,28-02-2021,CUST20288,Priya Mehta,32,Female,East,Patna,Books,Cook Book,1,1285.8,0.12,1284.26,331.39,110.69,EMI,1,FALSE,Shipped,8
ORD-03709,06-03-2024,CUST34494,Rahul Mehta,40,Other,South,Chennai,Electronics,Laptop,9,62118.25,0.27,557554.78,88815.59,64.34,EMI,1,FALSE,Shipped,6
ORD-01178,06-12-2021,CUST90166,Aditya Mishra,42,Other,Central,Bhopal,Furniture,Bed Frame,10,10408.77,0.32,103754.62,36667.24,59.71,Credit Card,2,TRUE,Returned,5
ORD-02130,24-07-2022,CUST23716,Vikram Nair,46,Other,West,Surat,Beauty,Face Cream,8,1555.78,0.04,12441.26,4937.06,68.28,Net Banking,3,FALSE,Delivered,10
ORD-02092,07-09-2022,CUST11724,Aarav Reddy,38,Male,East,Patna,Groceries,Tea,10,282.32,0.11,2820.09,255.64,68.13,EMI,4,TRUE,Returned,2
ORD-04128,30-11-2024,CUST77827,Shreya Iyer,50,Female,West,Surat,Sports,Cricket Bat,1,3657.04,0.17,3650.82,616.93,48.37,Debit Card,3,FALSE,Delivered,1
ORD-02330,10-08-2022,CUST47001,Nikhil Mishra,29,Other,Central,Nagpur,Sports,Cricket Bat,7,8342.21,0.31,58214.44,10147.74,47.94,Credit Card,5,FALSE,Delivered,1
ORD-02454,29-11-2022,CUST09118,Aarav Verma,27,Other,East,Kolkata,Sports,Football,1,2937.76,0.07,2935.7,360.5,64.66,Credit Card,5,FALSE,Delivered,6
ORD-02557,14-01-2023,CUST61978,Amit Chatterjee,13,Female,South,Kochi,Clothing,T-Shirt,4,1975.84,0.38,7873.33,1285.63,69.35,Cash on Delivery,2,FALSE,Delivered,7
ORD-03101,09-03-2023,CUST69379,Rohan Pillai,22,Other,North,Chandigarh,Furniture,Bookshelf,7,31725.3,0.37,221255.41,38520.59,64.24,EMI,3,FALSE,Delivered,3
ORD-02839,21-05-2023,CUST65852,Kavya Patel,21,Other,South,Chennai,Sports,Yoga Mat,7,7147.56,0.25,49907.84,18485.24,94.91,Debit Card,5,FALSE,Delivered,5
ORD-01511,11-12-2021,CUST08590,Ananya Reddy,42,Female,East,Patna,Groceries,Sugar,8,465.39,0.2,3715.67,173.37,89.42,UPI,3,FALSE,Shipped,2
ORD-00504,08-11-2020,CUST76030,Nisha Verma,37,Other,West,Ahmedabad,Clothing,Dress,10,2383.2,0.23,23777.19,10442.57,79.75,Credit Card,2,FALSE,Shipped,10
ORD-03891,08-10-2024,CUST84613,Priya Kumar,23,Other,South,Bangalore,Furniture,Desk,1,17279.95,0.36,17217.74,4268.25,69.91,EMI,4,FALSE,Cancelled,4
ORD-01941,05-06-2022,CUST72548,Vikram Verma,40,Female,Central,Bhopal,Beauty,Face Cream,5,663.74,0.09,3315.71,2166.11,60.08,Credit Card,2,FALSE,Delivered,4
ORD-02073,07-03-2022,CUST56467,Karan Kumar,36,Other,Central,Nagpur,Beauty,Hair Oil,7,541.57,0.38,3776.58,1569.49,60.06,EMI,2,FALSE,Delivered,3
ORD-02253,09-09-2022,CUST22702,Arjun Rao,54,Female,East,Kolkata,Furniture,Wardrobe,5,26136.57,0,130682.85,38154.91,66.36,UPI,1,FALSE,Cancelled,5
ORD-04062,28-10-2024,CUST68176,Rahul Kapoor,39,Other,East,Bhubaneswar,Books,Self-Help Book,7,1034.14,0.16,7227.4,2601.05,80.96,Cash on Delivery,5,FALSE,Delivered,9
ORD-03967,08-09-2024,CUST37272,Rohan Chatterjee,52,Female,South,Hyderabad,Beauty,Face Cream,10,1414.73,0.32,14102.03,7374.35,58.56,UPI,2,FALSE,Delivered,5
ORD-03269,11-12-2023,CUST63780,Vikram Iyer,49,Male,Central,Nagpur,Groceries,Dal (1Kg),2,53.72,0.33,107.09,5.23,62.93,Credit Card,2,TRUE,Returned,9
ORD-01600,14-12-2021,CUST62870,Nisha Sharma,26,Other,Central,Indore,Groceries,Sugar,10,293.89,0.38,2927.73,128.26,43.01,Net Banking,1,FALSE,Pending,6
ORD-01003,31-03-2021,CUST87374,Ritu Gupta,30,Female,Central,Indore,Books,Fiction Novel,3,672.84,0.35,2011.46,547.98,61.75,Net Banking,1,TRUE,Returned,8
ORD-00840,19-01-2021,CUST21706,Arjun Bose,40,Female,Central,Bhopal,Groceries,Flour,8,250.4,0.34,1996.39,63.61,62.31,Credit Card,4,FALSE,Delivered,9
ORD-02591,31-01-2023,CUST31554,Aditya Kumar,28,Female,West,Surat,Electronics,Camera,7,67056.12,0.16,468641.81,40666.72,42.69,UPI,2,FALSE,Pending,7
ORD-02071,07-03-2022,CUST84689,Meera Sharma,25,Other,West,Mumbai,Beauty,Lipstick,10,718.67,0.32,7163.7,2686.48,47.47,Cash on Delivery,4,FALSE,Delivered,6
ORD-01919,28-04-2022,CUST47510,Ritu Gupta,37,Female,East,Kolkata,Groceries,Flour,2,104.13,0.39,207.45,16.21,58.21,EMI,3,TRUE,Returned,10
ORD-03682,17-05-2024,CUST30084,Ritu Bose,34,Other,North,Ludhiana,Clothing,Saree,5,1894.58,0.19,9454.9,5410.53,40.74,Debit Card,4,FALSE,Delivered,3
ORD-03702,26-05-2024,CUST35943,Nisha Mehta,44,Other,North,Amritsar,Beauty,Face Cream,5,678.22,0.34,3379.57,1361.71,56.46,EMI,2,FALSE,Shipped,3
ORD-00736,12-01-2020,CUST74868,Priya Patel,46,Male,West,Mumbai,Groceries,Dal (1Kg),1,94.57,0.38,94.21,2.87,55.93,EMI,3,FALSE,Delivered,8
ORD-00108,02-10-2020,CUST71620,Sunita Pillai,26,Male,South,Hyderabad,Furniture,Wardrobe,10,26170.61,0.14,261339.71,64822.6,51.37,Cash on Delivery,5,FALSE,Cancelled,10
ORD-02438,24-11-2022,CUST92064,Rahul Shah,30,Male,West,Mumbai,Electronics,Laptop,10,42734.97,0.19,426537.74,41480.81,68.69,Net Banking,4,FALSE,Delivered,6
ORD-00833,16-01-2021,CUST53156,Rohan Iyer,44,Male,Central,Raipur,Clothing,Kurta,8,1374.51,0.25,10968.59,2549.49,47.72,EMI,2,FALSE,Delivered,5
ORD-00689,11-08-2020,CUST06352,Sunita Singh,43,Other,North,Delhi,Groceries,Rice (5Kg),5,195.29,0.1,975.47,9617.93,60.48,Credit Card,3,FALSE,Delivered,7
ORD-03363,26-12-2023,CUST98456,Nikhil Bose,40,Female,South,Chennai,Furniture,Desk,1,8061.02,0.24,8041.67,1155.06,108.12,Credit Card,4,FALSE,Cancelled,6
ORD-01678,19-01-2022,CUST69653,Karan Sharma,25,Male,West,Ahmedabad,Sports,Yoga Mat,10,14755.73,0.33,147070.36,17279.41,54.29,Debit Card,5,FALSE,Delivered,6
ORD-00040,15-01-2020,CUST53328,Shreya Gupta,50,Male,East,Bhubaneswar,Beauty,Shampoo,8,2450.85,0.02,19602.88,5401.03,95.73,Net Banking,2,FALSE,Delivered,6
ORD-01163,06-05-2021,CUST43541,Kavya Gupta,36,Male,West,Mumbai,Clothing,T-Shirt,3,3190.15,0.14,9557.05,3253.84,41,UPI,1,FALSE,Delivered,6
ORD-02426,15-11-2022,CUST17865,Sanjay Pillai,32,Female,South,Bangalore,Groceries,Sugar,5,450.47,0.3,2245.59,106.62,50.58,Cash on Delivery,5,FALSE,Cancelled,7
ORD-01903,21-04-2022,CUST83392,Kavya Shah,22,Other,South,Bangalore,Sports,Dumbbells,3,10164.78,0.29,30405.91,4282.27,81.55,Cash on Delivery,3,TRUE,Returned,7
ORD-04042,20-10-2024,CUST13143,Rahul Mehta,15,Other,Central,Raipur,Sports,Dumbbells,7,8478.88,0.28,59185.97,12429.32,63.81,Cash on Delivery,3,FALSE,Delivered,10
ORD-03152,28-09-2023,CUST23783,Nikhil Kumar,29,Other,West,Surat,Books,Fiction Novel,7,606.81,0.04,4245.97,1593.45,88.92,EMI,4,FALSE,Shipped,3
ORD-00762,12-11-2020,CUST56124,Rohan Patel,31,Female,North,Ludhiana,Sports,Cycle,5,9275.47,0.32,46228.94,1038.19,42.64,Debit Card,1,TRUE,Returned,6
ORD-01874,04-07-2022,CUST43568,Pooja Kapoor,56,Male,East,Bhubaneswar,Books,Textbook,10,781.54,0.38,7785.7,2168.7,78.77,Net Banking,5,FALSE,Delivered,4
ORD-00910,02-11-2021,CUST43459,Arjun Gupta,71,Female,South,Chennai,Sports,Yoga Mat,2,1368.36,0.22,2730.7,302.67,73.32,Debit Card,5,FALSE,Delivered,3
ORD-00822,01-12-2021,CUST46373,Ananya Kapoor,17,Female,West,Ahmedabad,Clothing,Kurta,5,3585.04,0.18,17892.93,4000.6,65.28,Net Banking,4,FALSE,Delivered,4
ORD-02848,26-05-2023,CUST09047,Ritu Sharma,34,Male,West,Pune,Electronics,Headphones,9,53164.48,0.28,477140.58,47885.66,54.33,Cash on Delivery,2,FALSE,Delivered,10
ORD-03082,24-08-2023,CUST93135,Karan Das,33,Male,South,Bangalore,Clothing,Dress,10,3548.29,0.33,35365.81,13918.96,75.2,Net Banking,3,FALSE,Pending,8
ORD-02336,10-10-2022,CUST70109,Ananya Bose,52,Female,West,Ahmedabad,Groceries,Tea,8,473.63,0.35,3775.78,221.64,49.07,Net Banking,5,FALSE,Shipped,9
ORD-00723,27-11-2020,CUST73920,Shreya Joshi,30,Male,West,Pune,Clothing,Dress,2,2740.49,0.16,5472.21,1439.89,70.08,EMI,3,TRUE,Returned,1
ORD-03941,26-08-2024,CUST54628,Amit Das,51,Other,South,Kochi,Furniture,Desk,2,17035.15,0.2,34002.16,9088.3,103.64,Debit Card,1,FALSE,Delivered,3
ORD-02699,15-03-2023,CUST30292,Aarav Bose,45,Other,North,Amritsar,Sports,Tennis Racket,2,7389.74,0.4,14720.36,2642.15,49.76,Debit Card,4,TRUE,Returned,6
ORD-03348,19-12-2023,CUST22988,Rahul Shah,55,Other,Central,Nagpur,Groceries,Rice (5Kg),10,135.28,0.11,1351.31,117.16,52.31,Cash on Delivery,4,FALSE,Cancelled,8
ORD-01072,29-04-2021,CUST97294,Priya Kapoor,37,Other,East,Bhubaneswar,Sports,Cricket Bat,1,14885.78,0.36,14832.19,1669.38,87.48,Cash on Delivery,3,FALSE,Cancelled,5
ORD-03476,17-02-2024,CUST72336,Priya Nair,43,Male,North,Ludhiana,Books,Textbook,1,649.08,0.07,648.63,331.12,65.5,UPI,4,FALSE,Pending,1
ORD-02037,17-06-2022,CUST43812,Kavya Kapoor,18,Female,South,Kochi,Groceries,Tea,10,190.56,0.06,1904.46,256.19,101.94,EMI,3,TRUE,Returned,2
ORD-02102,14-07-2022,CUST33411,Karan Bose,48,Male,South,Bangalore,Sports,Yoga Mat,9,3817.71,0.25,34273.49,8384.06,104.35,UPI,5,FALSE,Delivered,9
ORD-01099,05-11-2021,CUST12441,Priya Nair,41,Female,South,Chennai,Clothing,Kurta,6,1254.64,0.03,7525.58,3117.09,62.14,UPI,5,FALSE,Shipped,1
ORD-00296,05-09-2020,CUST10572,Shreya Bose,32,Other,East,Guwahati,Sports,Yoga Mat,10,4628.22,0.22,46180.38,10198.59,81.65,EMI,3,FALSE,Delivered,1
ORD-02387,30-10-2022,CUST50482,Aarav Iyer,26,Female,South,Kochi,Sports,Yoga Mat,8,10568.63,0.21,84371.49,14348.89,77.59,Debit Card,4,FALSE,Delivered,1
ORD-00046,18-01-2020,CUST01705,Priya Iyer,29,Female,West,Pune,Clothing,Dress,1,2597.86,0.22,2592.14,537.05,56.63,Cash on Delivery,4,FALSE,Cancelled,8
ORD-03443,02-01-2024,CUST29477,Arjun Iyer,51,Female,South,Bangalore,Sports,Cycle,6,5856.01,0.18,35072.82,8697.76,63.02,Debit Card,3,FALSE,Delivered,2
ORD-00039,15-01-2020,CUST51057,Aarav Pillai,15,Male,West,Mumbai,Beauty,Perfume,6,1616.14,0.37,9660.96,1744.23,70.31,Net Banking,2,FALSE,Delivered,3
ORD-03335,13-12-2023,CUST09205,Aarav Singh,38,Other,South,Hyderabad,Groceries,Rice (5Kg),8,117.19,0.18,935.83,50.27,74.25,EMI,5,FALSE,Delivered,8
ORD-01985,26-05-2022,CUST62252,Vikram Mehta,22,Male,Central,Bhopal,Sports,Dumbbells,4,871.51,0.38,3472.79,572.32,44.83,UPI,3,FALSE,Delivered,3
ORD-03651,05-05-2024,CUST95089,Amit Verma,40,Female,Central,Nagpur,Beauty,Sunscreen,8,1207.93,0.26,9638.32,4482.22,60.34,EMI,5,FALSE,Delivered,4
ORD-00855,25-01-2021,CUST20377,Nisha Sharma,33,Other,East,Guwahati,Beauty,Face Cream,9,1589.89,0.08,14297.56,5434.65,87.21,Cash on Delivery,4,FALSE,Delivered,4
ORD-02036,16-06-2022,CUST01271,Ritu Gupta,21,Female,South,Chennai,Groceries,Cooking Oil,9,468.64,0.21,4208.9,228.82,46.36,Credit Card,4,FALSE,Delivered,5
ORD-02142,29-07-2022,CUST09685,Shreya Gupta,42,Female,North,Chandigarh,Sports,Yoga Mat,3,7955.73,0.22,23814.68,5570.15,48.56,Debit Card,1,FALSE,Delivered,2
ORD-00033,01-12-2020,CUST74345,Shreya Patel,18,Male,South,Hyderabad,Books,Textbook,2,626.54,0.21,1250.45,364.25,56.69,UPI,3,FALSE,Delivered,8
ORD-00019,01-07-2020,CUST27279,Sunita Iyer,26,Male,Central,Nagpur,Groceries,Sugar,6,435.26,0.24,2605.29,128.4,57.95,Net Banking,5,FALSE,Pending,3
ORD-00248,20-04-2020,CUST27111,Deepa Reddy,39,Male,West,Pune,Furniture,Bed Frame,9,20578.89,0.1,185024.8,46837.64,76.42,EMI,2,FALSE,Delivered,1
ORD-02489,16-12-2022,CUST09533,Nikhil Verma,46,Other,Central,Bhopal,Sports,Football,8,2230.31,0.23,17801.44,2516.27,57.84,UPI,2,FALSE,Pending,5
ORD-01253,19-07-2021,CUST22505,Shreya Chatterjee,31,Male,South,Kochi,Groceries,Rice (5Kg),5,443.63,0.36,2210.16,166.1,43.69,Cash on Delivery,2,TRUE,Returned,2
ORD-00196,28-03-2020,CUST37557,Arjun Chatterjee,45,Other,West,Ahmedabad,Clothing,Kurta,1,1971.81,0.05,1970.82,732.33,57.58,EMI,1,FALSE,Delivered,6
ORD-02698,15-03-2023,CUST60455,Meera Kumar,40,Male,North,Ludhiana,Books,Biography,10,1452.95,0.01,14528.05,5761.15,57.81,Net Banking,3,FALSE,Delivered,2
ORD-00204,30-03-2020,CUST60582,Aditya Sharma,22,Male,Central,Indore,Electronics,Smartwatch,3,9772.16,0.18,29263.71,3821.21,87.89,Credit Card,3,FALSE,Delivered,7
ORD-00293,05-09-2020,CUST52570,Nikhil Kumar,34,Other,Central,Nagpur,Sports,Yoga Mat,8,2926.82,0.04,23405.19,8084.38,41.11,EMI,1,FALSE,Delivered,1
ORD-01346,27-08-2021,CUST63670,Sunita Reddy,53,Male,North,Ludhiana,Furniture,Desk,10,20350.98,0.22,203062.08,43493.86,69.86,EMI,1,FALSE,Delivered,5
ORD-00913,15-02-2021,CUST25496,Sanjay Pillai,15,Other,West,Ahmedabad,Furniture,Bed Frame,5,17189.6,0.27,85715.94,13684.7,59.73,Credit Card,3,FALSE,Delivered,6
ORD-00114,02-11-2020,CUST09240,Ananya Das,30,Male,North,Delhi,Books,Textbook,9,334.26,0.33,2998.41,547.21,64.37,Credit Card,3,TRUE,Returned,9
ORD-01751,16-02-2022,CUST01506,Sunita Mishra,36,Female,East,Guwahati,Groceries,Flour,10,340.07,0,3400.7,221.45,94.4,UPI,1,FALSE,Delivered,10
ORD-03697,24-05-2024,CUST35363,Amit Das,43,Other,Central,Nagpur,Books,Textbook,8,734.35,0.3,5857.18,2327.04,53.13,UPI,3,FALSE,Delivered,1
ORD-02056,25-06-2022,CUST33480,Pooja Singh,31,Other,West,Surat,Sports,Yoga Mat,1,12201.41,0.38,12155.04,2473.09,54.83,EMI,1,FALSE,Delivered,5
ORD-03879,08-09-2024,CUST22795,Nikhil Kumar,18,Male,South,Chennai,Clothing,Jeans,9,892.19,0.29,8006.42,3107.54,67.17,EMI,2,FALSE,Delivered,10
ORD-03317,12-05-2023,CUST33429,Sunita Das,34,Female,North,Chandigarh,Furniture,Desk,3,29726.23,0.07,89116.26,22599.39,72.07,Net Banking,3,FALSE,Delivered,10
ORD-03514,03-08-2024,CUST77487,Priya Gupta,32,Female,West,Pune,Groceries,Tea,3,248.9,0,746.7,91.65,73.94,Credit Card,4,FALSE,Delivered,6
ORD-01630,27-12-2021,CUST77556,Arjun Joshi,37,Male,North,Delhi,Groceries,Dal (1Kg),1,461.28,0.06,461,41.24,57.7,Cash on Delivery,3,FALSE,Delivered,2
ORD-03201,16-10-2023,CUST99262,Sanjay Joshi,19,Male,North,Chandigarh,Clothing,Kurta,7,1104.26,0.13,7719.77,2415.74,58.32,Debit Card,3,FALSE,Delivered,1
ORD-03641,05-02-2024,CUST69845,Ananya Nair,25,Female,North,Chandigarh,Beauty,Face Cream,4,867.46,0.22,3462.21,2376.05,52.4,Debit Card,2,FALSE,Delivered,7
ORD-00005,01-02-2020,CUST66045,Aditya Singh,45,Other,East,Kolkata,Books,Textbook,6,682.59,0.22,4086.53,680.71,76.22,Debit Card,1,TRUE,Returned,3
ORD-00176,18-03-2020,CUST81366,Vikram Sharma,15,Female,East,Patna,Furniture,Bookshelf,6,14217.54,0.36,84998.14,16528.59,65.56,EMI,5,FALSE,Pending,9
ORD-00413,07-01-2020,CUST24888,Nisha Mishra,30,Male,East,Guwahati,Beauty,Sunscreen,9,2148.56,0.13,19311.9,9481.52,85.42,Net Banking,5,FALSE,Delivered,6
ORD-02231,30-08-2022,CUST06734,Priya Mehta,26,Female,East,Guwahati,Electronics,Camera,7,49602.62,0.08,346940.57,57634.77,76.26,EMI,4,TRUE,Returned,7
ORD-01431,10-07-2021,CUST03275,Rohan Mishra,42,Female,West,Ahmedabad,Electronics,Smartwatch,8,32618.21,0.24,260319.41,22171.54,80.63,Credit Card,5,FALSE,Delivered,2
ORD-03100,09-01-2023,CUST55749,Rahul Das,38,Other,West,Surat,Groceries,Rice (5Kg),1,166.38,0.11,166.2,18.5,57.01,Debit Card,5,FALSE,Delivered,7
ORD-00024,01-10-2020,CUST27593,Nikhil Mehta,23,Male,South,Bangalore,Sports,Yoga Mat,9,14375.13,0.19,129130.36,14206.15,58.57,Net Banking,5,FALSE,Delivered,2
ORD-03041,08-08-2023,CUST35537,Sunita Nair,24,Male,Central,Raipur,Furniture,Chair,4,33469.07,0.02,133849.5,60337.15,33.54,EMI,3,TRUE,Returned,8
ORD-02422,11-12-2022,CUST80806,Deepa Bhat,26,Male,North,Amritsar,Clothing,Dress,6,2781.83,0.34,16634.23,3543.82,47.91,Credit Card,2,FALSE,Delivered,3
ORD-02615,02-10-2023,CUST36242,Shreya Iyer,38,Female,North,Chandigarh,Clothing,Jeans,9,924.21,0.25,8297.1,2169.66,33.88,Debit Card,4,FALSE,Delivered,6
ORD-04133,12-02-2024,CUST61673,Kavya Joshi,42,Female,Central,Raipur,Sports,Tennis Racket,5,6804.29,0.19,33956.81,8007.3,38.07,EMI,5,FALSE,Delivered,6
ORD-02269,14-09-2022,CUST17627,Deepa Kapoor,34,Other,South,Bangalore,Sports,Yoga Mat,3,13367.65,0.27,39994.67,8238.28,76.52,Cash on Delivery,3,FALSE,Delivered,4
ORD-00027,01-11-2020,CUST34383,Kavya Chatterjee,20,Female,West,Pune,Sports,Football,5,2324.58,0.2,11599.65,1662.26,52.62,EMI,3,FALSE,Cancelled,4
ORD-00421,07-05-2020,CUST80414,Karan Rao,40,Other,Central,Raipur,Beauty,Face Cream,6,682.35,0.15,4087.96,2395.37,66.53,Cash on Delivery,3,FALSE,Delivered,5
ORD-00960,13-03-2021,CUST61286,Aarav Singh,11,Male,Central,Nagpur,Electronics,Tablet,4,22676.17,0.17,90550.48,11066.6,67.96,EMI,1,FALSE,Delivered,1
ORD-00603,26-09-2020,CUST11712,Deepa Nair,44,Male,Central,Raipur,Beauty,Face Cream,9,2256.35,0.31,20244.2,7604.3,80.48,Cash on Delivery,5,TRUE,Returned,2
ORD-03058,17-08-2023,CUST75687,Priya Mehta,48,Other,South,Chennai,Clothing,Jacket,4,2277.17,0.19,9091.37,4259.56,68.14,Cash on Delivery,2,TRUE,Returned,3
ORD-00830,15-01-2021,CUST61741,Sanjay Reddy,47,Female,West,Surat,Sports,Cycle,5,10407.54,0.02,52027.29,9803.14,66.57,EMI,1,TRUE,Returned,6
ORD-00516,16-08-2020,CUST07356,Aditya Kumar,35,Male,South,Hyderabad,Groceries,Cooking Oil,10,322.15,0.26,3213.12,219.32,72.89,EMI,4,FALSE,Delivered,5
ORD-03673,15-05-2024,CUST42403,Shreya Gupta,27,Other,North,Amritsar,Clothing,Saree,1,2208.92,0.2,2204.5,796.01,73.64,Net Banking,5,FALSE,Delivered,1
ORD-04052,24-10-2024,CUST70027,Sanjay Verma,58,Other,East,Patna,Books,Biography,5,1349.81,0.08,6743.65,3176.85,79.58,Net Banking,2,FALSE,Cancelled,10
ORD-03481,22-02-2024,CUST77456,Priya Mishra,44,Female,Central,Raipur,Groceries,Rice (5Kg),3,74.2,0.24,222.07,12.54,53.05,EMI,2,FALSE,Delivered,10
ORD-03266,11-10-2023,CUST94697,Karan Patel,50,Female,West,Pune,Furniture,Chair,6,34185.33,0.2,204701.76,57877.84,63.45,Cash on Delivery,2,FALSE,Delivered,2
ORD-01128,24-05-2021,CUST64957,Sanjay Kumar,21,Other,West,Ahmedabad,Books,Fiction Novel,2,810.88,0.39,1615.44,500.04,42.7,Debit Card,5,FALSE,Cancelled,2
ORD-02681,03-06-2023,CUST22232,Shreya Verma,43,Male,North,Ludhiana,Beauty,Shampoo,7,142.6,0.04,997.8,481.8,55.31,Credit Card,2,FALSE,Pending,5
ORD-00885,02-04-2021,CUST26006,Pooja Nair,34,Male,West,Ahmedabad,Clothing,Saree,9,3473.33,0.26,31178.69,6894.62,54.27,UPI,2,FALSE,Delivered,1
ORD-03811,14-07-2024,CUST17506,Ananya Nair,42,Male,East,Kolkata,Sports,Dumbbells,3,2246.75,0.09,6734.18,2923.56,75.87,Net Banking,3,FALSE,Delivered,7
ORD-03276,16-11-2023,CUST08733,Pooja Verma,35,Other,South,Kochi,Clothing,T-Shirt,5,2427.77,0.37,12093.94,2397.72,59.3,EMI,3,FALSE,Delivered,2
ORD-01577,12-04-2021,CUST22334,Sanjay Kapoor,46,Other,Central,Nagpur,Beauty,Sunscreen,8,2183.25,0.33,17408.36,3029.21,47.17,UPI,2,FALSE,Delivered,5
ORD-00583,17-09-2020,CUST16103,Sunita Nair,31,Female,West,Ahmedabad,Books,Cook Book,7,477.86,0.36,3332.98,674.69,44.92,Net Banking,3,FALSE,Delivered,3
ORD-03374,30-12-2023,CUST19728,Meera Singh,35,Male,Central,Raipur,Clothing,Jeans,6,2039.2,0.25,12204.61,5063.52,61.17,EMI,4,FALSE,Delivered,6
ORD-03590,04-10-2024,CUST88984,Aditya Shah,34,Female,West,Mumbai,Beauty,Sunscreen,10,1620.62,0.23,16168.93,5674.7,44.36,Debit Card,1,TRUE,Returned,8
ORD-02341,10-11-2022,CUST63955,Arjun Bose,33,Female,East,Guwahati,Books,Self-Help Book,4,417.82,0.02,1670.95,656.08,75.99,Cash on Delivery,2,FALSE,Delivered,3
ORD-01090,05-07-2021,CUST81568,Ananya Verma,26,Male,South,Chennai,Beauty,Face Cream,9,1526.75,0.05,13733.88,9972.58,67.44,UPI,3,FALSE,Delivered,8
ORD-02009,06-05-2022,CUST02356,Aarav Kapoor,28,Other,East,Kolkata,Furniture,Desk,5,34373.42,0.27,171403.06,50613.06,89.82,Debit Card,1,TRUE,Returned,5
ORD-03864,08-05-2024,CUST15933,Aarav Verma,41,Other,East,Bhubaneswar,Electronics,Smartphone,5,64468.92,0.2,321699.91,48329.91,79.41,Net Banking,1,FALSE,Shipped,10
ORD-03244,11-02-2023,CUST42835,Meera Rao,38,Male,East,Guwahati,Beauty,Perfume,7,315.92,0.25,2205.91,652.99,76.21,Cash on Delivery,3,FALSE,Delivered,4
ORD-00698,13-11-2020,CUST94944,Priya Chatterjee,34,Female,Central,Nagpur,Furniture,Bed Frame,5,5883.06,0.15,29371.18,5925.19,69.28,Cash on Delivery,2,FALSE,Shipped,9
ORD-03015,29-07-2023,CUST53698,Meera Kapoor,34,Male,East,Bhubaneswar,Sports,Cycle,8,4080.77,0.36,32528.63,7223.68,77.54,Cash on Delivery,2,FALSE,Delivered,10
ORD-02569,23-01-2023,CUST55735,Vikram Gupta,21,Male,South,Kochi,Books,Fiction Novel,5,238.01,0.34,1186,358.98,83.77,UPI,3,FALSE,Delivered,9
ORD-03658,05-08-2024,CUST59639,Deepa Chatterjee,33,Male,North,Amritsar,Electronics,Headphones,1,20268.07,0.2,20227.53,5209.56,57.63,EMI,2,FALSE,Delivered,10
ORD-00455,19-07-2020,CUST20908,Vikram Mehta,37,Female,South,Kochi,Electronics,Smartwatch,10,61673.76,0.15,615812.49,90844.4,76.69,Cash on Delivery,3,FALSE,Delivered,7
ORD-03302,29-11-2023,CUST00808,Arjun Reddy,31,Female,West,Mumbai,Electronics,Smartwatch,5,5934.23,0.35,29567.3,1851.85,76.64,UPI,3,FALSE,Shipped,2
ORD-00276,05-02-2020,CUST77008,Meera Bhat,34,Other,Central,Nagpur,Books,Textbook,7,1479.71,0.18,10339.33,3968.87,53.15,Net Banking,4,FALSE,Delivered,2
ORD-03325,12-10-2023,CUST66402,Sanjay Nair,11,Female,East,Bhubaneswar,Beauty,Sunscreen,8,1075.9,0.21,8589.12,4754.61,89.59,Credit Card,3,FALSE,Delivered,6
ORD-00082,02-01-2020,CUST20826,Ananya Bose,38,Female,East,Guwahati,Clothing,Jeans,2,2078.45,0.17,4149.83,1089.57,80.23,Debit Card,5,FALSE,Delivered,4
ORD-01677,18-01-2022,CUST23764,Karan Pillai,22,Male,East,Patna,Clothing,Dress,2,2911.58,0.4,5799.87,1155.62,78.02,Cash on Delivery,1,FALSE,Delivered,6
ORD-02651,21-02-2023,CUST11133,Nisha Shah,38,Female,Central,Bhopal,Furniture,Desk,9,14262.49,0.23,128067.18,41278.73,79.5,Cash on Delivery,1,TRUE,Returned,10
ORD-00862,29-01-2021,CUST25585,Shreya Mishra,43,Other,West,Surat,Beauty,Shampoo,1,1381.02,0.28,1377.15,385.94,79.14,Cash on Delivery,1,FALSE,Delivered,2
ORD-00502,10-08-2020,CUST52899,Shreya Kapoor,32,Other,West,Pune,Sports,Football,6,10767.52,0.2,64475.91,13803.27,52.86,UPI,3,FALSE,Shipped,9
ORD-03847,29-07-2024,CUST01197,Karan Iyer,21,Other,North,Delhi,Furniture,Wardrobe,6,16429.02,0.27,98307.97,40765.64,32.5,EMI,4,FALSE,Delivered,5
ORD-01567,12-01-2021,CUST20735,Aditya Sharma,52,Other,North,Ludhiana,Beauty,Lipstick,7,1393.32,0.23,9730.81,3453.91,40.11,UPI,1,FALSE,Delivered,7
ORD-02184,13-08-2022,CUST04059,Nisha Joshi,17,Other,East,Guwahati,Electronics,Laptop,3,73253.06,0.25,219209.78,32607.06,80.92,Credit Card,4,FALSE,Pending,6
ORD-03372,30-12-2023,CUST23507,Kavya Bhat,44,Female,Central,Bhopal,Books,Self-Help Book,4,746.29,0.3,2976.2,758.46,47.79,Credit Card,1,FALSE,Delivered,7
ORD-02378,27-10-2022,CUST66835,Karan Pillai,50,Male,North,Amritsar,Electronics,Tablet,1,34094.18,0.36,33971.44,2201.52,51.11,EMI,4,FALSE,Delivered,7
ORD-03585,04-09-2024,CUST38973,Nikhil Rao,34,Female,North,Ludhiana,Groceries,Rice (5Kg),3,242.04,0.22,724.52,49.63,73.34,EMI,3,FALSE,Pending,6
ORD-02183,13-08-2022,CUST73899,Meera Sharma,52,Female,East,Bhubaneswar,Groceries,Sugar,2,245.29,0.28,489.21,45.1,88.28,Net Banking,5,FALSE,Delivered,5
ORD-01801,03-08-2022,CUST42354,Pooja Singh,30,Male,South,Chennai,Electronics,Smartphone,6,16805.34,0.37,100458.96,4060.33,71.78,Debit Card,4,FALSE,Delivered,3
ORD-01191,20-06-2021,CUST42018,Aarav Iyer,49,Other,Central,Raipur,Books,Textbook,8,1136.87,0.18,9078.59,3919.14,24.54,Cash on Delivery,5,FALSE,Delivered,6
ORD-01367,09-08-2021,CUST32462,Shreya Rao,30,Female,Central,Bhopal,Books,Fiction Novel,8,1443.03,0.31,11508.45,3984.16,47.13,UPI,4,TRUE,Returned,10
ORD-00321,21-05-2020,CUST74301,Deepa Gupta,42,Male,Central,Indore,Electronics,Headphones,2,43853.55,0.03,87680.79,12392.88,71.03,Net Banking,4,FALSE,Delivered,5
ORD-03973,09-09-2024,CUST60649,Rohan Verma,59,Male,West,Surat,Books,Biography,3,759.61,0.09,2276.78,696.15,32.82,Debit Card,5,FALSE,Delivered,6
ORD-00259,23-04-2020,CUST68265,Vikram Rao,37,Female,East,Bhubaneswar,Electronics,Smartphone,3,76008.49,0.07,227865.85,19589.55,67.43,Credit Card,5,FALSE,Shipped,4
ORD-01295,08-07-2021,CUST43573,Rohan Das,28,Male,East,Patna,Groceries,Rice (5Kg),1,69.87,0.27,69.68,6,69.5,Credit Card,2,FALSE,Cancelled,9
ORD-04037,17-10-2024,CUST70226,Shreya Shah,34,Female,North,Ludhiana,Groceries,Rice (5Kg),1,141.61,0.11,141.45,11.5,52.28,UPI,4,FALSE,Delivered,9
ORD-03087,26-08-2023,CUST32672,Meera Patel,39,Female,West,Surat,Furniture,Desk,5,21847.95,0.29,108922.95,26491.84,67.66,UPI,2,FALSE,Delivered,9
ORD-01162,06-04-2021,CUST45949,Meera Joshi,33,Male,East,Kolkata,Furniture,Chair,4,16298.68,0.03,65175.16,28600.3,95.11,EMI,1,FALSE,Delivered,5
ORD-01742,13-02-2022,CUST91415,Aarav Gupta,44,Female,Central,Nagpur,Groceries,Dal (1Kg),9,479.9,0.32,4305.28,232.06,40.19,Credit Card,4,FALSE,Shipped,3
ORD-02413,11-09-2022,CUST99486,Nikhil Singh,34,Female,East,Guwahati,Sports,Cricket Bat,5,4583.05,0.3,22846.5,2806.09,59.75,Net Banking,4,FALSE,Delivered,6
ORD-00933,25-02-2021,CUST94720,Rohan Singh,49,Female,South,Bangalore,Clothing,Kurta,9,2124.88,0.33,19060.81,4454.91,81.17,Debit Card,3,FALSE,Cancelled,6
ORD-01933,03-05-2022,CUST20246,Amit Singh,45,Male,Central,Raipur,Beauty,Hair Oil,5,434.1,0.36,2162.69,864.87,41.13,UPI,4,FALSE,Delivered,7
ORD-03355,22-12-2023,CUST79039,Nikhil Kumar,35,Male,West,Ahmedabad,Electronics,Tablet,5,28716,0.06,143493.85,13016.92,60.44,Net Banking,5,FALSE,Delivered,10
ORD-01790,03-04-2022,CUST11770,Nisha Chatterjee,33,Other,Central,Indore,Beauty,Hair Oil,2,2360.33,0.23,4709.8,1837.87,81.05,EMI,3,FALSE,Delivered,3
ORD-00546,29-08-2020,CUST11171,Kavya Gupta,35,Female,West,Pune,Books,Self-Help Book,8,318.51,0.31,2540.18,790.49,72.37,Debit Card,5,FALSE,Shipped,9
ORD-02123,23-07-2022,CUST62186,Sunita Pillai,27,Other,South,Bangalore,Clothing,Kurta,7,1384.84,0.25,9669.65,2574.91,74.62,Net Banking,2,TRUE,Returned,5
ORD-02806,05-02-2023,CUST69501,Meera Joshi,29,Other,Central,Indore,Groceries,Tea,5,481.67,0.37,2399.44,141.47,41.15,EMI,3,FALSE,Delivered,8
ORD-04085,11-07-2024,CUST20306,Priya Sharma,43,Female,West,Mumbai,Furniture,Bed Frame,2,20043.88,0.36,39943.44,5160.18,25.71,Credit Card,3,FALSE,Delivered,10
ORD-01794,03-05-2022,CUST42681,Deepa Joshi,40,Male,West,Pune,Sports,Football,1,1321.99,0.39,1316.83,202.59,63.12,Debit Card,4,FALSE,Delivered,7
ORD-00473,28-07-2020,CUST19554,Arjun Mehta,34,Male,West,Mumbai,Furniture,Chair,1,16334.58,0.09,16319.88,5249.68,61.69,Cash on Delivery,5,FALSE,Cancelled,10
ORD-01652,01-07-2022,CUST31119,Arjun Das,33,Other,North,Ludhiana,Electronics,Tablet,5,27023.75,0.03,135078.21,15632.48,68.45,Credit Card,4,FALSE,Delivered,7
ORD-00310,15-05-2020,CUST01960,Sunita Rao,39,Female,West,Ahmedabad,Electronics,Smartphone,5,30601.06,0.34,152485.08,14746.62,71.09,Cash on Delivery,4,FALSE,Shipped,2
ORD-00847,21-01-2021,CUST36203,Vikram Mehta,29,Male,Central,Nagpur,Furniture,Chair,7,27103.44,0.07,189591.27,47871.51,45.89,EMI,2,TRUE,Returned,7
ORD-01755,17-02-2022,CUST47141,Kavya Rao,24,Male,West,Mumbai,Sports,Yoga Mat,8,4285.05,0.23,34201.56,7134.8,43.11,Cash on Delivery,3,FALSE,Delivered,2
ORD-01549,26-11-2021,CUST76040,Meera Chatterjee,19,Male,South,Hyderabad,Beauty,Shampoo,10,2199.23,0.03,21985.7,7462.56,84.56,EMI,4,FALSE,Shipped,10
ORD-00997,29-03-2021,CUST53232,Vikram Pillai,11,Other,West,Mumbai,Furniture,Sofa,6,24694.95,0.14,147962.26,6733.42,16.03,UPI,2,FALSE,Shipped,10
ORD-04029,15-10-2024,CUST20995,Deepa Shah,34,Male,North,Chandigarh,Beauty,Face Cream,2,346.2,0.18,691.15,286.41,60.58,UPI,4,FALSE,Delivered,4
ORD-03288,21-11-2023,CUST96629,Karan Gupta,14,Female,South,Chennai,Electronics,Headphones,8,24941.15,0.38,198770.99,19098.95,79.77,Debit Card,4,FALSE,Delivered,4
ORD-02314,10-03-2022,CUST99949,Karan Mishra,36,Other,East,Kolkata,Groceries,Cooking Oil,7,490.56,0.36,3421.56,120.11,92.2,Net Banking,3,FALSE,Shipped,2
ORD-04092,11-10-2024,CUST89947,Ananya Chatterjee,19,Other,East,Guwahati,Groceries,Tea,5,398.96,0.3,1988.82,123.43,103.58,Cash on Delivery,3,TRUE,Returned,1
ORD-00308,13-05-2020,CUST07042,Priya Sharma,27,Female,North,Ludhiana,Beauty,Shampoo,4,1944.29,0.17,7763.94,5237.35,87.31,UPI,3,FALSE,Delivered,4
ORD-00887,02-04-2021,CUST50884,Sanjay Pillai,49,Other,East,Patna,Sports,Yoga Mat,10,12708.22,0.28,126726.37,20206.87,100.24,EMI,2,FALSE,Delivered,3
ORD-00397,20-06-2020,CUST17107,Ritu Pillai,20,Other,East,Guwahati,Beauty,Face Cream,8,950.66,0.32,7580.94,3770.8,84.8,Debit Card,5,FALSE,Delivered,7
ORD-00955,03-10-2021,CUST63974,Kavya Gupta,30,Male,East,Kolkata,Sports,Dumbbells,3,14253.13,0.13,42703.8,11131.02,67.22,EMI,1,FALSE,Cancelled,3
ORD-00875,02-01-2021,CUST89431,Sanjay Bose,43,Female,South,Kochi,Clothing,Jeans,9,2667.5,0.11,23981.09,8438.9,78.87,Cash on Delivery,3,FALSE,Delivered,3
ORD-01740,02-12-2022,CUST21895,Sanjay Reddy,56,Male,South,Hyderabad,Clothing,Jeans,2,2432.6,0.26,4852.55,1931.36,84.81,Net Banking,5,FALSE,Delivered,8
ORD-00169,15-03-2020,CUST14141,Nikhil Das,43,Male,Central,Raipur,Clothing,T-Shirt,2,3471.87,0.15,6933.32,1972.09,48.98,Credit Card,1,FALSE,Shipped,4
ORD-00626,10-07-2020,CUST10712,Rohan Kapoor,38,Female,North,Chandigarh,Groceries,Dal (1Kg),4,372.01,0.37,1482.53,59.95,38.48,EMI,4,FALSE,Pending,8
ORD-01142,29-05-2021,CUST59363,Sunita Mehta,12,Female,West,Surat,Electronics,Headphones,10,49305.3,0.37,491228.7,48008.96,69,UPI,5,FALSE,Cancelled,7
ORD-02077,07-05-2022,CUST06928,Rahul Bhat,29,Other,West,Surat,Clothing,T-Shirt,1,332.88,0.4,331.55,129.76,83.16,Debit Card,2,FALSE,Delivered,6
ORD-02987,18-07-2023,CUST78771,Nikhil Gupta,39,Female,West,Surat,Groceries,Sugar,8,455.06,0.01,3640.12,561.84,83.7,Net Banking,3,FALSE,Delivered,10
ORD-03554,23-03-2024,CUST02299,Nisha Patel,51,Female,South,Kochi,Sports,Dumbbells,9,560.77,0.19,5037.34,1118.77,78.58,Credit Card,2,FALSE,Delivered,1
ORD-03655,05-07-2024,CUST44723,Ritu Singh,42,Male,West,Ahmedabad,Furniture,Sofa,10,15954.1,0.05,159461.23,76735.56,54.78,Debit Card,1,FALSE,Delivered,1
ORD-02465,12-05-2022,CUST74998,Kavya Bhat,25,Female,North,Delhi,Clothing,Kurta,1,336.77,0.25,335.93,67.26,67.65,UPI,5,FALSE,Delivered,0
ORD-04187,25-12-2024,CUST58320,Pooja Sharma,34,Other,West,Ahmedabad,Furniture,Sofa,8,14656.38,0.05,117192.41,22861.06,54.81,Debit Card,1,FALSE,Delivered,6
ORD-00094,02-06-2020,CUST12581,Sanjay Gupta,56,Female,West,Ahmedabad,Clothing,Kurta,5,1920.61,0.27,9577.12,2295.66,69.18,Credit Card,5,FALSE,Delivered,10
ORD-03410,17-01-2024,CUST69094,Kavya Chatterjee,41,Male,East,Kolkata,Clothing,Jeans,2,3049.88,0.02,6098.54,1313.05,83.88,EMI,4,FALSE,Pending,6
ORD-03917,20-08-2024,CUST40587,Shreya Mehta,11,Female,North,Amritsar,Furniture,Chair,9,27363.22,0.29,245554.8,50443.65,53.56,UPI,3,FALSE,Delivered,5
ORD-01482,27-10-2021,CUST43427,Pooja Patel,25,Female,South,Bangalore,Beauty,Lipstick,5,2139.28,0.29,10665.38,3518.82,60.66,Debit Card,5,FALSE,Delivered,7
ORD-02055,24-06-2022,CUST92237,Arjun Patel,33,Other,South,Chennai,Electronics,Smartwatch,7,54204.8,0.01,379395.66,66152.73,87.36,EMI,1,FALSE,Delivered,8
ORD-03552,23-03-2024,CUST47390,Ananya Das,22,Other,West,Ahmedabad,Electronics,Laptop,10,58117.48,0.32,579315.04,56329.27,66.82,Debit Card,1,FALSE,Delivered,3
ORD-00147,03-01-2020,CUST66395,Arjun Sharma,15,Male,South,Hyderabad,Beauty,Perfume,3,584.36,0.36,1746.77,445.33,92.76,Credit Card,4,FALSE,Shipped,4
ORD-03721,06-10-2024,CUST98311,Aarav Mishra,58,Other,East,Patna,Clothing,Kurta,5,1827.87,0.17,9123.81,4727.66,91.8,Credit Card,5,FALSE,Delivered,5
ORD-02238,09-02-2022,CUST61636,Karan Singh,55,Female,South,Kochi,Electronics,Smartwatch,4,32640.78,0.24,130249.77,13905.31,46.2,UPI,3,TRUE,Returned,9
ORD-00193,27-03-2020,CUST20505,Amit Kapoor,21,Other,West,Pune,Furniture,Wardrobe,6,2910.04,0.13,17437.54,5082.48,63.67,Credit Card,5,FALSE,Shipped,4
ORD-00722,26-11-2020,CUST22239,Kavya Joshi,23,Female,West,Mumbai,Electronics,Smartwatch,8,19009.3,0,152074.4,11022.35,57.37,UPI,5,FALSE,Delivered,2
ORD-03234,30-10-2023,CUST23301,Sanjay Mishra,40,Male,North,Chandigarh,Groceries,Dal (1Kg),7,230.21,0.35,1605.83,147.47,21.34,UPI,2,FALSE,Pending,4
ORD-00363,06-04-2020,CUST26055,Ananya Kapoor,49,Female,East,Bhubaneswar,Beauty,Shampoo,7,1638.61,0.04,11465.68,6526.33,72.09,Cash on Delivery,2,FALSE,Shipped,8
ORD-03203,17-10-2023,CUST79007,Rahul Chatterjee,47,Other,North,Amritsar,Furniture,Bookshelf,5,30014.4,0.11,149906.92,42093.32,62.82,Credit Card,3,FALSE,Delivered,2
ORD-00431,07-08-2020,CUST12471,Shreya Bhat,40,Male,East,Kolkata,Clothing,Kurta,6,3727.28,0.39,22276.46,877.47,53.25,UPI,3,FALSE,Delivered,7
ORD-00442,14-07-2020,CUST98850,Deepa Verma,49,Female,East,Guwahati,Clothing,Jacket,6,831.4,0.21,4977.92,1752.33,85.94,UPI,3,FALSE,Delivered,1
ORD-03366,29-12-2023,CUST68537,Rohan Pillai,29,Female,South,Kochi,Clothing,Saree,5,1297.55,0.12,6479.96,1781.1,72.34,Credit Card,3,FALSE,Cancelled,9
ORD-01892,16-04-2022,CUST98022,Rahul Reddy,51,Other,West,Surat,Beauty,Shampoo,7,1556.32,0.13,10880.08,6509.98,58.7,UPI,5,FALSE,Delivered,9
ORD-01106,14-05-2021,CUST22860,Shreya Patel,33,Other,West,Ahmedabad,Beauty,Shampoo,8,2335.32,0.26,18633.99,8084.22,94.12,UPI,3,TRUE,Returned,2
ORD-01362,09-04-2021,CUST75771,Deepa Das,49,Male,East,Kolkata,Sports,Football,2,3995.9,0.28,7969.42,1979.87,89.09,Debit Card,5,FALSE,Delivered,7
ORD-01581,12-08-2021,CUST13351,Meera Patel,37,Female,West,Mumbai,Books,Biography,7,762.53,0.39,5316.89,1196.24,65.27,EMI,4,FALSE,Cancelled,5
ORD-00152,03-03-2020,CUST55982,Meera Bose,33,Male,Central,Nagpur,Sports,Yoga Mat,3,13678.04,0.12,40984.88,7972.68,67.88,Credit Card,4,FALSE,Delivered,8
ORD-03040,08-08-2023,CUST92392,Karan Mishra,39,Female,East,Patna,Beauty,Sunscreen,5,781.43,0.3,3895.43,2172.08,63.85,EMI,3,FALSE,Delivered,8
ORD-01709,02-01-2022,CUST24292,Kavya Kumar,38,Male,North,Chandigarh,Furniture,Desk,6,33340.2,0.09,199861.16,59885,37.52,Credit Card,3,FALSE,Cancelled,7
ORD-04130,12-01-2024,CUST33881,Priya Gupta,39,Male,Central,Indore,Beauty,Sunscreen,8,1289.19,0.15,10298.05,4080.67,43.57,EMI,1,FALSE,Cancelled,2
ORD-02290,20-09-2022,CUST57859,Arjun Chatterjee,33,Male,South,Bangalore,Furniture,Wardrobe,10,29389.24,0.04,293774.84,104400.15,66.52,Cash on Delivery,1,FALSE,Delivered,6
ORD-03083,25-08-2023,CUST78430,Rahul Pillai,51,Male,West,Mumbai,Beauty,Face Cream,4,173.98,0.25,694.18,447.82,73.28,Cash on Delivery,1,FALSE,Delivered,7
ORD-01556,29-11-2021,CUST84287,Rohan Gupta,46,Other,West,Ahmedabad,Books,Cook Book,2,756.72,0.33,1508.45,238.75,80.16,UPI,2,FALSE,Delivered,2
ORD-03820,19-07-2024,CUST00780,Sanjay Nair,42,Male,Central,Raipur,Books,Self-Help Book,1,329.58,0.11,329.22,235.62,62.65,Net Banking,1,FALSE,Delivered,10
ORD-02483,13-12-2022,CUST37391,Vikram Singh,25,Other,Central,Raipur,Electronics,Camera,3,6718.83,0.19,20118.19,2013.32,59.88,Debit Card,3,FALSE,Delivered,1
ORD-00360,06-03-2020,CUST65000,Vikram Chatterjee,23,Female,East,Kolkata,Groceries,Rice (5Kg),1,362.29,0.22,361.49,23.08,80.1,UPI,3,FALSE,Delivered,8
ORD-02864,30-05-2023,CUST39044,Arjun Kapoor,42,Female,North,Chandigarh,Beauty,Face Cream,5,2006.42,0.04,10028.09,8223.67,34.08,Cash on Delivery,3,FALSE,Delivered,3
ORD-02366,19-10-2022,CUST55712,Shreya Bose,39,Other,South,Chennai,Beauty,Hair Oil,7,128.3,0.24,895.94,385.99,51.66,Cash on Delivery,1,FALSE,Cancelled,4
ORD-02439,24-11-2022,CUST05236,Meera Rao,15,Female,Central,Raipur,Clothing,Saree,10,1673.29,0.06,16722.86,4599.2,66.5,Credit Card,4,FALSE,Delivered,2
ORD-01672,17-01-2022,CUST15767,Pooja Shah,15,Other,East,Kolkata,Clothing,Jacket,1,2361.4,0.32,2353.84,339.86,57.6,Credit Card,3,FALSE,Delivered,3
ORD-01368,09-09-2021,CUST02383,Meera Bhat,32,Female,East,Kolkata,Beauty,Sunscreen,10,1927.01,0.23,19225.78,6280.5,52.73,Cash on Delivery,3,FALSE,Delivered,9
ORD-04112,22-11-2024,CUST28483,Pooja Gupta,23,Other,Central,Nagpur,Clothing,Jacket,8,3689.55,0.36,29410.14,6339.32,82.16,Debit Card,4,FALSE,Pending,4
ORD-02943,30-06-2023,CUST64972,Arjun Das,41,Male,North,Amritsar,Sports,Dumbbells,9,6912.54,0.01,62206.64,24585.48,74.65,Credit Card,5,FALSE,Delivered,6
ORD-00353,31-05-2020,CUST09451,Arjun Iyer,35,Male,South,Bangalore,Furniture,Desk,4,14963.38,0.04,59829.58,22163.23,68.71,Cash on Delivery,3,FALSE,Delivered,8
ORD-00520,18-08-2020,CUST37089,Meera Kapoor,49,Other,West,Mumbai,Books,Fiction Novel,1,1155.88,0.37,1151.6,208.47,59.74,Debit Card,4,FALSE,Delivered,1
ORD-00930,23-02-2021,CUST93704,Aarav Gupta,46,Male,South,Bangalore,Electronics,Smartphone,4,69413.05,0.19,277124.66,20189.99,74.25,EMI,2,FALSE,Cancelled,7
ORD-03564,28-03-2024,CUST37631,Karan Singh,12,Other,West,Ahmedabad,Clothing,Jacket,6,3699.24,0.33,22122.2,6519.53,44.19,Net Banking,2,FALSE,Delivered,6
ORD-01710,02-01-2022,CUST45078,Priya Reddy,36,Male,North,Chandigarh,Electronics,Smartwatch,1,21382.9,0.19,21342.27,1757.16,13.65,Cash on Delivery,5,FALSE,Delivered,6
ORD-02303,27-09-2022,CUST73687,Shreya Iyer,35,Male,West,Pune,Furniture,Bed Frame,6,4727.2,0.3,28278.11,6128.52,85.09,Net Banking,5,FALSE,Shipped,9
ORD-02596,02-01-2023,CUST81623,Nikhil Mehta,23,Other,Central,Raipur,Books,Fiction Novel,4,246.31,0.32,982.09,214.73,54.41,UPI,3,FALSE,Delivered,9
ORD-01373,09-11-2021,CUST56843,Aarav Singh,31,Female,North,Delhi,Electronics,Smartphone,2,20652.77,0.17,41235.32,2449.77,46.55,Credit Card,1,FALSE,Delivered,3
ORD-01358,09-04-2021,CUST24273,Ananya Singh,34,Female,South,Kochi,Clothing,Jeans,2,3281.01,0.19,6549.55,1625.36,83.74,Credit Card,2,FALSE,Delivered,9
ORD-02472,12-08-2022,CUST85179,Shreya Iyer,40,Male,Central,Indore,Clothing,Kurta,8,3539.5,0.23,28250.87,6353.82,60.26,Net Banking,4,FALSE,Cancelled,9
ORD-03876,08-08-2024,CUST87444,Karan Kumar,32,Female,East,Guwahati,Electronics,Laptop,6,60299.29,0.07,361542.48,12487.67,49.76,UPI,1,FALSE,Delivered,4
ORD-02435,22-11-2022,CUST20967,Amit Sharma,36,Female,Central,Indore,Sports,Cricket Bat,9,8072.68,0.11,72574.2,10192.2,56.59,UPI,1,FALSE,Delivered,8
ORD-02722,26-03-2023,CUST57029,Meera Reddy,28,Male,East,Patna,Groceries,Cooking Oil,10,241.98,0.28,2413.02,137.71,54.31,Credit Card,5,FALSE,Cancelled,4
ORD-01260,23-07-2021,CUST55880,Aarav Mishra,32,Male,East,Kolkata,Beauty,Shampoo,3,676.4,0.31,2022.91,671.9,89.11,EMI,3,FALSE,Delivered,7
ORD-03688,21-05-2024,CUST87861,Sanjay Mishra,18,Other,East,Patna,Furniture,Sofa,3,27654.89,0.07,82906.59,47884.94,88.4,UPI,3,FALSE,Delivered,7
ORD-03284,18-11-2023,CUST26543,Nikhil Mishra,37,Male,South,Bangalore,Beauty,Lipstick,3,1910.31,0.38,5709.15,1686.07,72.57,Cash on Delivery,5,FALSE,Pending,8
ORD-02889,06-04-2023,CUST93642,Karan Singh,33,Female,North,Chandigarh,Furniture,Sofa,6,11967.38,0.07,71754.02,3429.62,76.83,Debit Card,1,FALSE,Cancelled,2
ORD-02509,25-12-2022,CUST45867,Shreya Rao,25,Male,North,Amritsar,Clothing,Dress,10,1001.16,0.39,9972.55,1751.33,70.65,Credit Card,3,FALSE,Delivered,2
ORD-03833,24-07-2024,CUST19407,Shreya Kapoor,39,Other,West,Surat,Sports,Dumbbells,9,7643.25,0.12,68706.7,26038.27,62.54,Debit Card,3,FALSE,Delivered,7
ORD-02473,12-08-2022,CUST36383,Sunita Chatterjee,47,Male,East,Guwahati,Clothing,Jacket,8,2955.05,0.21,23590.76,7242.27,69.25,UPI,4,FALSE,Delivered,1
ORD-02225,28-08-2022,CUST76092,Amit Iyer,33,Other,West,Surat,Groceries,Tea,6,497.75,0.39,2974.85,216.67,65.8,Cash on Delivery,1,FALSE,Pending,3
ORD-01943,05-08-2022,CUST27635,Arjun Chatterjee,36,Female,West,Ahmedabad,Sports,Tennis Racket,4,9134.37,0.29,36431.52,8944.34,65.47,Net Banking,5,FALSE,Delivered,4
ORD-02312,10-01-2022,CUST81714,Rohan Kumar,32,Female,East,Patna,Beauty,Shampoo,10,909.09,0.29,9064.54,3214.22,86.69,Cash on Delivery,2,FALSE,Delivered,4
ORD-01416,30-09-2021,CUST53700,Aditya Chatterjee,35,Other,North,Ludhiana,Groceries,Tea,4,98.95,0.15,395.21,31.72,78.47,Net Banking,1,TRUE,Returned,4
ORD-03584,04-09-2024,CUST44948,Meera Bose,29,Female,West,Mumbai,Books,Self-Help Book,8,807.8,0.01,6461.75,3435.69,55.12,Net Banking,5,TRUE,Returned,10
ORD-02320,10-05-2022,CUST01629,Sanjay Patel,20,Male,North,Amritsar,Furniture,Desk,9,14626.63,0.32,131218.42,31885.26,43.74,Net Banking,5,FALSE,Delivered,1
ORD-00477,29-07-2020,CUST11769,Kavya Rao,29,Female,North,Chandigarh,Groceries,Dal (1Kg),9,171.9,0.03,1546.64,139.65,79.37,Debit Card,3,FALSE,Delivered,9
ORD-01470,24-10-2021,CUST64854,Ananya Mehta,15,Male,Central,Indore,Beauty,Lipstick,5,1406.35,0.15,7021.2,3427.48,71.58,Cash on Delivery,3,FALSE,Cancelled,1
ORD-02902,06-08-2023,CUST92378,Aarav Patel,37,Other,Central,Nagpur,Sports,Cycle,1,5089.72,0.06,5086.67,2163.06,48.55,Cash on Delivery,3,FALSE,Delivered,6
ORD-02493,18-12-2022,CUST53174,Priya Bose,33,Male,East,Patna,Groceries,Dal (1Kg),8,117.88,0.37,939.55,41.29,88.62,Net Banking,1,TRUE,Returned,3
ORD-01625,26-12-2021,CUST55070,Nikhil Verma,38,Female,West,Mumbai,Clothing,Saree,9,3852.76,0.08,34647.1,7426.65,50.19,Credit Card,5,FALSE,Delivered,9
ORD-00641,13-10-2020,CUST42461,Vikram Verma,26,Other,Central,Indore,Sports,Cycle,10,2882,0.03,28811.35,5947.27,58.31,EMI,5,FALSE,Delivered,9
ORD-01828,19-03-2022,CUST21183,Karan Joshi,50,Male,East,Patna,Furniture,Wardrobe,6,14556.36,0.03,87311.96,38970.92,88.32,EMI,3,FALSE,Delivered,9
ORD-01958,15-05-2022,CUST44438,Rahul Mehta,27,Other,West,Surat,Groceries,Flour,7,92.16,0.12,644.35,53.74,65.93,Cash on Delivery,3,FALSE,Delivered,2
ORD-00380,06-10-2020,CUST14649,Karan Verma,34,Other,Central,Bhopal,Sports,Tennis Racket,3,6440.36,0.07,19307.56,4999.4,42.43,Credit Card,4,FALSE,Delivered,8
ORD-00184,22-03-2020,CUST00684,Ananya Das,27,Other,South,Kochi,Furniture,Wardrobe,2,25170.77,0.27,50205.62,9365.38,87.67,Cash on Delivery,4,FALSE,Delivered,10
ORD-04024,10-12-2024,CUST40456,Karan Gupta,50,Female,Central,Indore,Electronics,Headphones,4,40360.7,0.05,161362.08,25030.4,36.28,Debit Card,1,FALSE,Delivered,10
ORD-02964,07-07-2023,CUST46382,Aarav Das,39,Male,West,Surat,Sports,Cycle,8,3387.86,0.24,27037.83,7208.56,47.15,Cash on Delivery,5,TRUE,Returned,7
ORD-04070,30-10-2024,CUST44343,Rohan Sharma,24,Male,East,Bhubaneswar,Clothing,Jeans,5,1995.56,0.39,9938.89,614.77,64.19,Debit Card,2,FALSE,Delivered,3
ORD-00899,02-08-2021,CUST12934,Ananya Joshi,20,Other,West,Mumbai,Clothing,Dress,4,781.53,0.03,3125.18,1255.07,61.02,UPI,5,FALSE,Delivered,7
ORD-01931,05-03-2022,CUST56329,Amit Shah,36,Other,Central,Indore,Electronics,Laptop,9,58361.52,0.14,524518.32,75288.8,48.7,Cash on Delivery,3,FALSE,Delivered,6
ORD-01271,28-07-2021,CUST89833,Shreya Chatterjee,50,Other,Central,Raipur,Books,Biography,9,303.28,0.16,2725.15,1428.88,66.69,EMI,3,FALSE,Cancelled,6
ORD-02502,22-12-2022,CUST57769,Kavya Shah,21,Female,North,Amritsar,Electronics,Tablet,5,48591.01,0.14,242614.91,14342.24,67.81,Debit Card,5,FALSE,Delivered,2
ORD-02471,12-07-2022,CUST13297,Nikhil Gupta,35,Other,Central,Indore,Groceries,Sugar,1,211.63,0.34,210.91,8.8,38.35,Net Banking,3,FALSE,Delivered,6
ORD-00278,05-03-2020,CUST14008,Sanjay Reddy,37,Other,East,Guwahati,Beauty,Perfume,4,206.46,0.08,825.18,232.93,62.51,Debit Card,1,FALSE,Delivered,9
ORD-01585,12-09-2021,CUST80517,Meera Pillai,25,Female,East,Patna,Sports,Yoga Mat,6,12768.97,0.03,76590.84,14418.02,94.15,Debit Card,5,FALSE,Delivered,2
ORD-03822,20-07-2024,CUST66429,Ritu Iyer,20,Female,West,Ahmedabad,Books,Fiction Novel,9,872.17,0.28,7827.55,3131.98,23.1,Cash on Delivery,2,FALSE,Delivered,4
ORD-01043,18-04-2021,CUST85718,Amit Rao,44,Female,South,Bangalore,Sports,Dumbbells,1,736.98,0.23,735.28,150.92,65.86,Credit Card,1,TRUE,Returned,7
ORD-03219,24-10-2023,CUST75320,Ananya Bose,33,Male,East,Patna,Beauty,Hair Oil,4,1214.7,0.35,4841.79,1134.31,101.88,EMI,4,FALSE,Delivered,4
ORD-01774,25-02-2022,CUST82194,Meera Joshi,28,Other,East,Guwahati,Beauty,Hair Oil,2,2223.47,0.28,4434.49,1585.85,71.53,Debit Card,5,FALSE,Delivered,10
ORD-00137,24-02-2020,CUST00764,Karan Bose,40,Male,West,Surat,Clothing,Jeans,7,2365.37,0.23,16519.51,4400.45,58.83,Net Banking,5,FALSE,Delivered,3
ORD-02072,07-03-2022,CUST80210,Arjun Pillai,47,Other,East,Bhubaneswar,Groceries,Sugar,9,402.48,0.34,3610,235.12,108.84,Credit Card,5,FALSE,Delivered,1
ORD-00212,04-02-2020,CUST28918,Amit Gupta,27,Female,Central,Nagpur,Groceries,Flour,3,263.48,0.27,788.31,55.39,77.89,Debit Card,2,FALSE,Shipped,3
ORD-00984,24-03-2021,CUST55320,Amit Bose,36,Female,West,Ahmedabad,Beauty,Hair Oil,8,1335.25,0.12,10669.18,4980.08,64.56,Net Banking,2,FALSE,Cancelled,1
ORD-03746,20-06-2024,CUST06683,Ananya Mishra,19,Female,South,Hyderabad,Groceries,Dal (1Kg),9,293.41,0.09,2638.31,353.37,78.57,EMI,5,FALSE,Delivered,8
ORD-00340,27-05-2020,CUST72613,Kavya Kapoor,34,Other,South,Bangalore,Beauty,Lipstick,9,444.71,0.03,4001.19,3217.96,88.85,UPI,3,FALSE,Delivered,6
ORD-03546,20-03-2024,CUST33381,Deepa Kumar,30,Other,East,Guwahati,Electronics,Tablet,6,68505.67,0.28,409883.12,51349.21,111.8,EMI,1,FALSE,Delivered,1
ORD-03786,07-04-2024,CUST30148,Vikram Patel,29,Male,West,Ahmedabad,Clothing,T-Shirt,7,3302.83,0.07,23103.63,10582.26,67.27,Debit Card,2,FALSE,Shipped,3
ORD-03662,05-11-2024,CUST72198,Ritu Shah,22,Female,West,Ahmedabad,Books,Self-Help Book,1,824.98,0.04,824.65,718.2,58.06,EMI,5,FALSE,Delivered,3
ORD-02558,14-01-2023,CUST46065,Ananya Rao,37,Other,West,Pune,Furniture,Desk,7,9906.71,0.34,69111.19,1816.22,51.63,EMI,3,FALSE,Delivered,8
ORD-02482,13-12-2022,CUST15107,Pooja Rao,41,Other,South,Kochi,Sports,Football,6,2414.28,0.09,14472.64,492.59,53.13,UPI,4,FALSE,Delivered,6
ORD-03570,29-03-2024,CUST46618,Nisha Sharma,38,Female,Central,Nagpur,Books,Comic Book,9,1349.22,0.35,12100.48,4070.89,35.54,Cash on Delivery,3,FALSE,Delivered,3
ORD-03377,31-12-2023,CUST63612,Rohan Iyer,49,Male,South,Hyderabad,Electronics,Camera,9,15045.24,0.38,134892.61,9548.15,70.61,Debit Card,1,FALSE,Delivered,6
ORD-04064,28-10-2024,CUST01728,Vikram Nair,38,Female,South,Bangalore,Groceries,Rice (5Kg),10,86.55,0.27,863.16,63.53,71.97,Cash on Delivery,3,FALSE,Delivered,5
ORD-02770,14-04-2023,CUST50030,Karan Patel,11,Male,North,Amritsar,Groceries,Cooking Oil,4,201.51,0.18,804.59,75.38,28.85,EMI,2,FALSE,Cancelled,9
ORD-03629,28-04-2024,CUST18225,Ritu Kumar,11,Female,East,Bhubaneswar,Electronics,Tablet,2,73369.4,0.04,146680.1,40757.28,78.31,EMI,5,FALSE,Delivered,3
ORD-00792,27-12-2020,CUST76017,Rohan Reddy,39,Male,West,Surat,Clothing,Jacket,3,487.67,0.18,1460.38,342.21,83.7,Cash on Delivery,3,FALSE,Delivered,7
ORD-01760,18-02-2022,CUST10245,Vikram Mehta,45,Other,Central,Bhopal,Beauty,Sunscreen,3,1152.55,0.19,3451.08,955.16,65.06,Cash on Delivery,1,FALSE,Delivered,2
ORD-01846,27-03-2022,CUST07057,Karan Joshi,30,Female,Central,Bhopal,Electronics,Headphones,2,58913.07,0.37,117390.18,9273.59,54.91,Cash on Delivery,2,FALSE,Shipped,3
ORD-03700,26-05-2024,CUST90578,Amit Reddy,30,Male,East,Patna,Furniture,Sofa,9,10404.8,0.35,93315.45,24976.75,83.45,Credit Card,1,FALSE,Delivered,6
ORD-01198,24-06-2021,CUST90801,Vikram Joshi,34,Other,South,Hyderabad,Beauty,Lipstick,8,955.87,0.36,7619.43,2339.64,64.84,Credit Card,2,FALSE,Delivered,8
ORD-03617,22-04-2024,CUST82513,Meera Nair,29,Male,North,Ludhiana,Electronics,Headphones,10,74580.77,0.23,744092.34,82687.35,42.09,Debit Card,3,FALSE,Delivered,10
ORD-02962,07-07-2023,CUST66452,Rohan Reddy,33,Female,North,Chandigarh,Sports,Yoga Mat,7,8842.83,0.34,61689.35,13120.8,39.72,Credit Card,3,FALSE,Delivered,8
ORD-01908,23-04-2022,CUST76107,Rohan Kumar,34,Other,South,Kochi,Sports,Cycle,3,12939.84,0.06,38796.23,13163.15,55.28,Cash on Delivery,1,TRUE,Returned,5
ORD-01791,03-04-2022,CUST01822,Priya Reddy,46,Female,West,Ahmedabad,Books,Textbook,9,1062.87,0.06,9560.09,4417.85,54.68,EMI,1,FALSE,Delivered,8
ORD-01345,27-08-2021,CUST45352,Rahul Mehta,34,Female,North,Ludhiana,Electronics,Smartphone,3,59808.51,0.34,178815.48,13600.78,53.15,EMI,3,FALSE,Delivered,4
ORD-01806,03-10-2022,CUST55100,Rohan Rao,44,Male,West,Pune,Electronics,Laptop,8,33693.65,0.27,268821.42,26410.1,80.85,EMI,4,FALSE,Delivered,4
ORD-01817,15-03-2022,CUST33739,Vikram Iyer,33,Other,North,Chandigarh,Books,Textbook,10,1209.42,0.39,12047.03,4575.74,31.85,Credit Card,3,FALSE,Delivered,6
ORD-02608,02-06-2023,CUST97191,Rahul Kapoor,27,Male,South,Chennai,Clothing,Saree,7,3168.59,0.27,22120.24,4441.73,88.78,UPI,3,FALSE,Delivered,9
ORD-03745,20-06-2024,CUST90657,Nisha Rao,34,Male,East,Kolkata,Books,Self-Help Book,7,1488.69,0.23,10396.86,5456.52,50.25,Cash on Delivery,5,FALSE,Shipped,8
ORD-00825,13-01-2021,CUST51985,Sunita Rao,27,Female,North,Amritsar,Clothing,Kurta,4,2117.62,0.34,8441.68,1716.37,33.13,Credit Card,5,FALSE,Delivered,7
ORD-02399,11-04-2022,CUST55942,Meera Singh,46,Other,South,Kochi,Electronics,Headphones,8,45292.92,0.39,360930.22,23511.04,58.92,Credit Card,4,FALSE,Delivered,6
ORD-00991,28-03-2021,CUST03567,Shreya Chatterjee,17,Female,North,Amritsar,Clothing,Jacket,4,2764.14,0.15,11039.98,3035.34,56.28,UPI,1,FALSE,Delivered,7
ORD-03915,19-08-2024,CUST79020,Priya Verma,35,Female,West,Ahmedabad,Clothing,Jacket,1,2372.34,0.22,2367.12,745.68,55.26,UPI,3,TRUE,Returned,3
ORD-00818,10-01-2021,CUST07023,Deepa Patel,46,Other,North,Chandigarh,Groceries,Tea,3,437.4,0.24,1309.05,69.74,36.51,Cash on Delivery,3,TRUE,Returned,3
ORD-00937,28-02-2021,CUST46314,Nikhil Gupta,39,Other,West,Ahmedabad,Furniture,Bed Frame,5,20432.76,0.34,101816.44,12694.42,49.26,UPI,4,FALSE,Shipped,7
ORD-01069,29-04-2021,CUST92885,Nisha Kapoor,32,Female,South,Chennai,Electronics,Tablet,9,18229.89,0.19,163757.28,22099.86,42.76,EMI,2,TRUE,Returned,2
ORD-03613,22-04-2024,CUST46029,Shreya Sharma,24,Other,East,Bhubaneswar,Beauty,Lipstick,10,1772.45,0.25,17680.19,8733.22,67.29,UPI,5,FALSE,Delivered,5
ORD-03744,19-06-2024,CUST99332,Priya Shah,31,Male,West,Ahmedabad,Sports,Football,10,2344.7,0.37,23360.25,8412.79,44.13,Debit Card,3,FALSE,Delivered,1
ORD-01392,20-09-2021,CUST84604,Ritu Bhat,55,Other,West,Surat,Books,Self-Help Book,4,1424.02,0.18,5685.83,2041.88,54.87,EMI,3,TRUE,Returned,8
ORD-01018,04-04-2021,CUST44454,Arjun Mehta,32,Other,Central,Bhopal,Beauty,Face Cream,4,1615.32,0.23,6446.42,2423.94,39.79,Debit Card,3,FALSE,Delivered,8
ORD-02461,12-03-2022,CUST40699,Aarav Iyer,39,Female,North,Delhi,Furniture,Wardrobe,10,8976.94,0.1,89679.63,14335.73,53.25,UPI,5,FALSE,Delivered,3
ORD-03162,10-01-2023,CUST64139,Aarav Reddy,45,Other,West,Ahmedabad,Clothing,Saree,4,3292.57,0.28,13133.4,3813.16,38.43,UPI,2,TRUE,Returned,2
ORD-00408,25-06-2020,CUST53614,Aditya Bhat,25,Other,North,Chandigarh,Clothing,Saree,1,338.51,0.27,337.6,73.93,31.18,UPI,4,FALSE,Delivered,9
ORD-03774,30-06-2024,CUST67934,Shreya Verma,13,Male,South,Kochi,Electronics,Smartphone,7,65719.06,0.19,459159.36,73500.33,74.03,Cash on Delivery,4,FALSE,Delivered,5
ORD-03936,26-08-2024,CUST41339,Nikhil Reddy,34,Other,North,Amritsar,Beauty,Face Cream,10,1495.3,0.02,14950.01,8864.04,49.29,Net Banking,5,FALSE,Delivered,3
ORD-00332,24-05-2020,CUST41074,Vikram Kumar,15,Female,East,Guwahati,Groceries,Flour,9,156.95,0.25,1409.02,125.48,101.17,Debit Card,3,FALSE,Delivered,7
ORD-03979,09-11-2024,CUST11949,Rohan Iyer,31,Female,Central,Bhopal,Books,Biography,10,1101.37,0.36,10974.05,4181.57,53.45,EMI,5,FALSE,Delivered,10
ORD-02583,28-01-2023,CUST12302,Ananya Bose,36,Other,East,Bhubaneswar,Clothing,Kurta,2,3753.91,0.2,7492.8,1157.2,78.02,UPI,5,FALSE,Delivered,4
ORD-00168,15-03-2020,CUST93790,Nisha Singh,33,Female,Central,Indore,Clothing,Jeans,2,344.95,0.01,689.83,315.71,45.42,UPI,3,FALSE,Delivered,3
ORD-03195,14-10-2023,CUST34227,Karan Verma,31,Female,South,Hyderabad,Beauty,Sunscreen,10,1369.42,0.21,13665.44,6057.11,77.84,Net Banking,1,FALSE,Cancelled,1
ORD-03568,29-03-2024,CUST25934,Ananya Patel,23,Other,North,Chandigarh,Beauty,Hair Oil,1,1431.02,0.25,1427.44,657.95,43.1,Debit Card,2,FALSE,Cancelled,7
ORD-03574,04-01-2024,CUST89268,Sanjay Bose,30,Other,North,Ludhiana,Furniture,Wardrobe,6,17399.76,0.22,104168.88,33401.93,68.4,UPI,4,FALSE,Delivered,6
ORD-00297,05-10-2020,CUST79842,Aditya Sharma,26,Other,West,Mumbai,Sports,Yoga Mat,7,2073.13,0.36,14459.67,1902.76,39.27,UPI,3,TRUE,Returned,2
ORD-01214,07-02-2021,CUST35473,Rahul Iyer,26,Male,North,Amritsar,Sports,Cycle,3,9622.05,0.13,28828.62,7201.38,38.22,Credit Card,1,FALSE,Delivered,5
ORD-00576,15-09-2020,CUST60901,Amit Mishra,38,Male,North,Delhi,Furniture,Bookshelf,10,2950.98,0.23,29441.93,3847.48,62.82,Credit Card,3,FALSE,Delivered,9
ORD-00320,20-05-2020,CUST42313,Karan Das,34,Other,North,Chandigarh,Furniture,Chair,1,5675.07,0.05,5672.23,1926.22,53.4,Credit Card,1,TRUE,Returned,4
ORD-04068,29-10-2024,CUST38940,Aditya Kumar,35,Male,Central,Nagpur,Furniture,Desk,1,15458.12,0.11,15441.12,3718.13,49.57,EMI,2,TRUE,Returned,5
ORD-00831,15-01-2021,CUST89108,Ananya Kumar,41,Other,North,Ludhiana,Clothing,Dress,3,1065.38,0.01,3195.82,658.85,38.14,Debit Card,2,FALSE,Delivered,3
ORD-00663,28-10-2020,CUST83467,Shreya Rao,41,Other,West,Pune,Groceries,Dal (1Kg),1,462.13,0.38,460.37,21.71,65.96,EMI,3,TRUE,Returned,10
ORD-01197,23-06-2021,CUST79216,Arjun Mehta,25,Female,South,Bangalore,Clothing,Jeans,2,1500.45,0.33,2991,625.12,70.56,EMI,1,FALSE,Delivered,9
ORD-03301,29-11-2023,CUST23165,Rohan Kumar,35,Female,West,Pune,Furniture,Chair,6,9674.09,0.13,57969.08,10521.95,82.91,Credit Card,5,FALSE,Delivered,4
ORD-01301,08-10-2021,CUST03306,Meera Iyer,34,Female,West,Pune,Clothing,Dress,6,851.31,0.03,5106.33,2057.43,55.78,Cash on Delivery,3,FALSE,Delivered,1
ORD-02652,21-02-2023,CUST68660,Nisha Kumar,33,Other,North,Chandigarh,Electronics,Headphones,1,23168.24,0.12,23140.44,1911.92,65.2,Credit Card,2,FALSE,Cancelled,2
ORD-03334,13-12-2023,CUST68810,Karan Bose,37,Male,North,Ludhiana,Books,Comic Book,2,478.86,0.24,955.42,256.04,27.77,Credit Card,5,TRUE,Returned,2
ORD-03776,07-01-2024,CUST73430,Sanjay Nair,33,Female,South,Hyderabad,Electronics,Laptop,7,51364.38,0.29,358507.96,43544.12,63.03,Credit Card,4,TRUE,Returned,5
ORD-00536,24-08-2020,CUST36425,Nikhil Bose,20,Female,North,Ludhiana,Clothing,Jacket,10,3376.68,0.25,33682.38,7511.03,52.49,EMI,2,FALSE,Delivered,6
ORD-02061,28-06-2022,CUST88965,Nisha Nair,28,Male,East,Patna,Sports,Dumbbells,10,6754.43,0.27,67361.93,13614.67,90.67,UPI,2,TRUE,Returned,5
ORD-01588,12-10-2021,CUST52878,Karan Das,25,Female,East,Patna,Furniture,Bookshelf,1,22660.17,0.02,22655.64,4052.14,91.15,Cash on Delivery,4,FALSE,Pending,10
ORD-00333,24-05-2020,CUST88068,Priya Kumar,28,Male,South,Chennai,Groceries,Tea,10,162.52,0.09,1623.74,150.49,86.74,Net Banking,5,FALSE,Delivered,10
ORD-02953,07-03-2023,CUST69533,Amit Kumar,31,Other,Central,Raipur,Clothing,Jeans,1,362.3,0.37,360.96,152.66,52.96,Credit Card,4,FALSE,Delivered,3
ORD-01264,24-07-2021,CUST96144,Rohan Singh,34,Female,North,Chandigarh,Sports,Cricket Bat,5,4265.04,0.06,21312.4,5110.16,40.03,Net Banking,4,FALSE,Delivered,6
ORD-02904,06-08-2023,CUST88828,Pooja Reddy,41,Female,North,Amritsar,Groceries,Sugar,9,193.51,0.35,1735.49,255.36,60.83,Debit Card,5,FALSE,Shipped,3
ORD-02919,16-06-2023,CUST99491,Deepa Shah,48,Other,West,Ahmedabad,Beauty,Sunscreen,10,1834.25,0.11,18322.32,12598.93,80.64,UPI,1,FALSE,Delivered,8
ORD-01655,01-08-2022,CUST92097,Ritu Das,34,Male,South,Bangalore,Clothing,Jacket,4,2590.7,0.01,10361.76,3097.74,67.93,Net Banking,4,FALSE,Delivered,9
ORD-02612,02-08-2023,CUST04336,Vikram Rao,46,Other,East,Kolkata,Furniture,Desk,7,25731.5,0.15,179850.32,6532.8,67.79,UPI,2,FALSE,Delivered,2
ORD-00938,28-02-2021,CUST93635,Ritu Nair,38,Female,East,Bhubaneswar,Beauty,Hair Oil,3,892.77,0.28,2670.81,830.67,58.34,Net Banking,2,FALSE,Pending,7
ORD-03313,12-04-2023,CUST96995,Aarav Sharma,34,Female,South,Kochi,Electronics,Laptop,5,9244.78,0.33,46071.36,3683.19,66.35,Credit Card,3,FALSE,Delivered,7
ORD-04097,13-11-2024,CUST91716,Priya Reddy,38,Female,North,Chandigarh,Clothing,Kurta,4,485.84,0.21,1939.28,454.16,69.77,EMI,3,FALSE,Shipped,1
ORD-02965,07-07-2023,CUST90321,Karan Bose,23,Female,South,Kochi,Books,Biography,3,224.89,0.19,673.39,458.02,65.2,UPI,4,FALSE,Cancelled,6
ORD-00521,18-08-2020,CUST03527,Arjun Rao,16,Male,East,Bhubaneswar,Clothing,Saree,8,3254.74,0.38,25938.98,5544.03,75.02,Credit Card,2,TRUE,Returned,4
ORD-02257,09-10-2022,CUST98457,Nikhil Nair,45,Other,North,Ludhiana,Electronics,Tablet,4,37633.82,0.33,150038.51,14972.92,53.12,UPI,4,FALSE,Delivered,2
ORD-00561,09-06-2020,CUST12729,Amit Kumar,36,Male,East,Guwahati,Books,Comic Book,8,224.05,0.35,1786.13,454.3,63.62,Cash on Delivery,3,FALSE,Delivered,6
ORD-04197,28-12-2024,CUST98908,Rohan Sharma,33,Female,West,Mumbai,Groceries,Sugar,1,51.21,0.14,51.14,2.98,49.87,EMI,4,FALSE,Pending,8
ORD-02512,26-12-2022,CUST90307,Nisha Mehta,33,Female,North,Delhi,Clothing,Jacket,4,1099.84,0.38,4382.64,890.82,49.1,Debit Card,1,FALSE,Cancelled,8
ORD-00961,13-03-2021,CUST15494,Aarav Nair,33,Male,East,Bhubaneswar,Groceries,Sugar,1,314.79,0.34,313.72,12.49,85.01,UPI,2,FALSE,Delivered,2
ORD-01161,06-04-2021,CUST99492,Deepa Das,22,Male,West,Surat,Groceries,Cooking Oil,4,246.85,0.34,984.04,66.87,76.63,Cash on Delivery,3,TRUE,Returned,3
ORD-02518,29-12-2022,CUST08264,Shreya Rao,44,Male,South,Kochi,Books,Fiction Novel,3,893.48,0.25,2673.74,529.43,71.12,UPI,3,FALSE,Delivered,8
ORD-01776,27-02-2022,CUST91761,Priya Patel,27,Female,East,Bhubaneswar,Sports,Dumbbells,10,5565.04,0.32,55472.32,7825.8,71.62,Credit Card,4,FALSE,Delivered,3
ORD-02954,07-03-2023,CUST48148,Sunita Joshi,37,Other,West,Ahmedabad,Books,Fiction Novel,4,258.16,0.2,1030.57,452.37,71.77,Net Banking,5,TRUE,Returned,7
ORD-01442,13-10-2021,CUST07818,Rahul Mehta,49,Female,West,Surat,Books,Cook Book,10,1078.36,0.39,10741.54,2043.67,59.94,Credit Card,1,FALSE,Delivered,2
ORD-02480,12-12-2022,CUST00142,Arjun Sharma,24,Female,South,Kochi,Groceries,Sugar,5,256.82,0.05,1283.46,102.49,85.67,UPI,5,FALSE,Pending,6
ORD-03130,14-09-2023,CUST42331,Deepa Pillai,27,Other,North,Delhi,Groceries,Sugar,2,188.27,0.27,375.52,23.33,48.93,Cash on Delivery,5,FALSE,Delivered,8
ORD-01332,20-08-2021,CUST68136,Sunita Verma,26,Female,East,Guwahati,Beauty,Lipstick,9,296.29,0.39,2656.21,1395.29,84.16,Debit Card,4,FALSE,Delivered,10
ORD-02126,24-07-2022,CUST82300,Aditya Verma,54,Other,West,Pune,Beauty,Sunscreen,2,1392.89,0.22,2779.65,1551.48,64.72,UPI,3,FALSE,Cancelled,3
ORD-00017,01-07-2020,CUST24691,Pooja Reddy,40,Female,West,Ahmedabad,Furniture,Desk,5,5040.09,0.17,25157.61,4616.87,51.71,UPI,3,FALSE,Delivered,9
ORD-03471,15-02-2024,CUST34890,Sanjay Kapoor,64,Other,South,Kochi,Clothing,Saree,10,649.39,0.08,6488.7,1461.59,89.12,Net Banking,5,FALSE,Delivered,1
ORD-01132,25-05-2021,CUST78632,Pooja Kumar,42,Other,Central,Indore,Furniture,Bed Frame,1,28223.81,0.01,28220.99,10977.5,68.34,Net Banking,4,FALSE,Delivered,8
ORD-04116,26-11-2024,CUST40250,Karan Joshi,42,Female,Central,Indore,Beauty,Lipstick,4,2248.41,0.29,8967.56,3980.78,20.27,EMI,3,FALSE,Cancelled,1
ORD-00658,22-10-2020,CUST16403,Ananya Sharma,22,Other,South,Chennai,Groceries,Flour,7,388.2,0.05,2716.04,175.74,74.16,EMI,2,FALSE,Pending,4
ORD-01656,01-08-2022,CUST94727,Karan Singh,30,Female,East,Guwahati,Clothing,Dress,5,2059.67,0.04,10294.23,5107.08,80.05,Credit Card,4,FALSE,Delivered,3
ORD-03442,02-01-2024,CUST90404,Pooja Das,38,Male,South,Chennai,Furniture,Chair,3,23851.04,0.2,71410.01,20111.35,64.77,Cash on Delivery,5,FALSE,Delivered,4
ORD-03180,10-07-2023,CUST65855,Deepa Sharma,28,Other,South,Chennai,Beauty,Hair Oil,8,1575.79,0.24,12576.06,4246.21,73.87,Cash on Delivery,4,FALSE,Delivered,4
ORD-00393,17-06-2020,CUST84712,Arjun Mishra,27,Female,West,Surat,Clothing,Saree,1,1409.39,0.1,1407.98,761.88,58.09,UPI,3,FALSE,Delivered,3
ORD-01696,28-01-2022,CUST42627,Shreya Verma,41,Male,North,Chandigarh,Books,Comic Book,2,921.77,0.34,1837.27,488.6,72.61,Credit Card,4,FALSE,Delivered,1
ORD-01296,08-07-2021,CUST28222,Nisha Pillai,27,Female,West,Surat,Electronics,Laptop,3,54652.78,0.01,163941.94,11105.11,56.52,Debit Card,1,FALSE,Delivered,9
ORD-00844,20-01-2021,CUST33448,Rahul Joshi,48,Other,South,Hyderabad,Clothing,Saree,2,2685.53,0.16,5362.47,1147.86,69.17,Cash on Delivery,2,TRUE,Returned,6
ORD-01428,10-06-2021,CUST77645,Ananya Bhat,35,Female,West,Surat,Books,Fiction Novel,10,268.47,0.24,2678.26,598.81,69.44,Credit Card,5,FALSE,Delivered,6
ORD-01590,12-10-2021,CUST86639,Sanjay Bose,32,Male,West,Mumbai,Beauty,Face Cream,7,1768.37,0.03,12374.88,3260.02,49.67,EMI,2,TRUE,Returned,2
ORD-03472,15-02-2024,CUST99763,Meera Kumar,14,Female,South,Kochi,Beauty,Sunscreen,6,2380.95,0.37,14232.84,3205.02,104.41,UPI,5,FALSE,Cancelled,8
ORD-00181,20-03-2020,CUST09112,Sanjay Gupta,47,Other,Central,Nagpur,Beauty,Sunscreen,10,1799.76,0.15,17970.6,5681.65,56.65,Credit Card,4,FALSE,Delivered,1
ORD-01632,28-12-2021,CUST95874,Aditya Bhat,41,Female,East,Bhubaneswar,Sports,Football,8,6352.95,0.12,50762.61,5551.7,90.42,Net Banking,1,TRUE,Returned,9
ORD-01293,08-06-2021,CUST71906,Nikhil Iyer,39,Other,North,Chandigarh,Beauty,Face Cream,2,853.19,0.29,1701.43,518.13,54.57,Net Banking,3,FALSE,Delivered,5
ORD-02271,14-09-2022,CUST64969,Amit Gupta,37,Other,East,Kolkata,Electronics,Headphones,7,44012.8,0.02,308027.98,49485.75,89.27,Cash on Delivery,1,FALSE,Delivered,7
ORD-03525,03-11-2024,CUST05396,Rahul Mehta,42,Other,South,Hyderabad,Groceries,Flour,2,389.26,0.24,776.65,80.46,71.53,Debit Card,4,FALSE,Delivered,3
ORD-03683,18-05-2024,CUST23854,Karan Nair,42,Female,North,Delhi,Sports,Dumbbells,1,9307.03,0.19,9289.35,3331.01,47.05,EMI,2,FALSE,Delivered,1
ORD-00555,09-03-2020,CUST68739,Deepa Chatterjee,27,Other,West,Surat,Electronics,Camera,5,56264.15,0.28,280533.05,23405.15,58.56,Credit Card,4,FALSE,Delivered,8
ORD-03016,30-07-2023,CUST64559,Kavya Joshi,25,Male,South,Hyderabad,Books,Textbook,7,654.28,0.3,4566.22,1478.39,57.8,EMI,3,FALSE,Delivered,6
ORD-02284,19-09-2022,CUST37893,Deepa Rao,30,Male,East,Patna,Electronics,Camera,8,32204.55,0.02,257584.87,37369.29,86.45,UPI,3,FALSE,Delivered,6
ORD-03157,29-09-2023,CUST79492,Sanjay Bhat,24,Male,North,Ludhiana,Sports,Tennis Racket,1,13020.42,0.2,12994.38,3020.91,61.72,EMI,2,FALSE,Delivered,1
ORD-03392,01-06-2024,CUST98375,Nikhil Kapoor,43,Male,East,Patna,Electronics,Smartwatch,10,61190.11,0.19,610738.49,61885.87,74.94,Debit Card,1,TRUE,Returned,1
ORD-02810,05-03-2023,CUST60489,Karan Das,27,Other,South,Kochi,Clothing,T-Shirt,2,1416.76,0.08,2831.25,1544.37,52.35,Net Banking,4,FALSE,Delivered,6
ORD-00993,28-03-2021,CUST44486,Rahul Kapoor,47,Other,West,Surat,Books,Self-Help Book,1,246.87,0.39,245.91,63.7,81.45,Debit Card,1,FALSE,Delivered,6
ORD-03359,24-12-2023,CUST32879,Deepa Shah,49,Male,East,Guwahati,Beauty,Face Cream,10,1236.98,0.08,12359.9,3251.41,62.69,UPI,2,FALSE,Cancelled,9
ORD-02602,02-04-2023,CUST51085,Deepa Reddy,30,Male,South,Chennai,Sports,Cycle,8,11980.53,0.03,95815.49,25026.93,61.24,Credit Card,2,FALSE,Delivered,3
ORD-00171,15-03-2020,CUST76866,Rohan Pillai,42,Female,Central,Indore,Sports,Tennis Racket,7,3287.47,0.13,22982.37,5046.53,38.67,EMI,3,FALSE,Delivered,7
ORD-00687,11-07-2020,CUST92441,Nikhil Kumar,41,Female,North,Delhi,Electronics,Headphones,2,33488.83,0.15,66877.19,5482.23,46.65,EMI,2,FALSE,Delivered,6
ORD-02294,22-09-2022,CUST45988,Sanjay Das,33,Male,North,Amritsar,Beauty,Hair Oil,7,437.18,0.02,3059.65,1697.95,54.03,Cash on Delivery,2,FALSE,Delivered,8
ORD-02358,16-10-2022,CUST18994,Priya Rao,34,Other,South,Bangalore,Books,Self-Help Book,7,1297.73,0.09,9075.93,3189.67,93.17,UPI,3,FALSE,Delivered,5
ORD-03764,27-06-2024,CUST98746,Deepa Bhat,34,Female,South,Hyderabad,Electronics,Smartwatch,7,76987.29,0.37,536917.06,84490.85,41.74,Net Banking,1,FALSE,Delivered,1
ORD-03720,06-10-2024,CUST38522,Nikhil Gupta,33,Male,South,Bangalore,Beauty,Shampoo,8,548.42,0.06,4384.73,4783.7,67.67,Debit Card,3,FALSE,Cancelled,4
ORD-03005,24-07-2023,CUST48500,Sunita Mehta,30,Other,East,Bhubaneswar,Books,Fiction Novel,7,748.66,0.03,5239.05,2220.64,86.38,UPI,4,FALSE,Delivered,7
ORD-03696,24-05-2024,CUST19992,Kavya Reddy,22,Other,North,Amritsar,Furniture,Desk,1,24499.78,0.05,24487.53,9078.79,41.62,Cash on Delivery,3,FALSE,Delivered,8
ORD-00720,25-11-2020,CUST10417,Ananya Verma,61,Male,North,Delhi,Groceries,Tea,8,463.67,0.39,3694.89,107.01,45.72,Net Banking,3,FALSE,Delivered,10
ORD-02517,29-12-2022,CUST41813,Rohan Shah,21,Other,South,Kochi,Books,Biography,4,1305.05,0.07,5216.55,758.37,39.85,UPI,2,FALSE,Pending,6
ORD-00526,20-08-2020,CUST44854,Aditya Sharma,26,Other,Central,Indore,Books,Cook Book,3,1190.85,0.12,3568.26,1665.32,77.79,Credit Card,3,FALSE,Delivered,3
ORD-00670,30-10-2020,CUST29205,Nisha Sharma,18,Female,Central,Nagpur,Furniture,Bookshelf,9,33383.42,0.18,299909.97,79526.38,58.3,UPI,2,FALSE,Delivered,3
ORD-03328,12-11-2023,CUST92130,Nisha Pillai,19,Other,North,Ludhiana,Clothing,Jacket,2,350.76,0.26,699.7,113.04,72.77,Credit Card,2,FALSE,Cancelled,9
ORD-02597,02-03-2023,CUST48131,Arjun Kumar,34,Other,Central,Nagpur,Clothing,Dress,5,3467.44,0.22,17299.06,4362.76,70.28,Credit Card,1,FALSE,Delivered,1
ORD-00999,30-03-2021,CUST40323,Rohan Rao,39,Male,South,Kochi,Groceries,Sugar,3,105.18,0.02,315.48,31.12,57.45,Net Banking,5,FALSE,Delivered,8
ORD-03827,22-07-2024,CUST03364,Arjun Gupta,44,Male,North,Amritsar,Beauty,Shampoo,4,467.13,0.35,1861.98,857.43,18.28,UPI,4,FALSE,Shipped,3
ORD-03474,17-02-2024,CUST68381,Deepa Joshi,36,Male,South,Chennai,Sports,Cricket Bat,8,10455.97,0.38,83329.9,11501.7,55.15,Credit Card,2,FALSE,Delivered,10
ORD-02421,11-12-2022,CUST94458,Ritu Pillai,42,Male,South,Hyderabad,Electronics,Smartphone,4,76493.84,0.09,305699.98,29631.74,60.2,Cash on Delivery,4,FALSE,Delivered,3
ORD-00054,21-01-2020,CUST65539,Meera Patel,37,Other,East,Guwahati,Furniture,Chair,5,27804.49,0.3,138605.38,24198.91,77.82,UPI,3,FALSE,Delivered,4
ORD-02745,04-03-2023,CUST89552,Sanjay Mishra,51,Male,West,Ahmedabad,Furniture,Wardrobe,7,9306.42,0.37,64903.9,15497.67,63.06,Debit Card,4,TRUE,Returned,4
ORD-03803,07-11-2024,CUST18219,Pooja Singh,40,Other,South,Kochi,Electronics,Smartwatch,5,14932.93,0.35,74403.32,5613.46,85.87,UPI,2,FALSE,Delivered,9
ORD-01825,17-03-2022,CUST98135,Aarav Mehta,17,Other,South,Bangalore,Groceries,Dal (1Kg),2,57.7,0.13,115.25,5.26,69.54,Cash on Delivery,4,FALSE,Pending,4
ORD-03007,25-07-2023,CUST57212,Amit Sharma,51,Male,West,Surat,Sports,Football,6,590.97,0.32,3534.47,132.99,70.58,Credit Card,3,FALSE,Delivered,4
ORD-02587,30-01-2023,CUST42705,Rahul Das,39,Other,East,Guwahati,Groceries,Sugar,6,253.83,0.19,1520.09,92.56,70.48,UPI,2,FALSE,Shipped,1
ORD-03614,22-04-2024,CUST04682,Vikram Patel,38,Female,South,Chennai,Clothing,T-Shirt,3,1489.86,0.2,4460.64,2296.34,74.38,Cash on Delivery,1,FALSE,Cancelled,10
ORD-03494,27-02-2024,CUST06002,Nisha Gupta,41,Other,South,Kochi,Books,Fiction Novel,6,1461.81,0.04,8767.35,3389.16,67.03,Debit Card,3,FALSE,Delivered,4
ORD-03984,09-12-2024,CUST54260,Ananya Singh,10,Other,East,Patna,Sports,Football,9,2515.48,0.28,22575.93,4682.26,80.27,EMI,5,FALSE,Shipped,1
ORD-01832,24-03-2022,CUST40044,Meera Bhat,25,Female,Central,Indore,Sports,Yoga Mat,5,2358.95,0.27,11762.9,1971.24,32.52,Cash on Delivery,3,FALSE,Pending,9
ORD-03161,30-09-2023,CUST77629,Shreya Iyer,36,Other,South,Kochi,Groceries,Sugar,2,384.04,0.03,767.85,70.23,67.84,UPI,2,FALSE,Delivered,5
ORD-01193,20-06-2021,CUST13957,Aditya Das,28,Female,East,Guwahati,Furniture,Bed Frame,10,8582.4,0.22,85635.19,29287.56,68.43,EMI,4,FALSE,Delivered,8
ORD-04108,18-11-2024,CUST02996,Sunita Mehta,42,Male,South,Chennai,Clothing,Jacket,6,3079.53,0.11,18456.86,987.61,68.17,Credit Card,5,FALSE,Cancelled,1
ORD-02875,06-01-2023,CUST97371,Sunita Chatterjee,50,Other,South,Bangalore,Books,Textbook,1,430.84,0.37,429.25,212.94,47.32,UPI,2,FALSE,Delivered,7
ORD-01889,15-04-2022,CUST95351,Amit Bhat,40,Male,North,Amritsar,Sports,Yoga Mat,5,7694.53,0.2,38395.7,7429.11,45.05,Net Banking,2,TRUE,Returned,2
ORD-03814,18-07-2024,CUST84704,Nikhil Kumar,60,Other,South,Kochi,Books,Biography,9,1373,0.06,12349.59,4726.75,32.78,Cash on Delivery,5,FALSE,Delivered,8
ORD-03899,14-08-2024,CUST68293,Deepa Singh,42,Other,East,Guwahati,Furniture,Desk,8,32976.81,0.11,263524.28,104290.26,89.17,Debit Card,4,TRUE,Returned,2
ORD-04063,28-10-2024,CUST86629,Priya Bhat,34,Female,South,Chennai,Furniture,Bed Frame,8,24455.4,0.02,195604.07,70450.23,72.02,EMI,2,FALSE,Delivered,5
ORD-02859,28-05-2023,CUST98103,Nisha Reddy,30,Female,Central,Nagpur,Sports,Cycle,7,5477.01,0.23,38250.89,10592.45,58.19,EMI,1,FALSE,Delivered,1
ORD-03258,11-06-2023,CUST96311,Ritu Chatterjee,35,Other,North,Chandigarh,Furniture,Desk,2,19200.92,0.3,38286.63,9828.67,57.73,Cash on Delivery,1,FALSE,Delivered,4
ORD-03938,26-08-2024,CUST11052,Rahul Gupta,42,Female,Central,Nagpur,Furniture,Wardrobe,4,16102.25,0.05,64376.8,31612.91,51.44,Net Banking,3,FALSE,Delivered,3
ORD-01276,29-07-2021,CUST57127,Sunita Joshi,30,Female,East,Bhubaneswar,Books,Fiction Novel,5,1321.61,0.39,6582.28,1989.53,80.34,UPI,2,FALSE,Cancelled,1
ORD-00739,12-03-2020,CUST79943,Meera Kapoor,49,Male,North,Ludhiana,Clothing,Saree,5,836.99,0.39,4168.63,686.79,30.4,EMI,2,FALSE,Delivered,8
ORD-03845,29-07-2024,CUST16479,Priya Verma,21,Male,Central,Raipur,Sports,Football,5,12528.36,0.21,62510.25,9443.81,90.11,EMI,2,FALSE,Delivered,7
ORD-00992,28-03-2021,CUST50288,Sanjay Kumar,29,Female,Central,Indore,Clothing,Jeans,10,2005.76,0.22,20013.47,5111.22,51.92,Debit Card,3,FALSE,Delivered,10
ORD-02051,21-06-2022,CUST76675,Rohan Kapoor,51,Male,South,Chennai,Groceries,Flour,1,341.43,0.34,340.27,32.95,85.56,Credit Card,4,FALSE,Cancelled,7
ORD-03996,21-09-2024,CUST21024,Karan Iyer,33,Other,West,Pune,Electronics,Camera,2,79639.72,0.34,158737.89,11600.84,87.92,Net Banking,3,FALSE,Delivered,4
ORD-01177,06-10-2021,CUST30988,Nikhil Kumar,18,Male,South,Chennai,Clothing,T-Shirt,1,1289.4,0.33,1285.14,406.18,102.55,UPI,3,FALSE,Delivered,6
ORD-00048,19-01-2020,CUST66040,Amit Chatterjee,39,Female,West,Surat,Furniture,Wardrobe,2,27360.86,0.37,54519.25,6855.56,58.81,UPI,4,FALSE,Cancelled,4
ORD-00606,26-09-2020,CUST28576,Rohan Singh,41,Female,South,Bangalore,Books,Cook Book,7,1438.1,0.3,10036.5,3006.9,76.06,Credit Card,3,FALSE,Delivered,3
ORD-03939,26-08-2024,CUST03602,Aarav Bose,15,Male,South,Kochi,Furniture,Bookshelf,2,29932.19,0.21,59738.66,32124.06,76.91,Net Banking,2,TRUE,Returned,10
ORD-03994,20-09-2024,CUST52703,Nisha Iyer,36,Other,East,Patna,Beauty,Sunscreen,3,1494.83,0.26,4472.83,2210.93,96.38,Net Banking,1,FALSE,Delivered,8
ORD-00673,31-10-2020,CUST95082,Pooja Pillai,47,Female,South,Kochi,Furniture,Bookshelf,6,14372.23,0.35,85931.56,9362.87,62.14,Cash on Delivery,1,FALSE,Cancelled,1
ORD-00488,08-03-2020,CUST37691,Vikram Iyer,34,Female,West,Pune,Groceries,Dal (1Kg),5,237.36,0.18,1184.66,69.95,52.18,EMI,3,FALSE,Delivered,9
ORD-00300,05-10-2020,CUST03819,Aarav Sharma,33,Male,South,Hyderabad,Groceries,Dal (1Kg),10,107.2,0.33,1068.46,68.75,76.37,UPI,3,TRUE,Returned,5
ORD-02840,21-05-2023,CUST58515,Sunita Chatterjee,56,Female,North,Ludhiana,Beauty,Sunscreen,3,2042.61,0.3,6109.45,1964,43.44,Credit Card,4,TRUE,Returned,7
ORD-03537,16-03-2024,CUST44168,Sunita Shah,27,Male,North,Ludhiana,Sports,Football,3,7222.19,0.14,21636.24,4462.69,53.66,UPI,4,TRUE,Returned,10
ORD-02383,28-10-2022,CUST86276,Aarav Chatterjee,33,Female,North,Chandigarh,Beauty,Sunscreen,5,240.15,0.22,1198.11,433.08,72.99,Cash on Delivery,3,FALSE,Delivered,2
ORD-01930,05-03-2022,CUST18686,Nisha Nair,31,Male,West,Pune,Electronics,Smartwatch,6,38455.1,0.3,230038.41,31419.38,73.75,Credit Card,3,FALSE,Delivered,10
ORD-03183,10-08-2023,CUST13349,Rohan Pillai,32,Other,South,Bangalore,Furniture,Bookshelf,5,12843.58,0.22,64076.62,11377.39,67.77,Debit Card,5,TRUE,Returned,4
ORD-02855,28-05-2023,CUST40126,Vikram Bhat,35,Male,South,Hyderabad,Books,Comic Book,7,1017.23,0.04,7117.76,5245.65,86.02,Debit Card,5,FALSE,Delivered,3
ORD-03256,11-06-2023,CUST28145,Kavya Nair,56,Other,East,Bhubaneswar,Groceries,Flour,10,220.19,0.34,2194.41,111.88,89.4,EMI,5,FALSE,Delivered,9
ORD-00107,02-10-2020,CUST65665,Aarav Reddy,42,Male,North,Chandigarh,Books,Fiction Novel,6,1324.58,0.04,7944.3,2151.68,32.81,Net Banking,1,FALSE,Delivered,5
ORD-00607,28-09-2020,CUST28390,Nikhil Bose,26,Other,North,Delhi,Beauty,Face Cream,8,2212.58,0.27,17652.85,8573.91,56.29,UPI,3,FALSE,Delivered,1
ORD-02533,01-04-2023,CUST12043,Vikram Patel,35,Female,West,Mumbai,Beauty,Lipstick,6,2135.86,0.17,12793.37,5319.35,62.28,UPI,2,FALSE,Delivered,8
ORD-01222,07-06-2021,CUST75358,Ritu Kapoor,48,Female,West,Pune,Groceries,Flour,6,207.03,0.1,1240.94,17.95,59.41,Net Banking,3,FALSE,Delivered,3
ORD-03974,09-10-2024,CUST86540,Pooja Singh,38,Female,South,Hyderabad,Clothing,Saree,2,3110.73,0.31,6202.17,2678.85,48.57,Cash on Delivery,2,FALSE,Delivered,3
ORD-03165,10-01-2023,CUST41533,Sunita Iyer,40,Male,East,Guwahati,Clothing,Saree,9,2536.02,0.14,22792.23,5628.93,110.12,Net Banking,3,FALSE,Delivered,8
ORD-00079,29-01-2020,CUST80503,Sunita Bhat,32,Other,Central,Raipur,Books,Biography,10,1068.22,0.28,10652.29,1959.21,71.19,Net Banking,5,FALSE,Delivered,10
ORD-00032,01-12-2020,CUST11636,Deepa Rao,33,Female,South,Chennai,Clothing,Jacket,5,982.12,0.14,4903.73,1479.25,87.03,Debit Card,1,FALSE,Cancelled,6
ORD-02726,28-03-2023,CUST09504,Sunita Kumar,34,Other,West,Mumbai,Groceries,Dal (1Kg),6,66.94,0.24,400.68,44.13,58.7,Cash on Delivery,2,TRUE,Returned,8
ORD-03946,28-08-2024,CUST42531,Deepa Das,43,Male,West,Pune,Furniture,Bookshelf,5,10461.44,0.36,52118.89,9996.02,42.47,Debit Card,3,FALSE,Delivered,8
ORD-02717,23-03-2023,CUST63078,Arjun Mehta,43,Other,North,Delhi,Furniture,Sofa,10,19976.93,0.22,199329.81,74873.4,56.52,UPI,4,FALSE,Delivered,5
ORD-01735,02-09-2022,CUST25514,Nikhil Bhat,49,Male,North,Ludhiana,Electronics,Headphones,6,56561.21,0.28,338417.03,29151.1,44.91,EMI,3,FALSE,Pending,6
ORD-00390,15-06-2020,CUST27791,Karan Patel,36,Male,West,Ahmedabad,Electronics,Headphones,5,75995.31,0.07,379710.57,12634.7,57.66,Net Banking,2,FALSE,Delivered,6
ORD-02136,27-07-2022,CUST11127,Karan Singh,20,Female,East,Kolkata,Furniture,Bed Frame,2,31495.21,0.33,62782.55,24291.07,75.12,Cash on Delivery,2,FALSE,Delivered,2
ORD-00045,18-01-2020,CUST28149,Amit Nair,35,Male,West,Ahmedabad,Beauty,Sunscreen,4,1072.98,0.33,4277.76,728.67,54.1,Net Banking,2,FALSE,Delivered,8
ORD-01988,28-05-2022,CUST56529,Sunita Bose,29,Other,Central,Bhopal,Sports,Yoga Mat,3,1982.04,0.26,5930.66,1776.74,74.51,Net Banking,1,TRUE,Returned,2
ORD-01960,16-05-2022,CUST87825,Karan Kumar,35,Female,South,Chennai,Groceries,Tea,4,88.31,0.38,351.9,28.01,51.4,EMI,3,TRUE,Returned,5
ORD-02327,10-07-2022,CUST19975,Priya Kumar,23,Other,Central,Raipur,Furniture,Chair,8,14019.33,0.14,111997.62,25883.45,54.76,Cash on Delivery,5,FALSE,Cancelled,4
ORD-03030,08-04-2023,CUST86844,Pooja Iyer,28,Male,Central,Indore,Clothing,Saree,9,3487.12,0.33,31280.51,10643.66,62.57,Cash on Delivery,4,FALSE,Delivered,7
ORD-03531,14-03-2024,CUST79922,Arjun Joshi,25,Other,Central,Raipur,Beauty,Shampoo,7,140.28,0.09,981.08,498.94,53.41,Debit Card,1,FALSE,Shipped,3
ORD-00708,19-11-2020,CUST56942,Deepa Kumar,40,Other,West,Ahmedabad,Books,Biography,2,1299.05,0.27,2591.09,514.4,72.21,Net Banking,4,FALSE,Delivered,10
ORD-00811,01-07-2021,CUST59025,Ananya Bose,35,Female,West,Pune,Sports,Cricket Bat,9,14339.86,0.04,129007.12,27378.18,59.88,Cash on Delivery,5,FALSE,Delivered,7
ORD-02632,15-02-2023,CUST24212,Nikhil Joshi,44,Male,Central,Indore,Books,Biography,5,488.16,0.06,2439.34,197.75,62.93,EMI,2,FALSE,Delivered,7
ORD-03666,13-05-2024,CUST44030,Aditya Sharma,19,Female,North,Amritsar,Clothing,Dress,1,1396.08,0.02,1395.8,826.31,32.4,Credit Card,2,FALSE,Delivered,4
ORD-03215,22-10-2023,CUST12249,Vikram Bhat,21,Male,North,Delhi,Sports,Football,7,3704.66,0.33,25847.04,3880.05,61.03,EMI,3,FALSE,Delivered,10
ORD-03132,15-09-2023,CUST70495,Rahul Reddy,40,Other,Central,Bhopal,Books,Self-Help Book,3,662.97,0.22,1984.53,682.08,60.4,UPI,3,FALSE,Delivered,8
ORD-02586,29-01-2023,CUST42525,Kavya Patel,25,Female,West,Ahmedabad,Beauty,Shampoo,5,633.38,0.04,3165.63,306.98,63.48,EMI,4,FALSE,Delivered,7
ORD-04103,16-11-2024,CUST86891,Sanjay Mehta,53,Female,North,Delhi,Sports,Tennis Racket,6,6418.63,0.12,38465.57,6743.34,60.52,Credit Card,3,FALSE,Delivered,5
ORD-03116,09-08-2023,CUST84463,Arjun Chatterjee,14,Male,Central,Raipur,Groceries,Sugar,2,120.67,0.2,240.86,18.16,59.48,Cash on Delivery,5,FALSE,Delivered,10
ORD-00851,23-01-2021,CUST39419,Aditya Nair,48,Female,South,Kochi,Furniture,Bookshelf,1,6917.97,0.23,6902.06,1571.77,96.28,EMI,5,FALSE,Delivered,5
ORD-01297,08-08-2021,CUST93424,Aditya Kapoor,33,Male,South,Kochi,Clothing,Dress,9,1576.8,0.31,14147.21,7027.01,63.25,UPI,2,FALSE,Delivered,6
ORD-04065,28-10-2024,CUST38659,Aditya Kapoor,45,Female,East,Patna,Electronics,Camera,1,60978.4,0.18,60868.64,4430.27,89.37,Cash on Delivery,3,FALSE,Delivered,6
ORD-01732,02-08-2022,CUST51801,Shreya Gupta,18,Male,South,Bangalore,Books,Fiction Novel,5,709.64,0.16,3542.52,141347.64,82.77,Debit Card,2,TRUE,Returned,2
ORD-00258,23-04-2020,CUST53446,Pooja Patel,25,Male,East,Kolkata,Books,Fiction Novel,8,885.34,0.18,7069.97,4410.62,92.67,EMI,3,FALSE,Delivered,10
ORD-03737,17-06-2024,CUST37666,Ananya Shah,39,Other,West,Pune,Beauty,Perfume,1,1139.19,0.02,1138.96,958.64,47.9,EMI,2,FALSE,Delivered,6
ORD-03105,09-04-2023,CUST41278,Amit Singh,34,Female,West,Surat,Clothing,T-Shirt,10,3436.98,0.13,34325.12,12821.7,64.09,Net Banking,4,FALSE,Delivered,8
ORD-02816,05-08-2023,CUST17433,Aarav Reddy,32,Female,North,Chandigarh,Furniture,Desk,9,16799.04,0.32,150707.55,38942.27,38.06,Net Banking,1,TRUE,Returned,5
ORD-01067,27-04-2021,CUST21073,Ananya Gupta,28,Female,Central,Nagpur,Electronics,Headphones,8,55099.88,0.08,440446.4,62826.35,64.28,UPI,5,FALSE,Cancelled,2
ORD-01706,30-01-2022,CUST04976,Meera Kumar,49,Male,East,Guwahati,Books,Fiction Novel,7,367.79,0.06,2572.99,811.84,81.31,Cash on Delivery,3,FALSE,Shipped,8
ORD-02419,11-11-2022,CUST71186,Ananya Chatterjee,30,Male,Central,Nagpur,Sports,Cycle,2,9107.15,0.1,18196.09,3305.13,61.84,Cash on Delivery,1,FALSE,Delivered,1
ORD-01646,01-04-2022,CUST16475,Nisha Reddy,37,Male,Central,Nagpur,Beauty,Face Cream,8,2293.23,0.01,18344.01,7902.58,42.27,EMI,3,FALSE,Delivered,2
ORD-02927,20-06-2023,CUST53444,Nisha Mehta,38,Female,West,Mumbai,Sports,Tennis Racket,10,12849.18,0.17,128273.36,55613.66,50.59,UPI,1,TRUE,Returned,6
ORD-00703,15-11-2020,CUST23905,Vikram Joshi,27,Female,West,Ahmedabad,Beauty,Face Cream,8,577.09,0.31,4602.41,752.28,44.38,EMI,3,FALSE,Delivered,3
ORD-00719,24-11-2020,CUST77326,Deepa Sharma,41,Female,North,Delhi,Furniture,Wardrobe,5,13802.21,0.01,69004.15,11156.02,53.42,Net Banking,4,FALSE,Delivered,2
ORD-02689,13-03-2023,CUST30478,Shreya Kapoor,39,Female,West,Ahmedabad,Sports,Dumbbells,5,7209.98,0.1,36013.85,6266.72,101.5,Net Banking,3,FALSE,Delivered,8
ORD-03636,30-04-2024,CUST94587,Vikram Singh,34,Male,South,Chennai,Electronics,Laptop,8,29438.87,0.27,234875.08,17629.48,66.34,EMI,2,FALSE,Delivered,10
ORD-04174,19-12-2024,CUST60428,Deepa Pillai,17,Other,South,Kochi,Furniture,Bed Frame,5,22094.81,0.05,110418.81,32975.78,89.18,Net Banking,3,FALSE,Delivered,3
ORD-03142,20-09-2023,CUST26022,Rahul Bose,27,Other,Central,Raipur,Electronics,Smartwatch,6,21332.99,0.06,127921.14,2209.49,64.82,Net Banking,4,FALSE,Delivered,5
ORD-03076,21-08-2023,CUST49954,Shreya Iyer,37,Other,West,Ahmedabad,Sports,Yoga Mat,8,11625.18,0.01,92992.14,30345.04,35.4,Cash on Delivery,1,TRUE,Returned,10
ORD-02882,06-03-2023,CUST50309,Deepa Joshi,32,Male,Central,Indore,Beauty,Lipstick,6,458.32,0.39,2739.2,1655.48,66.8,UPI,5,FALSE,Delivered,4
ORD-04023,10-11-2024,CUST25803,Pooja Patel,30,Other,South,Chennai,Electronics,Headphones,9,59350.94,0.39,532075.24,49023.97,67.32,Credit Card,2,FALSE,Pending,3
ORD-03957,09-03-2024,CUST42062,Pooja Joshi,33,Other,Central,Bhopal,Groceries,Flour,3,428.57,0.38,1280.82,97.77,52.97,EMI,4,FALSE,Cancelled,6
ORD-03482,22-02-2024,CUST84959,Pooja Verma,24,Other,Central,Nagpur,Clothing,Saree,8,1195.52,0.2,9545.03,4209.57,36.91,UPI,3,FALSE,Delivered,9
ORD-00972,20-03-2021,CUST58228,Arjun Das,34,Male,East,Patna,Beauty,Lipstick,3,1728.65,0.09,5181.28,2960.24,87,Debit Card,3,FALSE,Delivered,1
ORD-03460,02-09-2024,CUST25321,Rahul Pillai,32,Other,Central,Indore,Clothing,Kurta,7,1122.22,0.17,7842.19,2557.08,47.28,Cash on Delivery,5,FALSE,Delivered,8
ORD-02189,14-08-2022,CUST72195,Rahul Shah,39,Male,East,Guwahati,Beauty,Lipstick,6,553.63,0.36,3309.82,684.81,53.3,Debit Card,5,FALSE,Shipped,4
ORD-00231,04-11-2020,CUST27455,Ritu Bose,29,Female,East,Kolkata,Books,Self-Help Book,3,859.03,0.07,2575.29,1479.26,81.27,UPI,4,FALSE,Delivered,7
ORD-03591,04-10-2024,CUST08962,Vikram Pillai,48,Other,North,Ludhiana,Groceries,Cooking Oil,4,266.5,0.2,1063.87,67.67,73.91,Net Banking,4,TRUE,Returned,8
ORD-00954,03-10-2021,CUST75813,Aditya Singh,21,Male,South,Chennai,Furniture,Chair,5,10002.31,0.4,49811.5,7265.89,45.96,Cash on Delivery,1,FALSE,Pending,6
ORD-02240,09-04-2022,CUST70797,Sunita Bhat,20,Female,North,Delhi,Furniture,Sofa,3,18846.39,0.36,56335.63,11313.95,56.75,Cash on Delivery,5,FALSE,Delivered,4
ORD-03889,08-10-2024,CUST81355,Rahul Singh,25,Male,West,Pune,Clothing,Kurta,3,2244.17,0.28,6713.66,2388.36,62.4,Credit Card,2,FALSE,Delivered,3
ORD-01543,22-11-2021,CUST69055,Amit Pillai,37,Female,Central,Indore,Clothing,T-Shirt,2,2623.58,0.37,5227.75,713.47,62.67,Credit Card,1,TRUE,Returned,3
ORD-01216,07-03-2021,CUST87398,Rahul Rao,24,Other,North,Ludhiana,Books,Textbook,7,902.94,0.07,6316.16,4021.37,58.45,Debit Card,4,FALSE,Delivered,4
ORD-02143,30-07-2022,CUST46675,Pooja Rao,12,Male,Central,Bhopal,Electronics,Headphones,10,30900.53,0.18,308449.09,37366.2,64.67,EMI,1,TRUE,Returned,6
ORD-01621,26-12-2021,CUST91294,Karan Kumar,32,Female,South,Bangalore,Books,Self-Help Book,8,1023.77,0.35,8161.49,1605.93,33.93,Credit Card,2,FALSE,Cancelled,4
ORD-04182,24-12-2024,CUST64358,Deepa Chatterjee,38,Other,North,Ludhiana,Groceries,Flour,9,65.35,0,588.15,52.12,35.68,Net Banking,5,FALSE,Delivered,5
ORD-00437,07-10-2020,CUST55232,Rahul Nair,34,Male,South,Hyderabad,Beauty,Shampoo,5,1799.48,0.27,8973.11,3429.6,68.34,UPI,3,FALSE,Delivered,2
ORD-01604,16-12-2021,CUST18532,Deepa Kumar,33,Other,South,Kochi,Clothing,Jacket,6,2208.63,0.22,13222.63,2656.63,50.49,Credit Card,3,FALSE,Delivered,1
ORD-00821,01-11-2021,CUST07868,Aarav Pillai,34,Other,North,Chandigarh,Groceries,Flour,4,249.86,0.17,997.74,50.92,67.97,Credit Card,5,FALSE,Delivered,3
ORD-03794,07-07-2024,CUST94259,Ritu Patel,45,Other,East,Patna,Beauty,Sunscreen,5,1542.35,0.39,7681.67,2791.48,68,UPI,3,FALSE,Delivered,5
ORD-00282,05-05-2020,CUST51993,Ritu Kapoor,53,Other,East,Bhubaneswar,Beauty,Hair Oil,3,842.68,0.35,2519.19,716.54,89.81,UPI,4,FALSE,Delivered,10
ORD-01982,26-05-2022,CUST60037,Shreya Singh,45,Other,South,Chennai,Books,Cook Book,2,567.24,0.14,1132.89,547.22,86.26,Net Banking,4,FALSE,Delivered,3
ORD-01249,17-07-2021,CUST24069,Vikram Chatterjee,58,Female,North,Ludhiana,Sports,Dumbbells,10,4548.04,0.13,45421.28,14354.18,56.47,UPI,2,FALSE,Delivered,10
ORD-01494,11-02-2021,CUST49312,Shreya Das,34,Other,North,Amritsar,Sports,Cycle,6,4549.08,0.16,27250.81,2811.21,61.26,Cash on Delivery,2,FALSE,Shipped,9
ORD-03255,11-06-2023,CUST68003,Pooja Nair,38,Other,North,Amritsar,Electronics,Smartphone,7,45852.67,0.17,320423.04,30112.39,26.23,EMI,3,FALSE,Delivered,6
ORD-03287,19-11-2023,CUST45543,Arjun Gupta,34,Male,North,Amritsar,Groceries,Dal (1Kg),1,430.64,0.35,429.13,25.24,54.23,Credit Card,2,FALSE,Delivered,4
ORD-01027,10-04-2021,CUST39229,Rohan Iyer,39,Male,South,Hyderabad,Books,Fiction Novel,7,790.89,0.23,5523.5,2369.15,74.08,Debit Card,3,FALSE,Cancelled,2
ORD-02372,22-10-2022,CUST49286,Shreya Chatterjee,34,Female,Central,Bhopal,Sports,Yoga Mat,6,9589.48,0.15,57450.57,11292.58,25.65,EMI,3,TRUE,Returned,2
ORD-01210,30-06-2021,CUST18457,Rohan Das,35,Female,Central,Raipur,Furniture,Wardrobe,3,21424.67,0.06,64235.45,26411.55,50.15,Debit Card,4,FALSE,Delivered,5
ORD-03956,09-03-2024,CUST78830,Ritu Singh,36,Female,West,Ahmedabad,Furniture,Sofa,10,3353.32,0.24,33452.72,8625.62,64.38,Credit Card,4,FALSE,Delivered,1
ORD-01136,27-05-2021,CUST75145,Nisha Das,29,Female,West,Mumbai,Beauty,Sunscreen,4,801.79,0.15,3202.35,1505.99,60.89,Debit Card,5,FALSE,Delivered,5
ORD-03515,03-08-2024,CUST85880,Aditya Chatterjee,38,Female,Central,Nagpur,Beauty,Lipstick,9,1996.05,0.23,17923.13,12158.15,78.33,Debit Card,4,FALSE,Delivered,9
ORD-00302,05-11-2020,CUST45098,Ritu Singh,34,Female,Central,Nagpur,Electronics,Smartphone,3,7852.34,0.26,23495.77,1987.72,55.88,EMI,3,FALSE,Delivered,3
ORD-03127,09-11-2023,CUST95818,Meera Nair,37,Other,South,Hyderabad,Electronics,Tablet,2,73717.77,0.14,147229.13,16844.1,84.06,Credit Card,4,FALSE,Delivered,7
ORD-03245,11-02-2023,CUST51623,Deepa Mehta,57,Male,West,Ahmedabad,Books,Textbook,8,784.92,0.2,6266.8,1812.28,66.51,Net Banking,2,FALSE,Shipped,5
ORD-02263,09-11-2022,CUST80227,Karan Joshi,37,Male,North,Amritsar,Groceries,Dal (1Kg),3,466.4,0.19,1396.54,83.86,52.43,EMI,5,FALSE,Delivered,10
ORD-00852,23-01-2021,CUST80007,Arjun Mishra,25,Other,West,Ahmedabad,Clothing,Dress,2,1329.5,0.28,2651.55,364.15,72.34,Cash on Delivery,4,FALSE,Pending,9
ORD-02724,27-03-2023,CUST36410,Deepa Rao,37,Male,South,Kochi,Electronics,Laptop,2,35502.95,0.33,70771.58,8566.02,90.85,Credit Card,3,FALSE,Delivered,9
ORD-04027,14-10-2024,CUST22444,Meera Iyer,41,Female,North,Chandigarh,Clothing,Kurta,5,720.42,0.21,3594.54,988.15,51.08,UPI,1,TRUE,Returned,8
ORD-00081,29-01-2020,CUST60867,Deepa Sharma,34,Male,Central,Indore,Electronics,Laptop,9,61637.72,0.29,553130.74,29985.13,20.79,EMI,4,FALSE,Cancelled,5
ORD-00884,02-03-2021,CUST13555,Aarav Kapoor,54,Other,North,Delhi,Furniture,Bed Frame,6,32916.71,0.08,197342.26,48719.54,48.18,Debit Card,5,FALSE,Delivered,3
ORD-01962,16-05-2022,CUST39536,Sunita Rao,53,Female,North,Ludhiana,Books,Cook Book,6,308.33,0.17,1846.84,875.63,48.94,Credit Card,4,FALSE,Delivered,5
ORD-03308,12-01-2023,CUST41593,Sanjay Bose,24,Other,Central,Raipur,Furniture,Chair,10,23621.89,0.03,236148.03,56375.97,73.91,UPI,2,FALSE,Delivered,2
ORD-03542,19-03-2024,CUST99848,Nisha Chatterjee,15,Other,North,Delhi,Books,Fiction Novel,1,886.23,0.09,885.43,479.18,71.07,Credit Card,2,FALSE,Delivered,2
ORD-00980,22-03-2021,CUST55402,Arjun Patel,43,Female,East,Guwahati,Sports,Yoga Mat,4,9423.81,0.4,37544.46,3961.16,92.67,EMI,5,FALSE,Delivered,1
ORD-02627,14-02-2023,CUST23490,Meera Reddy,29,Male,North,Delhi,Sports,Dumbbells,5,11924.73,0.29,59450.74,7762.52,63.8,UPI,2,FALSE,Delivered,9
ORD-02553,01-12-2023,CUST10304,Pooja Reddy,53,Female,North,Amritsar,Groceries,Tea,1,114.17,0.1,114.06,8.1,44.85,EMI,4,FALSE,Delivered,9
ORD-00216,04-04-2020,CUST86362,Rahul Bose,44,Male,West,Surat,Clothing,Jacket,1,1784.28,0.07,1783.03,543.72,26.17,Debit Card,3,FALSE,Delivered,10
ORD-03247,11-04-2023,CUST92610,Rahul Chatterjee,36,Other,North,Delhi,Beauty,Perfume,7,2068.81,0.28,14441.12,3524.81,40.22,Credit Card,2,FALSE,Shipped,5
ORD-00839,19-01-2021,CUST85913,Pooja Pillai,31,Male,South,Chennai,Furniture,Bookshelf,6,2676.31,0.08,16045.01,3229.7,70.15,Net Banking,1,FALSE,Shipped,10
ORD-03063,17-08-2023,CUST46790,Nikhil Rao,14,Female,East,Kolkata,Furniture,Bookshelf,2,12069,0.33,24058.34,6044.5,67,Debit Card,5,FALSE,Pending,6
ORD-03985,14-09-2024,CUST56825,Nisha Das,41,Other,South,Hyderabad,Electronics,Camera,1,39155.85,0.34,39022.72,4110.35,83.36,Credit Card,4,TRUE,Returned,9
ORD-01915,27-04-2022,CUST50959,Rahul Kapoor,35,Male,North,Chandigarh,Sports,Dumbbells,8,13974.28,0.21,111559.47,26988.18,63.87,UPI,4,FALSE,Pending,3
ORD-02706,17-03-2023,CUST55586,Karan Singh,25,Other,East,Kolkata,Clothing,T-Shirt,3,3828.11,0.2,11461.36,3716.33,90.35,Cash on Delivery,4,FALSE,Delivered,7
ORD-01687,22-01-2022,CUST88552,Vikram Singh,48,Male,West,Mumbai,Beauty,Face Cream,9,2217.86,0.24,19912.83,6314.77,50.57,Net Banking,3,FALSE,Delivered,3
ORD-01530,18-11-2021,CUST71272,Shreya Verma,10,Female,Central,Indore,Books,Biography,10,585.04,0.23,5836.94,1772.37,44.39,Credit Card,2,FALSE,Delivered,10
ORD-00635,10-11-2020,CUST99442,Priya Singh,15,Male,Central,Raipur,Beauty,Lipstick,5,453.47,0.26,2261.45,704.58,30.43,Net Banking,1,FALSE,Delivered,6
ORD-03013,28-07-2023,CUST43350,Karan Bose,47,Male,North,Delhi,Books,Fiction Novel,1,657.4,0.18,656.22,432.13,66.82,UPI,5,FALSE,Delivered,8
ORD-03561,27-03-2024,CUST09606,Karan Kapoor,26,Female,West,Pune,Sports,Tennis Racket,1,13730.08,0.33,13684.77,2595.3,49.66,UPI,2,TRUE,Returned,5
ORD-03475,17-02-2024,CUST36492,Arjun Chatterjee,51,Other,Central,Nagpur,Electronics,Camera,3,18251.7,0.04,54733.2,7183.26,47.7,EMI,3,FALSE,Delivered,10
ORD-03639,30-04-2024,CUST46406,Ananya Das,44,Male,West,Mumbai,Beauty,Shampoo,1,1276.89,0.14,1275.1,753.07,91.51,UPI,2,FALSE,Delivered,1
ORD-04067,29-10-2024,CUST49069,Ritu Iyer,43,Female,North,Amritsar,Clothing,Jacket,2,899.53,0.23,1794.92,523.65,68.44,Cash on Delivery,5,FALSE,Shipped,10
ORD-01539,20-11-2021,CUST68441,Aditya Shah,52,Male,South,Hyderabad,Books,Comic Book,2,1067.13,0.35,2126.79,481.98,91.57,Debit Card,2,FALSE,Delivered,10
ORD-01254,19-07-2021,CUST21375,Aditya Joshi,38,Female,East,Guwahati,Electronics,Camera,10,14508.42,0.2,144794.03,19642.09,83.47,Cash on Delivery,1,FALSE,Delivered,8
ORD-00426,07-08-2020,CUST45896,Shreya Chatterjee,29,Male,Central,Bhopal,Beauty,Sunscreen,9,267.99,0.08,2409.98,1181.37,39.67,Net Banking,1,FALSE,Cancelled,4
ORD-03000,23-07-2023,CUST14868,Shreya Joshi,32,Other,South,Chennai,Sports,Cycle,7,12914.01,0.22,90199.19,24152.84,53.5,EMI,4,FALSE,Delivered,7
ORD-04007,27-09-2024,CUST26263,Arjun Singh,34,Male,South,Hyderabad,Books,Self-Help Book,4,1464.19,0.04,5854.42,3076.89,76.93,EMI,4,FALSE,Delivered,8
ORD-00230,04-10-2020,CUST62810,Meera Kumar,31,Female,North,Delhi,Sports,Football,6,13425.83,0.09,80482.48,14180.23,54.3,Net Banking,5,FALSE,Delivered,8
ORD-02318,10-04-2022,CUST67509,Vikram Pillai,32,Male,South,Hyderabad,Furniture,Bed Frame,3,18611.53,0.04,55812.26,13887.81,99.49,Debit Card,3,FALSE,Delivered,4
ORD-04055,25-10-2024,CUST17101,Nikhil Bhat,30,Female,South,Kochi,Electronics,Smartwatch,9,7482.02,0.01,67331.45,9278.45,68.05,Debit Card,3,TRUE,Returned,10
ORD-03090,28-08-2023,CUST80368,Sunita Das,63,Male,Central,Indore,Sports,Dumbbells,8,12368.25,0.22,98728.32,19645.66,21.52,Cash on Delivery,3,FALSE,Delivered,1
ORD-02152,08-02-2022,CUST59332,Nikhil Chatterjee,33,Female,East,Patna,Beauty,Hair Oil,8,1706.51,0.23,13620.68,6411.9,85.58,Cash on Delivery,3,FALSE,Delivered,2
ORD-01327,18-08-2021,CUST26929,Rohan Kapoor,25,Female,East,Guwahati,Books,Textbook,6,729.34,0.04,4374.29,2786.64,104.25,Net Banking,5,FALSE,Delivered,3
ORD-01206,29-06-2021,CUST64199,Rahul Chatterjee,34,Female,North,Chandigarh,Sports,Dumbbells,7,10917.25,0.27,76214.41,15066.86,40.78,Cash on Delivery,3,FALSE,Delivered,6
ORD-03569,29-03-2024,CUST54474,Nisha Das,38,Male,South,Kochi,Electronics,Camera,3,12872.17,0.07,38589.48,5535.12,64.47,Debit Card,2,TRUE,Returned,1
ORD-00877,02-01-2021,CUST26337,Aarav Bhat,32,Male,West,Mumbai,Groceries,Dal (1Kg),1,50.26,0.13,50.19,1.56,76.23,Debit Card,1,FALSE,Delivered,7
ORD-00475,28-07-2020,CUST88974,Arjun Reddy,48,Other,East,Patna,Clothing,Saree,6,3799.36,0.28,22732.33,5911.72,88.51,Net Banking,3,FALSE,Shipped,5
ORD-01480,26-10-2021,CUST85847,Ananya Das,47,Male,North,Ludhiana,Clothing,Jacket,7,1774.08,0.21,12392.48,3210.86,46.79,Net Banking,1,FALSE,Delivered,3
ORD-01053,21-04-2021,CUST27057,Arjun Pillai,58,Other,West,Mumbai,Furniture,Wardrobe,3,10104.68,0.39,30195.82,6667.44,61.07,Net Banking,5,TRUE,Returned,10
ORD-00570,09-10-2020,CUST24704,Kavya Iyer,47,Other,South,Chennai,Sports,Cricket Bat,1,13770.41,0.07,13760.77,2621.88,56.12,UPI,1,FALSE,Cancelled,7
ORD-00106,02-10-2020,CUST55820,Deepa Reddy,24,Other,West,Pune,Books,Comic Book,1,747.6,0.35,744.98,188.11,49.6,Debit Card,1,FALSE,Delivered,9
ORD-02202,17-08-2022,CUST31801,Karan Joshi,25,Male,East,Patna,Groceries,Dal (1Kg),5,51.58,0.3,257.13,24.71,82.67,Credit Card,2,TRUE,Returned,6
ORD-03436,29-01-2024,CUST95683,Nikhil Kapoor,42,Other,North,Amritsar,Electronics,Laptop,1,74101.95,0.38,73820.36,5536.43,47.69,EMI,3,FALSE,Pending,7
ORD-00254,22-04-2020,CUST17284,Nikhil Bhat,44,Other,West,Surat,Groceries,Rice (5Kg),4,270.71,0.07,1082.08,117.56,77.76,Net Banking,2,FALSE,Shipped,3
ORD-01972,21-05-2022,CUST38989,Shreya Pillai,47,Female,West,Pune,Groceries,Rice (5Kg),2,209.57,0.4,417.46,24.52,47.01,EMI,3,FALSE,Delivered,8
ORD-01423,10-03-2021,CUST36676,Aditya Kapoor,35,Male,North,Ludhiana,Groceries,Dal (1Kg),6,204.17,0.32,1221.1,59.99,27.12,Debit Card,4,FALSE,Delivered,1
ORD-01287,08-03-2021,CUST98013,Shreya Bose,52,Male,Central,Indore,Beauty,Lipstick,2,725.19,0.38,1444.87,607.3,27.53,UPI,2,FALSE,Shipped,10
ORD-02196,15-08-2022,CUST89124,Ananya Sharma,18,Other,North,Amritsar,Beauty,Sunscreen,1,1639.28,0.06,1638.3,1129.16,33.72,Credit Card,5,FALSE,Delivered,7
ORD-03462,09-02-2024,CUST54484,Sanjay Joshi,24,Other,Central,Bhopal,Furniture,Chair,8,6926.63,0.2,55302.21,9087.93,44.2,Net Banking,5,FALSE,Delivered,6
ORD-03148,27-09-2023,CUST35235,Meera Shah,39,Female,West,Surat,Sports,Cricket Bat,5,5613.08,0.01,28062.59,1789.36,81.58,UPI,2,FALSE,Cancelled,3
ORD-01764,19-02-2022,CUST85243,Meera Mehta,34,Male,North,Delhi,Groceries,Tea,10,459.8,0.32,4583.29,314,45.01,UPI,1,FALSE,Delivered,6
ORD-02436,22-11-2022,CUST21059,Sanjay Gupta,31,Other,South,Bangalore,Groceries,Flour,9,51.92,0.31,465.83,26.11,58.05,Debit Card,2,FALSE,Delivered,8
ORD-01313,13-08-2021,CUST70748,Ananya Kumar,46,Male,Central,Bhopal,Electronics,Laptop,10,25085.8,0.25,250230.86,24463.52,67.24,UPI,3,FALSE,Pending,4
ORD-03681,17-05-2024,CUST54460,Karan Mishra,35,Other,South,Bangalore,Clothing,Jacket,2,2532.85,0.05,5063.17,2112.78,67.93,UPI,5,FALSE,Delivered,2
ORD-03671,14-05-2024,CUST25446,Meera Joshi,40,Other,North,Amritsar,Beauty,Perfume,9,1744.29,0.18,15670.35,8141.08,64.2,Debit Card,5,FALSE,Cancelled,4
ORD-02673,03-02-2023,CUST85212,Ananya Bhat,36,Female,South,Kochi,Furniture,Chair,7,4557.27,0.2,31837.09,9092.43,65.62,UPI,3,FALSE,Delivered,10
ORD-02564,16-01-2023,CUST30884,Priya Singh,34,Other,East,Patna,Clothing,Dress,1,3320.34,0.13,3316.02,1110.93,91.86,Credit Card,4,FALSE,Delivered,6
ORD-02405,11-05-2022,CUST00698,Nikhil Joshi,46,Female,Central,Raipur,Beauty,Face Cream,10,1470.73,0.21,14676.41,5328.61,34.42,UPI,5,FALSE,Delivered,8
ORD-00391,15-06-2020,CUST29649,Rahul Kapoor,42,Female,Central,Bhopal,Sports,Yoga Mat,3,13341.26,0.15,39963.74,11505.37,59.51,Net Banking,5,FALSE,Delivered,1
ORD-02449,28-11-2022,CUST58842,Aarav Iyer,16,Male,West,Ahmedabad,Electronics,Smartwatch,4,78431.71,0.06,313538.6,29588.2,70.58,UPI,1,FALSE,Shipped,10
ORD-03813,17-07-2024,CUST58830,Rahul Reddy,18,Other,South,Hyderabad,Sports,Tennis Racket,4,2795.92,0.32,11147.89,697.8,71.72,Cash on Delivery,2,FALSE,Delivered,7
ORD-03835,25-07-2024,CUST19222,Nikhil Reddy,59,Other,Central,Indore,Beauty,Sunscreen,4,575.06,0.02,2299.78,1608.33,74.42,Debit Card,2,FALSE,Cancelled,7
ORD-00007,01-02-2020,CUST36722,Pooja Nair,40,Male,West,Mumbai,Clothing,Saree,8,3870.61,0.06,30946.3,9142,72.61,Net Banking,1,TRUE,Returned,2
ORD-02298,24-09-2022,CUST36266,Ritu Verma,31,Other,East,Guwahati,Sports,Yoga Mat,10,4545.91,0.01,45454.55,13195.84,71.77,EMI,3,FALSE,Delivered,9
ORD-03553,23-03-2024,CUST14583,Arjun Joshi,38,Female,West,Mumbai,Electronics,Tablet,2,50847.56,0.29,101400.2,11766.04,62.35,Debit Card,5,FALSE,Delivered,3
ORD-00661,27-10-2020,CUST14505,Vikram Chatterjee,15,Male,West,Surat,Beauty,Shampoo,3,1818.6,0.34,5437.25,1203.53,54.2,Net Banking,5,FALSE,Delivered,8
ORD-03950,31-08-2024,CUST58511,Ananya Pillai,59,Female,Central,Indore,Furniture,Wardrobe,10,4875.22,0.39,48562.07,15655.19,54.49,UPI,1,FALSE,Delivered,10
ORD-02353,13-10-2022,CUST90384,Arjun Verma,36,Female,Central,Nagpur,Furniture,Wardrobe,2,24650.72,0.23,49188.05,8642.75,35.1,Debit Card,5,FALSE,Delivered,2
ORD-00185,23-03-2020,CUST40829,Nikhil Bhat,37,Female,Central,Nagpur,Sports,Football,8,7246.65,0.34,57776.09,7525.66,68.12,Net Banking,2,TRUE,Returned,1
ORD-02549,01-12-2023,CUST27551,Deepa Chatterjee,48,Female,South,Bangalore,Sports,Cycle,4,13669.75,0.17,54586.05,8792.51,72.71,Net Banking,3,TRUE,Returned,10
ORD-02351,13-10-2022,CUST84589,Ritu Joshi,55,Other,Central,Bhopal,Electronics,Tablet,10,13324.53,0.06,133165.35,14023.48,55.67,UPI,5,FALSE,Delivered,4
ORD-01202,26-06-2021,CUST40333,Sunita Verma,39,Female,East,Patna,Electronics,Smartwatch,9,72194.4,0.15,648774.98,113907.22,83.94,Credit Card,3,FALSE,Delivered,5
ORD-03380,01-02-2024,CUST31806,Sanjay Bose,35,Other,East,Kolkata,Electronics,Smartphone,2,12932.65,0.1,25839.43,2257.37,92.17,EMI,3,TRUE,Returned,2
ORD-00274,05-01-2020,CUST60735,Aditya Reddy,35,Male,West,Surat,Clothing,Kurta,4,729.42,0.07,2915.64,1162.92,76.61,EMI,4,FALSE,Delivered,3
ORD-01689,23-01-2022,CUST51141,Kavya Verma,28,Female,West,Mumbai,Furniture,Wardrobe,4,9575.92,0.13,38253.89,8465.15,71.9,UPI,1,FALSE,Delivered,5
ORD-01424,10-03-2021,CUST12417,Sanjay Kumar,54,Other,Central,Bhopal,Clothing,Dress,2,3491.48,0.16,6971.79,1061.09,82.05,Debit Card,2,FALSE,Delivered,9
ORD-02753,04-06-2023,CUST30170,Vikram Iyer,47,Other,North,Chandigarh,Furniture,Bookshelf,7,10705.21,0.35,74674.19,14354.3,39.52,UPI,3,FALSE,Delivered,6
ORD-02165,08-06-2022,CUST76665,Meera Kumar,41,Other,South,Kochi,Clothing,T-Shirt,3,3296.83,0.21,9869.72,3249.52,63.52,Cash on Delivery,3,FALSE,Pending,8
ORD-01284,08-01-2021,CUST80616,Nisha Gupta,50,Other,South,Hyderabad,Sports,Cricket Bat,9,10928.77,0.26,98103.2,13807.62,73.25,EMI,3,FALSE,Delivered,2
ORD-02416,11-09-2022,CUST19301,Sanjay Shah,35,Male,East,Patna,Sports,Tennis Racket,1,11954.34,0.15,11936.41,2396.12,82.67,Net Banking,5,FALSE,Delivered,5
ORD-01768,22-02-2022,CUST56693,Amit Bhat,50,Male,Central,Indore,Clothing,T-Shirt,7,3304.59,0.12,23104.37,8409.65,54.71,Debit Card,2,FALSE,Delivered,9
ORD-02936,28-06-2023,CUST18941,Ananya Mishra,30,Female,South,Chennai,Groceries,Cooking Oil,9,452.13,0.25,4059,248.08,97.53,Debit Card,1,TRUE,Returned,9
ORD-03817,19-07-2024,CUST73190,Ananya Rao,55,Male,West,Mumbai,Electronics,Tablet,3,56831.24,0.19,170169.78,35537.62,65.07,Net Banking,1,FALSE,Delivered,6
ORD-00828,14-01-2021,CUST36600,Karan Iyer,16,Male,South,Kochi,Groceries,Sugar,6,322.95,0.32,1931.5,97.61,72.44,Credit Card,2,FALSE,Delivered,6
ORD-02169,08-09-2022,CUST26086,Aarav Verma,45,Male,West,Ahmedabad,Clothing,Jeans,3,3376.07,0.07,10121.12,5495.51,69.6,EMI,5,FALSE,Delivered,3
ORD-02309,30-09-2022,CUST06929,Priya Verma,24,Other,Central,Raipur,Furniture,Desk,3,34037.07,0.1,102009.1,26885.75,49.16,UPI,2,FALSE,Delivered,8
ORD-01056,22-04-2021,CUST25647,Meera Pillai,30,Other,North,Delhi,Books,Textbook,6,1073.03,0.26,6421.44,1947.67,45.82,Credit Card,3,TRUE,Returned,3
ORD-00981,22-03-2021,CUST13256,Pooja Kumar,30,Male,Central,Indore,Sports,Cricket Bat,1,12561.13,0.13,12544.8,2498.78,68.19,Debit Card,3,FALSE,Delivered,7
ORD-03778,07-02-2024,CUST84717,Amit Reddy,25,Other,South,Hyderabad,Furniture,Sofa,4,28275.08,0.24,112828.88,53042.72,97.32,Cash on Delivery,2,FALSE,Delivered,2
ORD-04186,25-12-2024,CUST56795,Meera Das,26,Other,North,Amritsar,Sports,Tennis Racket,1,5533.14,0.17,5523.73,628.33,62.44,EMI,4,FALSE,Cancelled,6
ORD-02967,07-08-2023,CUST52334,Nisha Patel,33,Male,South,Hyderabad,Electronics,Camera,2,56614.17,0.28,112911.3,23219.18,57.08,Credit Card,1,FALSE,Cancelled,10
ORD-02790,22-04-2023,CUST65266,Arjun Mishra,54,Female,West,Mumbai,Clothing,T-Shirt,8,567.17,0.08,4533.73,1397.16,86.75,UPI,4,FALSE,Shipped,9
ORD-00721,25-11-2020,CUST21865,Deepa Patel,38,Female,Central,Indore,Clothing,T-Shirt,3,388.2,0.11,1163.32,291.01,45.27,UPI,4,FALSE,Delivered,10
ORD-00469,26-07-2020,CUST18174,Meera Reddy,36,Male,North,Amritsar,Groceries,Sugar,7,118.71,0.24,828.98,48.6,62.14,UPI,5,FALSE,Delivered,1
ORD-01859,04-01-2022,CUST93119,Nisha Joshi,46,Female,West,Ahmedabad,Groceries,Cooking Oil,4,330.31,0.23,1318.2,143.62,54.53,UPI,2,FALSE,Delivered,9
ORD-02093,07-09-2022,CUST94639,Arjun Singh,33,Male,Central,Raipur,Groceries,Sugar,8,369.94,0.26,2951.83,224.86,71.66,EMI,2,FALSE,Delivered,5
ORD-01778,28-02-2022,CUST75473,Nisha Kapoor,41,Other,East,Patna,Books,Textbook,8,1067.22,0.26,8515.56,2138.94,104.44,Debit Card,4,FALSE,Cancelled,4
ORD-03046,08-10-2023,CUST98613,Sanjay Mehta,23,Male,East,Guwahati,Furniture,Desk,7,15156.04,0.15,105933.14,33669.82,85.32,Debit Card,5,FALSE,Delivered,5
ORD-00127,18-02-2020,CUST88548,Shreya Mishra,30,Other,East,Guwahati,Beauty,Hair Oil,3,1886.27,0.33,5640.14,1565.04,95.79,Net Banking,2,FALSE,Delivered,3
ORD-03705,28-05-2024,CUST12809,Ritu Reddy,17,Male,North,Delhi,Beauty,Perfume,6,1898.74,0.34,11353.71,5251.12,29.46,Credit Card,3,FALSE,Delivered,10
ORD-01987,28-05-2022,CUST54169,Meera Pillai,23,Male,West,Mumbai,Electronics,Headphones,6,5871.14,0.18,35163.43,4755.5,68.01,Debit Card,2,FALSE,Delivered,5
ORD-00652,19-10-2020,CUST29202,Rohan Chatterjee,41,Male,North,Delhi,Clothing,Kurta,8,1138.09,0.36,9071.94,1423.15,52.7,Net Banking,4,FALSE,Delivered,9
ORD-00235,04-12-2020,CUST75902,Kavya Das,34,Female,South,Hyderabad,Furniture,Sofa,9,5556.57,0.22,49899.11,17305.03,66.44,Credit Card,4,FALSE,Delivered,10
ORD-01405,25-09-2021,CUST15111,Sunita Patel,43,Other,Central,Bhopal,Clothing,Dress,10,3186.14,0.28,31772.19,6072.78,50.45,UPI,1,FALSE,Cancelled,9
ORD-03407,16-01-2024,CUST97699,Nisha Shah,40,Female,West,Ahmedabad,Groceries,Cooking Oil,7,173.44,0.05,1213.47,55.67,58.19,EMI,3,FALSE,Delivered,9
ORD-03850,29-07-2024,CUST65624,Arjun Das,38,Female,East,Patna,Sports,Yoga Mat,3,6269.53,0.24,18763.45,4768.11,85.33,Net Banking,4,FALSE,Delivered,9
ORD-00199,29-03-2020,CUST55694,Aarav Bhat,39,Female,North,Chandigarh,Sports,Dumbbells,2,2591.38,0.13,5176.02,758.43,65.22,Debit Card,3,FALSE,Delivered,6
ORD-03865,08-05-2024,CUST15771,Ananya Sharma,30,Male,North,Amritsar,Clothing,Jacket,8,621.6,0.38,4953.9,1949.33,65.22,Debit Card,5,FALSE,Delivered,3
ORD-02095,07-10-2022,CUST53657,Meera Nair,34,Other,West,Surat,Electronics,Smartphone,1,48337.97,0.32,48183.29,5471.73,70.75,Cash on Delivery,3,FALSE,Cancelled,2
ORD-01643,01-01-2022,CUST47779,Vikram Iyer,16,Other,East,Guwahati,Clothing,Jacket,2,2623.07,0.38,5226.2,1450.69,53.01,EMI,2,FALSE,Delivered,5
ORD-03810,14-07-2024,CUST08609,Arjun Rao,23,Female,West,Mumbai,Electronics,Smartphone,10,57591.46,0.13,575165.91,88464.11,76.68,EMI,2,TRUE,Returned,6
ORD-00775,18-12-2020,CUST05760,Deepa Verma,34,Other,North,Chandigarh,Books,Textbook,3,446.15,0.33,1334.03,239.69,53.12,Debit Card,3,FALSE,Shipped,3
ORD-01098,05-11-2021,CUST73609,Nisha Das,38,Other,Central,Bhopal,Electronics,Tablet,3,54861.77,0.25,164173.85,19461.73,30.94,Cash on Delivery,5,FALSE,Cancelled,2
ORD-02186,14-08-2022,CUST37457,Pooja Singh,35,Other,Central,Raipur,Beauty,Sunscreen,1,2306.84,0.07,2305.23,1403.38,57.67,Credit Card,5,FALSE,Delivered,10
ORD-02455,30-11-2022,CUST78730,Ananya Shah,30,Male,North,Delhi,Beauty,Perfume,9,489.2,0.11,4397.96,1799.02,53.71,EMI,5,FALSE,Delivered,1
ORD-01364,09-05-2021,CUST64778,Nisha Bose,26,Female,North,Delhi,Groceries,Dal (1Kg),1,110.62,0.3,110.29,6.99,52.75,EMI,3,TRUE,Returned,9
ORD-00694,11-10-2020,CUST85469,Pooja Bose,40,Other,Central,Bhopal,Sports,Dumbbells,3,1501.94,0.1,4501.31,579.92,43.07,Net Banking,4,FALSE,Delivered,5
ORD-03055,14-08-2023,CUST44516,Ananya Iyer,30,Male,East,Guwahati,Groceries,Rice (5Kg),1,228.52,0.09,228.31,24.8,61.3,Cash on Delivery,1,FALSE,Delivered,6
ORD-00043,17-01-2020,CUST34094,Ananya Pillai,34,Other,East,Guwahati,Furniture,Chair,9,20878.86,0,187909.74,46428.4,74.6,Credit Card,2,FALSE,Cancelled,4
ORD-03051,08-12-2023,CUST77025,Pooja Chatterjee,18,Female,West,Mumbai,Sports,Football,9,10111.78,0.32,90714.8,20724.63,28.35,Credit Card,4,TRUE,Returned,1
ORD-01095,05-08-2021,CUST71557,Nikhil Sharma,17,Other,Central,Bhopal,Beauty,Hair Oil,1,860.28,0.25,858.13,407.45,84.23,Debit Card,2,FALSE,Delivered,9
ORD-01448,17-10-2021,CUST01241,Ritu Singh,21,Male,South,Hyderabad,Electronics,Smartwatch,7,71550.38,0.26,499550.44,28214.57,95.86,Debit Card,3,FALSE,Shipped,8
ORD-03120,09-09-2023,CUST93065,Rohan Bhat,42,Female,Central,Bhopal,Books,Textbook,8,919.94,0.39,7330.82,2359.89,74.61,Credit Card,3,FALSE,Shipped,9
ORD-00249,20-04-2020,CUST09291,Arjun Mehta,46,Female,West,Mumbai,Books,Biography,6,877.7,0.34,5248.29,1107.53,53.93,Credit Card,4,FALSE,Cancelled,1
ORD-00709,19-11-2020,CUST65141,Pooja Patel,34,Female,North,Amritsar,Clothing,Kurta,7,1944.27,0.09,13597.64,3099.18,41.07,EMI,4,TRUE,Returned,9
ORD-01180,14-06-2021,CUST50029,Aditya Nair,47,Male,East,Kolkata,Sports,Yoga Mat,10,11322.84,0.32,112866.07,16342.96,65.25,Net Banking,5,FALSE,Delivered,8
ORD-03451,02-05-2024,CUST41962,Meera Verma,25,Other,West,Ahmedabad,Electronics,Headphones,6,29123.87,0.27,174271.41,18816.93,65.28,Credit Card,1,TRUE,Returned,3
ORD-02127,24-07-2022,CUST94881,Aditya Das,24,Female,South,Bangalore,Books,Self-Help Book,5,1265.36,0.03,6324.9,3374.31,72.97,Cash on Delivery,2,FALSE,Delivered,5
ORD-01450,18-10-2021,CUST04445,Rahul Shah,55,Other,North,Amritsar,Beauty,Shampoo,8,2387.85,0.03,19097.07,9892.56,51.89,Cash on Delivery,4,FALSE,Cancelled,1
ORD-03628,26-04-2024,CUST29710,Aarav Mehta,30,Male,North,Chandigarh,Furniture,Desk,7,3546.07,0.36,24733.13,7503.38,51.04,Debit Card,4,FALSE,Delivered,9
ORD-02448,28-11-2022,CUST48568,Priya Chatterjee,37,Other,South,Hyderabad,Books,Biography,1,1315.36,0.14,1313.52,365.81,67.33,Cash on Delivery,4,TRUE,Returned,2
ORD-00224,04-07-2020,CUST28783,Rahul Rao,25,Female,West,Ahmedabad,Groceries,Cooking Oil,2,62.44,0.3,124.51,8.37,56.9,Credit Card,5,TRUE,Returned,7
ORD-03193,14-10-2023,CUST32406,Deepa Singh,34,Other,West,Pune,Beauty,Perfume,7,2256.81,0.2,15766.07,8944.51,59.68,UPI,4,FALSE,Delivered,10
ORD-00690,11-08-2020,CUST28753,Priya Verma,34,Other,West,Ahmedabad,Sports,Cycle,4,12892.31,0.01,51564.08,7568.86,62.34,UPI,2,FALSE,Delivered,3
ORD-00665,28-10-2020,CUST66018,Aditya Joshi,29,Female,North,Amritsar,Groceries,Cooking Oil,8,421.35,0.33,3359.68,143.5,62.73,UPI,1,TRUE,Returned,7
ORD-03860,08-04-2024,CUST32006,Priya Bose,16,Male,North,Chandigarh,Groceries,Dal (1Kg),5,390.62,0.13,1950.56,149.41,72.2,UPI,5,FALSE,Delivered,5
ORD-01877,04-07-2022,CUST48958,Ritu Sharma,39,Male,South,Bangalore,Books,Fiction Novel,1,801.96,0.04,801.64,461.7,65.93,Cash on Delivery,5,FALSE,Delivered,2
ORD-03189,10-11-2023,CUST05334,Shreya Joshi,31,Male,North,Ludhiana,Books,Biography,9,991.57,0.36,8892,2354.05,85.05,Debit Card,1,FALSE,Delivered,4
ORD-01437,10-09-2021,CUST07360,Meera Kapoor,34,Other,West,Pune,Books,Biography,10,1010.53,0.01,10104.29,4504.03,38.09,Credit Card,3,FALSE,Pending,1
ORD-03003,24-07-2023,CUST08739,Meera Kapoor,34,Other,South,Chennai,Electronics,Headphones,10,76450.07,0.02,764347.8,198109.98,72.05,Net Banking,2,FALSE,Delivered,3
ORD-03345,18-12-2023,CUST37057,Kavya Kapoor,53,Female,North,Amritsar,Electronics,Headphones,1,23254.63,0.01,23252.3,2165.17,35.38,Debit Card,5,FALSE,Delivered,7
ORD-04129,30-11-2024,CUST74208,Kavya Bose,12,Male,North,Delhi,Electronics,Laptop,2,20309.39,0.15,40557.85,3438.98,38.43,Debit Card,2,FALSE,Delivered,4
ORD-03173,10-04-2023,CUST89046,Shreya Mishra,44,Female,West,Pune,Sports,Football,4,12573.57,0.38,50103.16,8492.72,47,Credit Card,3,FALSE,Delivered,4
ORD-00429,07-08-2020,CUST64265,Ritu Iyer,43,Other,North,Chandigarh,Beauty,Hair Oil,10,353.1,0.23,3522.88,2002.38,60.45,Debit Card,2,FALSE,Delivered,8
ORD-03332,12-12-2023,CUST93234,Aditya Patel,20,Female,Central,Bhopal,Electronics,Laptop,9,19431.42,0.22,174498.04,17340.49,58.66,UPI,2,FALSE,Shipped,9
ORD-02074,07-04-2022,CUST45847,Ananya Bose,53,Other,East,Guwahati,Groceries,Cooking Oil,1,365.27,0.16,364.69,27.14,70.65,Net Banking,4,FALSE,Cancelled,2
ORD-02787,21-04-2023,CUST78026,Amit Nair,31,Female,Central,Raipur,Electronics,Tablet,3,57936.22,0.01,173791.28,40002.8,70.99,Net Banking,1,TRUE,Returned,6
ORD-02623,02-12-2023,CUST26102,Vikram Rao,24,Female,West,Surat,Groceries,Rice (5Kg),9,278.27,0.36,2495.41,147.02,66.79,UPI,4,TRUE,Returned,3
ORD-01963,16-05-2022,CUST48981,Rahul Bhat,34,Female,West,Ahmedabad,Clothing,Saree,6,3595.66,0.08,21556.7,14157.85,33.61,Net Banking,3,FALSE,Delivered,5
ORD-02140,28-07-2022,CUST21643,Shreya Mehta,26,Female,North,Amritsar,Books,Fiction Novel,6,868.63,0.18,5202.4,3070,44.25,Net Banking,4,FALSE,Shipped,7
ORD-01017,04-04-2021,CUST14507,Meera Mishra,39,Female,East,Patna,Books,Self-Help Book,2,742.65,0.39,1479.51,548.78,71.69,UPI,4,FALSE,Delivered,7
ORD-01728,02-08-2022,CUST08152,Arjun Pillai,14,Female,East,Kolkata,Beauty,Sunscreen,5,2361.07,0.36,11762.85,2671.52,102.42,Credit Card,4,FALSE,Delivered,1
ORD-02277,16-09-2022,CUST41635,Priya Pillai,22,Female,North,Amritsar,Electronics,Laptop,4,63972.59,0.28,255173.87,16914.36,37.35,UPI,1,FALSE,Cancelled,7
ORD-03550,22-03-2024,CUST71158,Ananya Bose,10,Other,North,Amritsar,Books,Textbook,4,306.02,0.39,1219.31,419.1,74.93,Debit Card,3,FALSE,Delivered,9
ORD-02675,03-02-2023,CUST02795,Karan Mehta,36,Other,South,Bangalore,Groceries,Cooking Oil,9,57.61,0.29,516.99,35.51,88.76,EMI,1,FALSE,Delivered,4
ORD-01124,23-05-2021,CUST87218,Vikram Patel,34,Other,Central,Indore,Furniture,Desk,1,21498.18,0.38,21416.49,4432.74,52.5,Debit Card,1,FALSE,Cancelled,1
ORD-02920,16-06-2023,CUST13418,Aarav Pillai,26,Other,South,Kochi,Books,Self-Help Book,6,254.61,0.35,1522.31,563.7,74.55,UPI,4,FALSE,Cancelled,7
ORD-03057,16-08-2023,CUST99865,Nikhil Reddy,23,Other,East,Patna,Electronics,Laptop,10,67990.05,0.1,679220.6,103582.22,91.72,UPI,3,FALSE,Delivered,8
ORD-00598,24-09-2020,CUST89742,Vikram Sharma,29,Female,East,Guwahati,Books,Biography,4,1449.53,0.39,5775.51,1101.47,58.44,UPI,3,FALSE,Delivered,7
ORD-01726,02-07-2022,CUST66954,Kavya Singh,28,Female,East,Kolkata,Furniture,Bed Frame,3,22715.24,0.26,67968.54,14935.41,83.56,UPI,4,FALSE,Delivered,8
ORD-03498,29-02-2024,CUST03536,Karan Das,55,Male,West,Pune,Beauty,Face Cream,1,356.08,0.16,355.51,113.23,49.34,UPI,3,FALSE,Delivered,8
ORD-00588,19-09-2020,CUST24071,Pooja Joshi,40,Male,West,Ahmedabad,Beauty,Shampoo,3,2164.72,0.31,6474.03,2019.53,42.56,Cash on Delivery,1,FALSE,Shipped,7
ORD-00667,29-10-2020,CUST93755,Amit Nair,47,Female,South,Kochi,Beauty,Shampoo,8,155.44,0.23,1240.66,419.32,56.84,Debit Card,4,FALSE,Delivered,7
ORD-00018,01-07-2020,CUST36404,Pooja Iyer,13,Other,West,Pune,Electronics,Laptop,9,77654.78,0.22,697355.46,51058.62,52.7,Credit Card,2,FALSE,Cancelled,10
ORD-02708,20-03-2023,CUST34073,Amit Sharma,27,Male,South,Chennai,Books,Textbook,3,435.38,0.27,1302.61,374.01,46.53,Net Banking,1,FALSE,Delivered,10
ORD-01956,15-05-2022,CUST35857,Nisha Patel,48,Other,East,Kolkata,Beauty,Face Cream,2,722.06,0.2,1441.23,471.88,87.98,Net Banking,5,FALSE,Shipped,3
ORD-02113,19-07-2022,CUST19165,Aditya Kapoor,28,Female,South,Hyderabad,Groceries,Cooking Oil,3,187.48,0.13,561.71,70.37,77.82,EMI,1,FALSE,Delivered,10
ORD-01255,19-07-2021,CUST86441,Kavya Patel,36,Male,North,Amritsar,Electronics,Smartphone,1,60275.27,0.06,60239.1,8194.66,64.8,Net Banking,4,FALSE,Pending,1
ORD-03575,04-02-2024,CUST61605,Kavya Reddy,46,Female,East,Guwahati,Sports,Yoga Mat,7,13076.37,0.06,91479.67,34072.35,89.88,Credit Card,5,FALSE,Delivered,8
ORD-03837,26-07-2024,CUST54910,Rahul Bhat,29,Female,East,Patna,Sports,Tennis Racket,1,14799.57,0.31,14753.69,2577.83,93.94,Net Banking,1,FALSE,Cancelled,4
ORD-02205,19-08-2022,CUST91054,Shreya Chatterjee,14,Other,North,Ludhiana,Beauty,Face Cream,4,894.71,0.06,3576.69,2107.23,40.06,Debit Card,1,TRUE,Returned,3
ORD-01498,11-03-2021,CUST49593,Arjun Kapoor,29,Male,North,Delhi,Beauty,Hair Oil,1,1351.86,0.02,1351.59,308.39,59.52,Credit Card,4,FALSE,Delivered,8
ORD-01344,27-08-2021,CUST50875,Aditya Sharma,24,Male,West,Surat,Sports,Tennis Racket,3,13785.98,0.06,41333.13,9994.78,77.7,Cash on Delivery,5,FALSE,Delivered,8
ORD-01770,23-02-2022,CUST16064,Ananya Pillai,53,Other,West,Surat,Furniture,Bookshelf,2,26063.7,0.01,52122.19,15320.6,52.28,Cash on Delivery,3,FALSE,Delivered,2
ORD-02414,11-09-2022,CUST28757,Meera Kapoor,43,Other,Central,Bhopal,Books,Textbook,6,1444.95,0.19,8653.23,2352.2,58.8,UPI,3,FALSE,Delivered,4
ORD-00646,15-10-2020,CUST29116,Shreya Gupta,30,Male,East,Guwahati,Sports,Football,7,14669.86,0.03,102658.21,19639.12,61,EMI,5,FALSE,Delivered,2
ORD-00457,20-07-2020,CUST62741,Meera Pillai,39,Male,West,Pune,Books,Comic Book,6,214.61,0.1,1286.37,803.75,59.79,Net Banking,1,TRUE,Returned,5
ORD-02034,15-06-2022,CUST52824,Sanjay Rao,45,Male,East,Bhubaneswar,Clothing,Kurta,3,3907.45,0.07,11714.14,7720.27,94.28,EMI,4,FALSE,Delivered,5
ORD-01319,15-08-2021,CUST97277,Pooja Pillai,31,Other,East,Guwahati,Groceries,Sugar,1,446.2,0.12,445.66,36.33,85.34,Cash on Delivery,4,FALSE,Delivered,7
ORD-03381,01-02-2024,CUST00337,Aditya Mishra,44,Other,South,Kochi,Sports,Cycle,2,2101.38,0.37,4187.21,543.2,90.14,Credit Card,1,TRUE,Returned,6
ORD-00813,01-08-2021,CUST99023,Nikhil Nair,29,Female,North,Amritsar,Furniture,Bookshelf,3,6110.59,0.37,18263.94,2197.3,23.22,Net Banking,3,FALSE,Delivered,9
ORD-00309,14-05-2020,CUST17538,Amit Verma,27,Female,North,Delhi,Books,Textbook,1,255.93,0.37,254.98,73.83,46.7,Cash on Delivery,5,FALSE,Cancelled,10
ORD-01007,04-01-2021,CUST38810,Pooja Patel,34,Male,North,Amritsar,Beauty,Perfume,5,1211.87,0.13,6051.47,3005.89,58.29,Cash on Delivery,4,FALSE,Delivered,2
ORD-03273,15-11-2023,CUST10941,Karan Shah,38,Female,North,Delhi,Furniture,Wardrobe,5,10929.41,0.11,54586.94,13560.07,34.1,UPI,4,FALSE,Cancelled,10
ORD-04066,28-10-2024,CUST43387,Rahul Das,19,Female,East,Guwahati,Beauty,Hair Oil,4,2333,0.37,9297.47,1874.65,119.62,Credit Card,3,FALSE,Delivered,3
ORD-04013,30-09-2024,CUST80488,Ananya Chatterjee,18,Male,South,Hyderabad,Groceries,Rice (5Kg),4,497.25,0.32,1982.64,168.64,81.5,Credit Card,1,FALSE,Pending,3
ORD-01218,07-04-2021,CUST69231,Pooja Bose,40,Male,North,Amritsar,Beauty,Perfume,2,2060.77,0.24,4111.65,1268.67,69.45,EMI,2,FALSE,Delivered,2
ORD-03199,16-10-2023,CUST93632,Rohan Bose,61,Female,West,Pune,Beauty,Shampoo,8,1354.9,0.31,10805.6,4918.95,41.01,UPI,3,FALSE,Delivered,1
ORD-03446,02-03-2024,CUST54039,Vikram Shah,48,Male,North,Ludhiana,Furniture,Desk,7,34101.69,0.16,238329.89,50413.18,63.76,Credit Card,1,FALSE,Delivered,5
ORD-04162,12-11-2024,CUST14967,Kavya Kumar,15,Other,North,Delhi,Groceries,Sugar,10,273.14,0.28,2723.75,100.08,54.94,EMI,4,FALSE,Delivered,5
ORD-01886,04-12-2022,CUST07676,Pooja Sharma,39,Other,West,Pune,Sports,Dumbbells,3,3135.03,0.09,9396.63,2694.43,82.19,Debit Card,1,TRUE,Returned,3
ORD-03026,08-04-2023,CUST65223,Karan Bose,52,Male,West,Mumbai,Clothing,Jacket,5,1505.76,0.17,7516,3763.52,52.62,Cash on Delivery,3,FALSE,Pending,6
ORD-02957,07-04-2023,CUST77083,Priya Chatterjee,60,Female,East,Patna,Groceries,Tea,9,462.67,0.04,4162.36,574.64,60.51,Debit Card,2,FALSE,Delivered,8
ORD-03687,20-05-2024,CUST45246,Priya Verma,30,Other,South,Chennai,Clothing,Jeans,2,511.88,0.33,1020.38,311.79,75.89,Net Banking,1,FALSE,Delivered,7
ORD-01238,07-12-2021,CUST00512,Karan Pillai,31,Other,Central,Raipur,Sports,Football,4,10424.37,0.04,41680.8,13787.38,52.02,UPI,3,FALSE,Delivered,1
ORD-01226,07-07-2021,CUST93943,Aditya Kumar,51,Female,West,Mumbai,Furniture,Desk,3,7678.25,0.06,23020.93,9162.54,49.32,Credit Card,3,FALSE,Pending,4
ORD-02385,28-10-2022,CUST01228,Nikhil Bose,27,Other,West,Mumbai,Groceries,Cooking Oil,5,69.84,0.3,348.15,21.93,48.03,Debit Card,1,FALSE,Delivered,5
ORD-00920,21-02-2021,CUST85930,Pooja Shah,33,Other,East,Guwahati,Clothing,Dress,1,1520.56,0.38,1514.78,372.68,82.69,Cash on Delivery,3,TRUE,Returned,8
ORD-01929,05-02-2022,CUST34607,Amit Das,15,Other,East,Guwahati,Furniture,Bed Frame,3,20759.26,0.28,62103.4,13716.94,81.77,Net Banking,3,FALSE,Delivered,10
ORD-01619,25-12-2021,CUST88221,Sunita Verma,36,Other,North,Chandigarh,Groceries,Dal (1Kg),3,113.16,0.21,338.77,19.47,50.52,Cash on Delivery,3,FALSE,Delivered,3
ORD-00085,02-03-2020,CUST18248,Ananya Mehta,48,Other,East,Patna,Sports,Football,2,4104.31,0.08,8202.05,1384.77,72.46,EMI,1,FALSE,Delivered,6
ORD-02824,05-12-2023,CUST94776,Ananya Mishra,41,Other,North,Delhi,Clothing,Jacket,6,1809.68,0.31,10824.42,4684.85,37.16,Cash on Delivery,1,FALSE,Delivered,4
ORD-00674,31-10-2020,CUST87680,Meera Kapoor,34,Other,North,Amritsar,Furniture,Bookshelf,3,22435.51,0.11,67232.49,14691.15,19.24,Debit Card,5,FALSE,Delivered,5
ORD-03338,14-12-2023,CUST84437,Karan Chatterjee,34,Male,South,Bangalore,Clothing,T-Shirt,5,416.65,0.01,2083.04,825.09,59.89,EMI,5,FALSE,Delivered,5
ORD-04084,11-07-2024,CUST03465,Deepa Mehta,39,Female,West,Mumbai,Clothing,Dress,9,3359.16,0.06,30214.3,7947.77,64.84,UPI,5,FALSE,Delivered,6
ORD-02733,30-03-2023,CUST12771,Meera Singh,40,Female,West,Surat,Books,Textbook,5,971.23,0.35,4839.15,1442.59,59.73,Cash on Delivery,1,FALSE,Delivered,4
ORD-04080,03-11-2024,CUST09163,Sunita Pillai,34,Other,East,Patna,Groceries,Cooking Oil,2,275.55,0.02,550.99,40.63,75.84,Debit Card,4,FALSE,Delivered,3
ORD-01089,05-07-2021,CUST29692,Priya Mehta,36,Female,East,Guwahati,Furniture,Bookshelf,5,4812.43,0.27,23997.18,6783.1,109.38,Cash on Delivery,4,FALSE,Delivered,4
ORD-00620,10-04-2020,CUST68733,Amit Patel,55,Male,South,Hyderabad,Groceries,Dal (1Kg),9,410.87,0.09,3694.5,346.09,74.58,Debit Card,5,TRUE,Returned,6
ORD-03140,19-09-2023,CUST76392,Rohan Kapoor,14,Other,South,Bangalore,Furniture,Desk,9,18114.9,0.35,162463.48,44210.57,60.14,Debit Card,3,FALSE,Cancelled,10
ORD-02960,07-06-2023,CUST73492,Ritu Patel,35,Female,South,Chennai,Groceries,Dal (1Kg),8,421.42,0.14,3366.64,467.76,84.51,Cash on Delivery,3,FALSE,Shipped,8
ORD-01215,07-03-2021,CUST92946,Aarav Mehta,38,Male,East,Bhubaneswar,Beauty,Shampoo,5,205.05,0.37,1021.46,336.22,58.05,Debit Card,1,TRUE,Returned,10
ORD-01703,30-01-2022,CUST78614,Arjun Iyer,47,Female,West,Pune,Clothing,Dress,4,1960.32,0.03,7838.93,2732.62,65.85,Debit Card,2,FALSE,Delivered,1
ORD-02066,30-06-2022,CUST80371,Pooja Pillai,22,Male,West,Pune,Groceries,Cooking Oil,4,291.88,0.37,1163.2,79.28,60.21,EMI,2,TRUE,Returned,1
ORD-00784,22-12-2020,CUST57890,Ritu Das,21,Other,Central,Bhopal,Books,Textbook,3,1412.16,0.21,4227.58,1429.35,53.18,Debit Card,2,TRUE,Returned,1
ORD-03278,17-11-2023,CUST28845,Rohan Singh,36,Other,Central,Indore,Groceries,Cooking Oil,3,362.83,0.33,1084.9,51.58,40.17,Credit Card,2,FALSE,Delivered,3
ORD-02693,14-03-2023,CUST31367,Sunita Pillai,57,Female,East,Kolkata,Groceries,Sugar,3,451.94,0.07,1354.87,132.82,72.18,Debit Card,2,FALSE,Shipped,8
ORD-02996,21-07-2023,CUST44301,Kavya Iyer,44,Other,Central,Raipur,Clothing,Kurta,6,2551.46,0.28,15265.9,5763.29,52.45,Credit Card,1,FALSE,Delivered,8
ORD-01580,12-07-2021,CUST43143,Sanjay Bose,46,Female,South,Kochi,Sports,Cycle,3,11079.73,0.28,33146.12,3946.3,44.65,Debit Card,1,FALSE,Delivered,5
ORD-03204,18-10-2023,CUST20726,Pooja Rao,30,Male,West,Mumbai,Electronics,Laptop,1,48359.17,0.06,48330.15,6586.38,81.7,Net Banking,3,FALSE,Delivered,9
ORD-04102,16-11-2024,CUST19687,Shreya Reddy,25,Other,East,Guwahati,Electronics,Headphones,6,76147.08,0.3,455511.83,33935.62,79.39,Net Banking,4,FALSE,Pending,5
ORD-02530,01-03-2023,CUST03671,Rohan Mehta,21,Female,North,Chandigarh,Clothing,Jacket,8,3811.17,0.21,30425.33,11463.62,63.21,Cash on Delivery,2,FALSE,Delivered,5
ORD-02995,20-07-2023,CUST01120,Nikhil Sharma,19,Female,South,Hyderabad,Beauty,Shampoo,1,581.9,0.39,579.63,321.44,61.08,Cash on Delivery,5,FALSE,Delivered,2
ORD-02396,11-02-2022,CUST15736,Deepa Kapoor,33,Other,East,Bhubaneswar,Furniture,Chair,3,4404.99,0.04,13209.68,2903.13,93.9,Debit Card,3,FALSE,Shipped,5
ORD-00625,10-07-2020,CUST00251,Aditya Nair,14,Male,Central,Raipur,Groceries,Tea,7,478.47,0.19,3342.93,144.22,78.9,UPI,3,FALSE,Delivered,8
ORD-01366,09-07-2021,CUST19666,Amit Sharma,21,Other,West,Ahmedabad,Electronics,Headphones,10,69111.01,0.18,689866.1,80887.73,59.74,UPI,1,FALSE,Delivered,2
ORD-02221,27-08-2022,CUST03778,Sanjay Gupta,39,Male,South,Chennai,Clothing,Dress,2,2544.65,0.09,5084.72,1652.06,68.22,Debit Card,3,FALSE,Delivered,3
ORD-02182,13-08-2022,CUST10127,Sunita Pillai,39,Other,East,Guwahati,Electronics,Laptop,9,56874.87,0.3,510338.21,58158.93,63.71,Net Banking,4,TRUE,Returned,2
ORD-02494,18-12-2022,CUST57358,Sanjay Pillai,11,Male,Central,Bhopal,Electronics,Smartphone,5,75416.45,0.26,376101.84,34252.66,50.75,Credit Card,3,FALSE,Delivered,5
ORD-03684,18-05-2024,CUST27580,Ananya Shah,37,Female,West,Mumbai,Groceries,Flour,9,362.34,0.16,3255.84,319.47,62.52,Debit Card,3,FALSE,Delivered,5
ORD-02893,06-06-2023,CUST15263,Arjun Mehta,36,Female,South,Hyderabad,Electronics,Tablet,9,39846.87,0.24,357761.14,43093.98,51.7,UPI,4,FALSE,Delivered,3
ORD-03643,05-03-2024,CUST93078,Rohan Nair,47,Female,West,Surat,Books,Fiction Novel,7,377,0.23,2632.93,1638.79,55.63,EMI,5,FALSE,Delivered,7
ORD-00355,06-02-2020,CUST29275,Sunita Nair,28,Other,South,Chennai,Groceries,Cooking Oil,6,457.1,0.17,2737.94,394.03,69.69,UPI,2,FALSE,Delivered,8
ORD-02634,15-02-2023,CUST87463,Aditya Kapoor,18,Female,South,Kochi,Clothing,Kurta,9,630.67,0.34,5656.73,1593.87,69.77,EMI,3,FALSE,Delivered,6
ORD-01268,26-07-2021,CUST13250,Ritu Mehta,33,Female,East,Kolkata,Beauty,Shampoo,10,1776.76,0.09,17751.61,7186.83,76.78,EMI,5,FALSE,Cancelled,8
ORD-03154,29-09-2023,CUST59117,Nisha Joshi,42,Female,West,Surat,Groceries,Cooking Oil,8,424.28,0.38,3381.34,178.57,64.6,UPI,3,FALSE,Delivered,4
ORD-00459,20-07-2020,CUST05833,Pooja Mehta,28,Male,East,Bhubaneswar,Sports,Yoga Mat,7,10622.1,0.23,74183.68,14967.8,76.84,Cash on Delivery,3,FALSE,Delivered,10
ORD-00009,01-02-2020,CUST92855,Rahul Chatterjee,57,Female,Central,Indore,Electronics,Smartphone,7,7248.51,0.04,50719.27,2520.31,54.45,Cash on Delivery,1,FALSE,Cancelled,3
ORD-02167,08-08-2022,CUST40588,Nisha Reddy,12,Other,East,Guwahati,Sports,Cycle,1,14470.85,0.3,14427.44,2928.52,80.56,Cash on Delivery,1,FALSE,Delivered,10
ORD-03848,29-07-2024,CUST92309,Aditya Shah,35,Male,South,Bangalore,Beauty,Perfume,2,423.08,0.25,844.04,513.6,65.64,Cash on Delivery,5,FALSE,Delivered,6
ORD-02898,06-06-2023,CUST27445,Rohan Joshi,26,Male,South,Kochi,Furniture,Desk,3,28004.75,0.31,83753.81,29532.44,43.07,Net Banking,2,FALSE,Delivered,6
ORD-03727,13-06-2024,CUST15010,Ananya Rao,18,Other,Central,Raipur,Beauty,Face Cream,6,2311.74,0.4,13814.96,685.77,57.12,Debit Card,2,FALSE,Delivered,8
ORD-01542,21-11-2021,CUST20530,Kavya Sharma,20,Other,West,Pune,Groceries,Tea,9,291.31,0.13,2618.38,153.84,74.73,EMI,3,TRUE,Returned,2
ORD-02431,17-11-2022,CUST33602,Ananya Chatterjee,31,Male,West,Mumbai,Clothing,Dress,9,2890.57,0.09,25991.72,10028.13,70.61,EMI,1,FALSE,Shipped,9
ORD-00716,23-11-2020,CUST94113,Priya Pillai,19,Other,Central,Raipur,Electronics,Headphones,1,40524.35,0.12,40475.72,3365.1,36.23,UPI,3,TRUE,Returned,3
ORD-00444,14-07-2020,CUST81670,Sunita Joshi,31,Male,Central,Bhopal,Books,Fiction Novel,4,1113.43,0.15,4447.04,2141.31,34.15,EMI,1,FALSE,Delivered,7
ORD-02815,05-08-2023,CUST75268,Karan Rao,30,Other,West,Pune,Sports,Yoga Mat,3,6620.8,0.27,19808.77,3790.08,89.03,EMI,4,FALSE,Delivered,8
ORD-04069,29-10-2024,CUST61722,Karan Joshi,54,Other,Central,Nagpur,Electronics,Smartwatch,2,11751.86,0.26,23442.61,2001.28,73.23,Net Banking,4,FALSE,Delivered,5
ORD-03630,28-04-2024,CUST62637,Aditya Gupta,27,Male,East,Kolkata,Groceries,Sugar,1,373.86,0.25,372.93,34.77,90.23,Net Banking,4,FALSE,Shipped,1
ORD-02063,29-06-2022,CUST13406,Rahul Kumar,18,Male,South,Hyderabad,Groceries,Cooking Oil,4,122.82,0.04,491.08,47.66,66.72,Net Banking,5,FALSE,Delivered,10
ORD-00192,27-03-2020,CUST62597,Ritu Mishra,51,Male,South,Chennai,Electronics,Camera,5,25706.78,0.19,128289.69,12672.89,90.75,EMI,2,TRUE,Returned,8
ORD-02097,07-11-2022,CUST68451,Priya Nair,31,Female,West,Mumbai,Electronics,Tablet,8,38458.65,0.01,307638.43,61743.21,78.22,UPI,4,TRUE,Returned,6
ORD-00425,07-06-2020,CUST69172,Pooja Sharma,30,Female,West,Mumbai,Electronics,Camera,6,65523.97,0.22,392278.9,39810.19,79,Cash on Delivery,1,FALSE,Delivered,7
ORD-01073,29-04-2021,CUST74821,Deepa Nair,24,Other,West,Mumbai,Clothing,Jeans,5,1564.77,0.08,7817.59,2408.11,46.89,UPI,2,FALSE,Delivered,4
ORD-01644,01-02-2022,CUST20877,Vikram Gupta,36,Male,North,Delhi,Electronics,Camera,6,72040.03,0.01,432196.96,39292.14,53.76,Cash on Delivery,5,FALSE,Shipped,9
ORD-01390,20-09-2021,CUST50244,Shreya Bose,45,Other,North,Ludhiana,Electronics,Smartwatch,6,15447.02,0.04,92645.05,5842.37,80.21,Cash on Delivery,3,FALSE,Pending,5
ORD-00182,21-03-2020,CUST63049,Arjun Reddy,61,Male,East,Kolkata,Sports,Yoga Mat,9,2019.71,0.21,18139.22,3698.35,55.65,UPI,2,FALSE,Delivered,3
ORD-01681,20-01-2022,CUST96522,Karan Gupta,56,Other,West,Ahmedabad,Furniture,Sofa,2,27991.06,0.24,55847.76,12370.47,77.48,EMI,2,TRUE,Returned,6
ORD-02568,20-01-2023,CUST63565,Vikram Mehta,24,Other,Central,Nagpur,Books,Comic Book,9,493.03,0.21,4427.95,1860.71,83.24,Debit Card,3,FALSE,Delivered,8
ORD-03369,29-12-2023,CUST12624,Sunita Chatterjee,25,Male,North,Delhi,Furniture,Sofa,10,26482.96,0.39,263796.76,39420.71,31.73,Cash on Delivery,1,FALSE,Delivered,9
ORD-00788,25-12-2020,CUST62453,Pooja Joshi,26,Female,West,Mumbai,Groceries,Rice (5Kg),7,79.95,0.03,559.48,30.99,45.31,EMI,2,FALSE,Shipped,2
ORD-01351,31-08-2021,CUST05251,Kavya Singh,31,Female,North,Chandigarh,Furniture,Chair,2,11559.97,0.37,23034.4,6537.8,64.47,Credit Card,5,FALSE,Delivered,6
ORD-01491,31-10-2021,CUST70333,Sunita Bose,43,Male,North,Chandigarh,Beauty,Sunscreen,8,902.95,0.02,7222.16,3273.83,49.46,Debit Card,5,FALSE,Delivered,4
ORD-03649,05-04-2024,CUST00250,Arjun Kapoor,33,Other,East,Patna,Clothing,Dress,4,3459.1,0.09,13823.95,2101.1,59.55,Debit Card,4,FALSE,Delivered,7
ORD-04153,08-12-2024,CUST73466,Aditya Pillai,24,Male,West,Pune,Groceries,Dal (1Kg),10,390.96,0.37,3895.13,195.36,83.81,Credit Card,2,FALSE,Delivered,1
ORD-01601,15-12-2021,CUST25228,Meera Kumar,45,Female,Central,Raipur,Beauty,Sunscreen,8,1478.6,0.07,11820.52,3617.51,72.32,UPI,2,FALSE,Delivered,8
ORD-04168,15-12-2024,CUST39751,Meera Iyer,34,Female,West,Ahmedabad,Sports,Tennis Racket,2,10972.39,0.3,21878.95,2981.58,43.93,EMI,2,FALSE,Delivered,10
ORD-02540,01-08-2023,CUST48928,Aditya Shah,14,Female,North,Amritsar,Books,Textbook,5,1137.99,0.18,5679.71,1103.46,47.49,Credit Card,3,FALSE,Delivered,6
ORD-04193,28-12-2024,CUST18192,Nikhil Bose,25,Female,East,Patna,Beauty,Perfume,5,724.63,0.1,3619.53,1918.69,48.49,Credit Card,5,FALSE,Delivered,6
ORD-02432,18-11-2022,CUST26395,Amit Kumar,33,Other,Central,Nagpur,Clothing,T-Shirt,4,2693.03,0.24,10746.27,2808.17,71.64,Debit Card,3,FALSE,Delivered,6
ORD-00059,22-01-2020,CUST44752,Rahul Chatterjee,17,Male,East,Kolkata,Furniture,Sofa,8,16934.64,0.35,135002.95,16163.86,73.23,Debit Card,5,TRUE,Returned,4
ORD-00523,19-08-2020,CUST62159,Priya Verma,24,Female,North,Delhi,Groceries,Flour,9,418.36,0.05,3763.36,273.7,69.24,Net Banking,3,FALSE,Delivered,7
ORD-01901,20-04-2022,CUST72800,Vikram Rao,46,Other,East,Kolkata,Books,Biography,2,231.44,0.36,461.21,155.21,103.55,EMI,3,FALSE,Cancelled,8
ORD-04180,22-12-2024,CUST01003,Priya Pillai,28,Female,Central,Bhopal,Groceries,Sugar,10,194.61,0.27,1940.85,143.25,23.86,EMI,2,FALSE,Delivered,5
ORD-02827,14-05-2023,CUST71925,Deepa Shah,32,Female,West,Ahmedabad,Beauty,Perfume,3,975.85,0.14,2923.45,2179.66,87.45,Credit Card,2,FALSE,Shipped,10
ORD-03493,27-02-2024,CUST44061,Kavya Rao,29,Female,West,Ahmedabad,Beauty,Lipstick,1,848.25,0.04,847.91,422.93,74.23,Cash on Delivery,5,FALSE,Delivered,9
ORD-03484,23-02-2024,CUST42985,Rohan Chatterjee,35,Female,Central,Nagpur,Electronics,Camera,9,70923.4,0.34,636140.34,52952.38,42.34,UPI,2,FALSE,Delivered,3
ORD-00123,16-02-2020,CUST54173,Meera Chatterjee,58,Other,West,Ahmedabad,Groceries,Sugar,1,373.23,0.32,372.04,19.53,44.95,EMI,3,FALSE,Delivered,6
ORD-01002,30-03-2021,CUST22154,Ananya Patel,19,Female,West,Mumbai,Books,Self-Help Book,6,1364.16,0.39,8153.04,1835.6,62.5,UPI,4,FALSE,Pending,2
ORD-01374,11-09-2021,CUST68198,Rahul Chatterjee,13,Male,Central,Raipur,Electronics,Laptop,7,48956.77,0.24,341874.92,38368.45,86.46,Net Banking,4,FALSE,Delivered,9
ORD-00917,17-02-2021,CUST45413,Aditya Singh,14,Female,North,Chandigarh,Sports,Cricket Bat,10,10161.64,0.01,101606.24,14067.58,19.18,EMI,5,FALSE,Delivered,9
ORD-00827,14-01-2021,CUST71416,Aditya Kapoor,43,Female,South,Kochi,Electronics,Headphones,2,43066.95,0.25,85918.57,6929.76,69.88,Net Banking,2,FALSE,Delivered,7
ORD-00527,20-08-2020,CUST81582,Karan Pillai,46,Male,East,Bhubaneswar,Electronics,Tablet,1,39870.46,0.14,39814.64,4768.46,76.58,Debit Card,4,FALSE,Delivered,1
ORD-02423,14-11-2022,CUST98860,Nikhil Nair,16,Female,South,Kochi,Clothing,T-Shirt,6,3572.55,0.2,21392.43,4881.96,72.4,Net Banking,2,FALSE,Delivered,7
ORD-02002,06-02-2022,CUST93495,Karan Mehta,24,Other,Central,Nagpur,Electronics,Smartphone,4,79903.31,0.19,319005.97,46291.37,49.66,Credit Card,2,FALSE,Delivered,9
ORD-01547,25-11-2021,CUST82417,Deepa Reddy,32,Female,South,Chennai,Beauty,Hair Oil,8,1747.96,0.04,13978.09,5549.08,70.95,UPI,5,FALSE,Delivered,9
ORD-02671,03-01-2023,CUST19942,Deepa Joshi,29,Other,West,Mumbai,Books,Cook Book,7,286.55,0.19,2002.04,943.5,60.27,Cash on Delivery,1,FALSE,Shipped,1
ORD-01137,28-05-2021,CUST09710,Nikhil Reddy,24,Other,Central,Raipur,Clothing,Dress,10,3901.77,0.23,38927.96,11924.12,26.2,Credit Card,3,FALSE,Delivered,3
ORD-02688,12-03-2023,CUST01507,Ritu Kapoor,30,Female,West,Mumbai,Books,Comic Book,1,1377.62,0.12,1375.97,565.49,53.93,Credit Card,4,FALSE,Shipped,3
ORD-03878,08-08-2024,CUST09035,Priya Mehta,35,Male,North,Chandigarh,Furniture,Desk,3,19778.53,0.22,59205.05,15015.41,30.24,UPI,3,FALSE,Delivered,5
ORD-00279,05-03-2020,CUST43418,Priya Gupta,47,Male,East,Kolkata,Clothing,Saree,5,1209.84,0.26,6033.47,1839.27,70.07,Credit Card,1,FALSE,Delivered,7
ORD-02890,06-05-2023,CUST22330,Aarav Sharma,61,Female,East,Guwahati,Beauty,Face Cream,1,830.66,0.15,829.41,465.76,56.2,Cash on Delivery,5,FALSE,Shipped,10
ORD-00883,03-02-2021,CUST25736,Rohan Bose,43,Other,North,Amritsar,Beauty,Hair Oil,9,1071.88,0.21,9626.66,3577.85,64.18,Debit Card,5,FALSE,Delivered,9
ORD-00738,12-03-2020,CUST90925,Amit Iyer,45,Male,Central,Indore,Sports,Cricket Bat,2,2618.63,0.37,5217.88,381.86,63.43,EMI,1,FALSE,Delivered,10
ORD-03295,25-11-2023,CUST19218,Aditya Verma,41,Female,North,Amritsar,Sports,Cricket Bat,5,7855.23,0.26,39174.03,5747.72,37.97,Credit Card,1,TRUE,Returned,2
ORD-02609,02-06-2023,CUST96498,Meera Kapoor,34,Female,South,Chennai,Clothing,Kurta,1,398.12,0.2,397.32,160.84,61.44,Debit Card,5,FALSE,Delivered,5
ORD-00295,05-09-2020,CUST86265,Nikhil Verma,30,Male,East,Kolkata,Books,Cook Book,6,717.06,0.14,4296.34,993.44,65.95,EMI,3,FALSE,Delivered,4
ORD-00505,12-08-2020,CUST37735,Kavya Mehta,51,Other,East,Bhubaneswar,Electronics,Tablet,8,43322.03,0.27,345640.48,20962.59,81.23,Credit Card,5,FALSE,Cancelled,3
ORD-01660,01-10-2022,CUST07883,Aditya Joshi,35,Female,Central,Nagpur,Sports,Yoga Mat,3,14314.59,0.28,42823.53,6700.1,49.08,Debit Card,2,TRUE,Returned,7
ORD-02120,22-07-2022,CUST74638,Rohan Verma,40,Male,East,Guwahati,Groceries,Flour,8,473.04,0.33,3771.83,301.36,76.1,Cash on Delivery,5,FALSE,Delivered,9
ORD-01718,02-02-2022,CUST91928,Vikram Kapoor,39,Male,West,Surat,Sports,Football,7,6522.84,0.09,45618.79,7201.91,45.29,EMI,3,TRUE,Returned,3
ORD-02730,29-03-2023,CUST20266,Sanjay Bose,11,Female,Central,Bhopal,Books,Biography,4,1044.75,0.05,4176.91,2610.28,55.23,Cash on Delivery,3,FALSE,Delivered,6
ORD-01183,15-06-2021,CUST36587,Amit Rao,34,Male,East,Kolkata,Furniture,Desk,2,27005.32,0.13,53940.43,21121.9,60.02,Credit Card,3,FALSE,Delivered,6
ORD-00548,30-08-2020,CUST25946,Aarav Gupta,27,Female,Central,Indore,Groceries,Cooking Oil,1,387.88,0.39,386.37,15.64,65.68,Credit Card,4,FALSE,Delivered,7
ORD-00004,01-01-2020,CUST59539,Aarav Rao,43,Male,Central,Raipur,Beauty,Shampoo,1,2179.09,0.26,2173.42,548.45,71,Debit Card,5,FALSE,Pending,9
ORD-00979,22-03-2021,CUST08503,Sanjay Iyer,48,Other,South,Bangalore,Beauty,Perfume,5,357.2,0.25,1781.54,473.38,95.58,UPI,3,FALSE,Delivered,8
ORD-01144,30-05-2021,CUST45935,Aarav Kumar,15,Other,East,Patna,Sports,Football,9,12309.47,0.39,110353.17,23774.29,64.35,EMI,5,FALSE,Delivered,4
ORD-04114,25-11-2024,CUST90879,Aarav Pillai,38,Other,West,Pune,Clothing,Jacket,8,2242.21,0.08,17923.33,5745.26,58.08,UPI,3,FALSE,Cancelled,5
ORD-03044,09-08-2023,CUST65535,Vikram Joshi,31,Other,South,Kochi,Groceries,Dal (1Kg),6,180.04,0.37,1076.24,84.65,65.57,EMI,2,FALSE,Cancelled,7
ORD-01574,12-04-2021,CUST51745,Sanjay Mishra,34,Other,West,Surat,Sports,Tennis Racket,10,8246.76,0.29,82228.44,10000.85,76.69,Net Banking,3,FALSE,Delivered,3
ORD-02571,25-01-2023,CUST27786,Nikhil Shah,27,Male,Central,Nagpur,Groceries,Tea,2,419.88,0.03,839.51,57.86,49.02,Cash on Delivery,2,FALSE,Shipped,7
ORD-03212,20-10-2023,CUST59899,Shreya Kapoor,37,Male,West,Surat,Groceries,Sugar,3,309.69,0.18,927.4,69.64,50.8,UPI,1,FALSE,Delivered,1
ORD-00836,17-01-2021,CUST64754,Pooja Reddy,52,Other,West,Pune,Sports,Football,4,9859.42,0.1,39398.24,8214.61,75.89,Net Banking,5,FALSE,Delivered,7
ORD-00198,29-03-2020,CUST42117,Pooja Gupta,34,Other,South,Chennai,Furniture,Desk,9,20805.29,0.24,186798.22,36051.94,59.05,UPI,5,FALSE,Delivered,7
ORD-00612,30-09-2020,CUST14600,Sanjay Kumar,46,Other,West,Surat,Sports,Dumbbells,2,1417.62,0.33,2825.88,404.4,38.22,UPI,1,FALSE,Delivered,4
ORD-02525,01-01-2023,CUST46864,Aditya Patel,26,Female,Central,Raipur,Clothing,Jeans,8,2369.91,0.35,18892.92,4497.08,59.82,Debit Card,1,FALSE,Delivered,10
ORD-02913,06-12-2023,CUST21693,Deepa Kumar,43,Other,North,Ludhiana,Beauty,Perfume,4,623.3,0.32,2485.22,1736.95,52.12,UPI,2,FALSE,Delivered,3
ORD-01803,08-03-2022,CUST75917,Nikhil Iyer,48,Female,North,Amritsar,Groceries,Sugar,1,259.95,0.3,259.17,16.68,40.85,Net Banking,3,FALSE,Delivered,9
ORD-01141,29-05-2021,CUST04487,Meera Verma,34,Female,West,Ahmedabad,Books,Biography,7,846.48,0.2,5913.51,2975.81,30.99,Credit Card,3,FALSE,Delivered,1
ORD-01022,04-07-2021,CUST91541,Aarav Sharma,23,Other,Central,Indore,Clothing,Jacket,9,2816.32,0.13,25313.93,5473.17,58.3,Debit Card,3,FALSE,Cancelled,3
ORD-03638,30-04-2024,CUST06952,Deepa Pillai,42,Other,South,Bangalore,Furniture,Bookshelf,4,15880.17,0.08,63469.86,34839.09,69.26,Debit Card,4,FALSE,Delivered,4
ORD-03505,03-03-2024,CUST59852,Nikhil Das,25,Male,Central,Indore,Groceries,Tea,7,126.08,0.08,881.85,81.39,55.37,Credit Card,2,FALSE,Delivered,9
ORD-02440,24-11-2022,CUST91846,Karan Nair,48,Other,North,Amritsar,Sports,Tennis Racket,2,1682.52,0.04,3363.69,650.21,69.29,Debit Card,2,FALSE,Delivered,2
ORD-01819,15-03-2022,CUST63222,Priya Reddy,39,Female,East,Bhubaneswar,Furniture,Desk,3,5315.14,0.2,15913.53,5876.17,97.08,Credit Card,5,FALSE,Delivered,6
ORD-02785,20-04-2023,CUST80688,Rahul Gupta,17,Female,North,Delhi,Sports,Dumbbells,4,14577.36,0.33,58117.02,7342.63,51.26,Credit Card,4,FALSE,Delivered,6
ORD-03793,07-06-2024,CUST34536,Priya Nair,27,Female,South,Hyderabad,Beauty,Sunscreen,7,1042.17,0.38,7267.47,3363.37,71.04,EMI,5,FALSE,Pending,5
ORD-02711,22-03-2023,CUST25704,Kavya Iyer,34,Female,South,Kochi,Beauty,Face Cream,10,1958.8,0.39,19511.61,7311.62,56.07,UPI,5,FALSE,Delivered,7
ORD-03507,03-04-2024,CUST15344,Deepa Singh,53,Male,West,Surat,Clothing,Dress,7,2771.26,0.15,19369.72,8460.21,35.65,Credit Card,5,FALSE,Delivered,7
ORD-02636,15-02-2023,CUST87391,Meera Das,26,Other,North,Ludhiana,Beauty,Hair Oil,3,1142.82,0.23,3420.57,1291.21,53.34,Cash on Delivery,5,TRUE,Returned,9
ORD-03103,09-03-2023,CUST01278,Aarav Verma,18,Other,East,Patna,Beauty,Lipstick,6,993.05,0.01,5957.7,2268.41,82.4,UPI,5,FALSE,Delivered,1
ORD-03650,05-04-2024,CUST58829,Sanjay Kapoor,57,Female,Central,Bhopal,Books,Fiction Novel,8,1190.92,0.22,9506.4,5817.67,76.18,UPI,3,TRUE,Returned,1
ORD-01571,12-03-2021,CUST56653,Nisha Sharma,30,Male,Central,Raipur,Clothing,T-Shirt,8,3931.3,0.21,31384.35,5566.53,73.66,UPI,3,TRUE,Returned,6
ORD-00063,23-01-2020,CUST82089,Ritu Gupta,20,Female,West,Mumbai,Books,Self-Help Book,4,1208.46,0.01,4833.36,1192.21,60.86,Credit Card,3,FALSE,Delivered,10
ORD-02696,14-03-2023,CUST64855,Sunita Shah,46,Other,West,Ahmedabad,Books,Comic Book,2,1077.11,0.3,2147.76,727.8,61.35,UPI,5,FALSE,Delivered,6
ORD-00714,23-11-2020,CUST61590,Amit Reddy,47,Other,South,Kochi,Groceries,Rice (5Kg),7,368.78,0.12,2578.36,127.54,66.03,UPI,4,FALSE,Delivered,9
ORD-00753,12-07-2020,CUST57450,Kavya Sharma,31,Male,North,Delhi,Beauty,Face Cream,8,1138.01,0.11,9094.07,1289.66,49.38,Net Banking,2,FALSE,Delivered,2
ORD-01223,07-06-2021,CUST92686,Sanjay Bose,39,Female,South,Chennai,Furniture,Bookshelf,7,20357.47,0.03,142459.54,45868.32,75.4,Credit Card,4,FALSE,Delivered,9
ORD-03378,31-12-2023,CUST54270,Arjun Sharma,40,Male,South,Hyderabad,Furniture,Wardrobe,9,13849.98,0.25,124338.2,23060.68,47.19,UPI,2,FALSE,Delivered,5
ORD-00809,01-05-2021,CUST99388,Ritu Kapoor,33,Male,South,Chennai,Clothing,Jeans,5,3280.13,0.03,16395.73,921794.6,83.69,EMI,1,TRUE,Returned,7
ORD-02106,16-07-2022,CUST15065,Amit Verma,36,Female,Central,Nagpur,Sports,Cricket Bat,6,7187.46,0.27,43008.32,7760.51,48.71,EMI,3,FALSE,Delivered,5
ORD-01928,05-02-2022,CUST06307,Ananya Reddy,56,Male,South,Bangalore,Sports,Cycle,1,9069.14,0.29,9042.84,1861.72,32.62,Debit Card,4,FALSE,Pending,5
ORD-01189,19-06-2021,CUST03077,Amit Pillai,34,Female,Central,Nagpur,Groceries,Tea,10,203.58,0.01,2035.6,255.25,18.95,Debit Card,3,FALSE,Delivered,6
ORD-01971,21-05-2022,CUST35736,Pooja Verma,28,Other,Central,Nagpur,Furniture,Chair,10,28073.85,0.05,280598.13,108417.14,54.05,EMI,1,FALSE,Delivered,8
ORD-03270,14-11-2023,CUST56619,Rohan Sharma,32,Male,East,Bhubaneswar,Clothing,Dress,5,1851.88,0.29,9232.55,2703.37,85.66,Credit Card,3,TRUE,Returned,2
ORD-01447,16-10-2021,CUST92723,Priya Patel,42,Other,West,Pune,Furniture,Bed Frame,5,5397.15,0.35,26891.3,4521.5,33.64,EMI,5,FALSE,Delivered,3
ORD-00717,24-11-2020,CUST23500,Rahul Chatterjee,47,Other,South,Chennai,Furniture,Bookshelf,5,20390.29,0.07,101880.08,23720.97,102.38,UPI,3,FALSE,Delivered,3
ORD-01883,04-10-2022,CUST03672,Amit Shah,24,Male,West,Pune,Furniture,Bookshelf,9,11907.81,0.18,106977.38,42582.04,73.86,Cash on Delivery,5,FALSE,Delivered,10
ORD-01300,08-10-2021,CUST98101,Deepa Bose,30,Female,West,Pune,Groceries,Sugar,6,303.35,0.13,1817.73,144.04,55.2,Credit Card,1,TRUE,Returned,3
ORD-01676,18-01-2022,CUST65261,Shreya Chatterjee,30,Other,Central,Indore,Furniture,Sofa,3,30465.56,0.24,91177.33,16835.51,57.1,Cash on Delivery,5,FALSE,Delivered,3
ORD-00987,25-03-2021,CUST04483,Priya Joshi,29,Male,Central,Nagpur,Furniture,Wardrobe,4,7372.62,0.11,29458.04,11067.17,75.03,EMI,2,FALSE,Delivered,9
ORD-00141,25-02-2020,CUST83686,Ananya Iyer,42,Other,East,Guwahati,Beauty,Face Cream,9,900.37,0.12,8093.61,2823.39,81.17,Cash on Delivery,5,FALSE,Delivered,2
ORD-01924,30-04-2022,CUST39294,Amit Reddy,30,Female,South,Chennai,Groceries,Sugar,1,306.96,0.37,305.82,24.24,44.4,UPI,1,FALSE,Delivered,3
ORD-03134,16-09-2023,CUST94057,Kavya Bose,29,Male,South,Bangalore,Sports,Cycle,5,11278.57,0.2,56280.06,13004.09,76.71,Debit Card,2,FALSE,Cancelled,4
ORD-01112,16-05-2021,CUST48929,Kavya Reddy,21,Other,West,Pune,Furniture,Sofa,10,29768.42,0.22,297029.29,105876.32,66.42,Cash on Delivery,5,FALSE,Delivered,8
ORD-00378,06-10-2020,CUST11134,Arjun Singh,34,Other,East,Guwahati,Electronics,Smartwatch,9,16985.93,0.18,152598.2,16161.85,75.65,Cash on Delivery,5,FALSE,Shipped,9
ORD-01800,03-08-2022,CUST93477,Sunita Joshi,29,Female,South,Kochi,Books,Self-Help Book,1,1151.01,0.17,1149.05,528.79,79.86,Net Banking,5,FALSE,Delivered,1
ORD-01637,30-12-2021,CUST05372,Ritu Shah,18,Other,Central,Indore,Books,Comic Book,5,679.37,0.17,3391.08,915.89,55.83,EMI,2,FALSE,Delivered,8
ORD-04113,22-11-2024,CUST10274,Arjun Gupta,13,Other,Central,Bhopal,Groceries,Rice (5Kg),8,185.5,0.29,1479.7,79.89,48.43,Debit Card,5,FALSE,Pending,6
ORD-00500,08-07-2020,CUST80941,Ananya Sharma,56,Male,South,Chennai,Sports,Yoga Mat,10,10625.78,0.17,106077.16,26797.52,51.49,Cash on Delivery,5,FALSE,Delivered,8
ORD-02067,07-01-2022,CUST70593,Shreya Nair,34,Male,West,Surat,Electronics,Smartwatch,5,38796.6,0.21,193575.64,25458.48,62.35,UPI,4,FALSE,Cancelled,8
ORD-01280,31-07-2021,CUST18652,Rahul Iyer,21,Other,Central,Nagpur,Clothing,Dress,2,3825.43,0.38,7621.79,1454.06,57.72,Cash on Delivery,3,FALSE,Delivered,2
ORD-00145,28-02-2020,CUST49284,Meera Bhat,25,Male,South,Kochi,Electronics,Camera,6,35454.89,0.15,212410.25,19968.6,54.28,Credit Card,5,FALSE,Delivered,1
ORD-03921,20-08-2024,CUST65997,Rahul Chatterjee,41,Other,East,Guwahati,Groceries,Tea,3,392.38,0.12,1175.73,108.65,81.44,Cash on Delivery,4,FALSE,Pending,5
ORD-02335,10-09-2022,CUST67913,Priya Shah,27,Female,West,Pune,Electronics,Laptop,3,79758.61,0.33,238486.22,19212.28,56.24,Debit Card,1,FALSE,Cancelled,2
ORD-00367,06-06-2020,CUST80217,Meera Mishra,53,Female,South,Chennai,Groceries,Cooking Oil,9,324.66,0.14,2917.85,225.96,74.78,Debit Card,1,TRUE,Returned,5
ORD-03343,17-12-2023,CUST67045,Amit Kapoor,54,Male,Central,Indore,Electronics,Tablet,5,39863.48,0.33,198659.65,11921.37,75.46,Cash on Delivery,4,FALSE,Cancelled,10
ORD-01675,18-01-2022,CUST33813,Nikhil Reddy,36,Other,West,Pune,Beauty,Perfume,5,1392.93,0.4,6936.79,1461.67,71.76,Net Banking,3,FALSE,Delivered,10
ORD-02430,17-11-2022,CUST93527,Deepa Verma,28,Other,South,Bangalore,Beauty,Sunscreen,9,113.69,0.22,1020.96,335.72,40.1,UPI,5,TRUE,Returned,7
ORD-02619,10-02-2023,CUST88761,Meera Kumar,50,Female,Central,Raipur,Clothing,T-Shirt,6,1362.12,0.04,8169.45,3612.77,61.28,Credit Card,4,FALSE,Delivered,8
ORD-00967,17-03-2021,CUST90596,Ananya Sharma,21,Male,East,Guwahati,Beauty,Hair Oil,2,119.38,0.13,238.45,137.69,86.43,EMI,3,FALSE,Pending,10
ORD-02226,29-08-2022,CUST46124,Rahul Mehta,26,Male,North,Amritsar,Books,Cook Book,9,830.37,0.25,7454.65,3182.54,37.06,Cash on Delivery,2,FALSE,Delivered,2
ORD-02599,02-03-2023,CUST92468,Sunita Nair,39,Female,East,Kolkata,Furniture,Desk,7,12553.02,0.22,87677.82,19645.47,85.94,EMI,3,FALSE,Delivered,1
ORD-04127,30-11-2024,CUST07792,Priya Joshi,34,Male,West,Surat,Beauty,Lipstick,4,1854.35,0.04,7414.43,3552.01,32.77,Net Banking,5,FALSE,Delivered,2
ORD-00238,14-04-2020,CUST04066,Nisha Reddy,32,Other,North,Delhi,Sports,Football,10,14961.46,0.01,149599.64,26205.1,35.42,Net Banking,2,FALSE,Delivered,6
ORD-02334,10-09-2022,CUST20367,Karan Gupta,21,Other,South,Kochi,Sports,Cricket Bat,5,13397.51,0.34,66759.79,7788.1,73.66,Net Banking,4,FALSE,Delivered,5
ORD-01019,04-04-2021,CUST72581,Sunita Kapoor,35,Other,Central,Nagpur,Books,Textbook,2,1240.07,0.27,2473.44,966.59,50.83,Cash on Delivery,4,FALSE,Delivered,9
ORD-02346,10-11-2022,CUST57309,Meera Bose,14,Female,North,Amritsar,Electronics,Camera,4,15142.49,0.12,60497.28,5733.17,98.24,EMI,2,FALSE,Pending,6
ORD-03762,26-06-2024,CUST95973,Nikhil Singh,36,Male,East,Bhubaneswar,Beauty,Face Cream,5,506.32,0.23,2525.78,1883.1,101.92,Cash on Delivery,3,FALSE,Pending,8
ORD-02935,28-06-2023,CUST75718,Aarav Das,27,Female,North,Delhi,Sports,Dumbbells,1,8268.89,0.18,8254.01,3926.85,52.82,EMI,3,FALSE,Delivered,7
ORD-01146,30-05-2021,CUST14306,Pooja Verma,32,Female,Central,Bhopal,Clothing,Jeans,3,2929.95,0.06,8784.58,4420.51,33.4,Cash on Delivery,2,FALSE,Cancelled,10
ORD-03466,02-10-2024,CUST49074,Rohan Kumar,27,Male,South,Chennai,Clothing,Dress,5,1140.39,0.08,5697.39,2945.59,66.62,Debit Card,1,TRUE,Returned,2
ORD-00306,05-12-2020,CUST49089,Meera Pillai,32,Male,North,Amritsar,Clothing,Dress,1,2507.91,0.29,2500.64,589.57,42.69,EMI,2,FALSE,Delivered,3
ORD-04001,23-09-2024,CUST65012,Sanjay Bose,39,Male,South,Kochi,Clothing,Dress,6,633.62,0.11,3797.54,1771.15,66.09,Debit Card,2,FALSE,Delivered,3
ORD-03305,30-11-2023,CUST44322,Rahul Joshi,59,Male,North,Amritsar,Electronics,Smartphone,9,45871.33,0.2,412016.29,41287.55,42.69,EMI,1,FALSE,Shipped,9
ORD-01454,20-10-2021,CUST23242,Meera Singh,43,Female,North,Ludhiana,Sports,Cricket Bat,3,6413.38,0.13,19215.13,3690.83,28.34,Cash on Delivery,5,FALSE,Shipped,2
ORD-02968,08-07-2023,CUST30076,Priya Singh,21,Male,East,Guwahati,Clothing,Kurta,8,306.88,0.19,2450.38,1019.95,53.78,Credit Card,3,TRUE,Returned,8
ORD-04121,27-11-2024,CUST46430,Arjun Iyer,42,Male,East,Guwahati,Electronics,Laptop,7,26719.46,0.32,186437.7,16743.79,87.4,Credit Card,1,FALSE,Delivered,9
ORD-01496,11-02-2021,CUST57725,Kavya Nair,43,Other,North,Ludhiana,Beauty,Hair Oil,2,870.66,0.04,1740.62,696.19,29.61,Credit Card,1,TRUE,Returned,10
ORD-00890,02-04-2021,CUST21364,Arjun Shah,33,Other,South,Hyderabad,Electronics,Tablet,1,41541.62,0.18,41466.85,3792.31,88.25,Net Banking,2,FALSE,Cancelled,6
ORD-03736,17-06-2024,CUST82654,Deepa Verma,28,Other,Central,Nagpur,Groceries,Dal (1Kg),5,303.44,0.06,1516.29,221.12,32.81,UPI,4,FALSE,Delivered,9
ORD-02939,28-06-2023,CUST99269,Ananya Mishra,42,Other,North,Chandigarh,Electronics,Headphones,3,28197.79,0.16,84458.02,17181.51,73.99,Credit Card,4,FALSE,Shipped,1
ORD-01481,27-10-2021,CUST71792,Nikhil Kumar,34,Other,West,Ahmedabad,Clothing,Jeans,5,2473.16,0.34,12323.76,545.85,67.96,Cash on Delivery,5,TRUE,Returned,10
ORD-01427,10-06-2021,CUST62447,Aditya Mehta,25,Other,South,Kochi,Clothing,Kurta,3,1683.92,0.01,5051.25,1700.69,84.8,Cash on Delivery,3,FALSE,Pending,8
ORD-01514,11-12-2021,CUST41703,Ritu Nair,34,Female,East,Guwahati,Furniture,Chair,8,15110.2,0.07,120796.98,18792.98,87.16,UPI,4,FALSE,Delivered,6
ORD-00654,21-10-2020,CUST92572,Rohan Kapoor,36,Female,Central,Nagpur,Furniture,Wardrobe,6,29603.47,0.09,177460.96,31425.24,72.71,Cash on Delivery,4,FALSE,Delivered,2
ORD-01501,11-04-2021,CUST09268,Meera Iyer,47,Other,South,Chennai,Electronics,Camera,4,32627.08,0.15,130312.56,13307.57,72.28,Debit Card,3,TRUE,Returned,8
ORD-00631,10-10-2020,CUST25609,Ananya Sharma,60,Male,North,Amritsar,Books,Biography,4,902.54,0.33,3598.25,751.4,75.5,EMI,1,FALSE,Delivered,2
ORD-01235,07-12-2021,CUST68009,Karan Patel,30,Female,East,Kolkata,Groceries,Dal (1Kg),10,359.56,0.08,3592.72,416.18,62.31,Debit Card,1,TRUE,Returned,9
ORD-03504,03-03-2024,CUST34451,Nikhil Iyer,31,Other,West,Mumbai,Sports,Dumbbells,7,1704.58,0.39,11885.52,3143.81,60.24,Cash on Delivery,1,FALSE,Delivered,4
ORD-04190,26-12-2024,CUST01943,Amit Reddy,21,Other,North,Ludhiana,Sports,Cricket Bat,6,5492.54,0.09,32925.58,6104.49,71.5,EMI,5,FALSE,Delivered,1
ORD-01579,12-05-2021,CUST34002,Shreya Das,12,Male,South,Chennai,Electronics,Tablet,5,64878.88,0.37,323194.14,19600.91,55.95,Net Banking,1,FALSE,Delivered,8
ORD-01804,03-10-2022,CUST98137,Amit Mishra,21,Female,North,Delhi,Books,Self-Help Book,1,268.61,0.02,268.56,81.29,49.64,EMI,5,FALSE,Delivered,1
ORD-03541,19-03-2024,CUST20196,Nikhil Patel,39,Female,Central,Raipur,Beauty,Sunscreen,5,2034.91,0.36,10137.92,2266.42,51.38,Cash on Delivery,3,FALSE,Delivered,7
ORD-03750,21-06-2024,CUST58867,Meera Das,47,Other,Central,Raipur,Beauty,Sunscreen,9,2060.87,0.1,18529.28,10192.2,37.8,Cash on Delivery,4,FALSE,Pending,4
ORD-01104,13-05-2021,CUST46318,Vikram Shah,21,Other,West,Surat,Electronics,Laptop,2,78594.04,0.05,157109.49,25135.71,35.32,Credit Card,3,FALSE,Delivered,8
ORD-00567,09-09-2020,CUST22945,Meera Kumar,52,Female,South,Kochi,Books,Fiction Novel,9,955.64,0.15,8587.86,2836.26,75.79,Credit Card,4,FALSE,Pending,9
ORD-01662,01-12-2022,CUST29153,Deepa Iyer,26,Other,Central,Raipur,Beauty,Face Cream,6,779.63,0.18,4669.36,1544.23,28.85,EMI,2,TRUE,Returned,9
ORD-03139,18-09-2023,CUST16592,Sunita Iyer,22,Other,West,Surat,Furniture,Bed Frame,6,8704.76,0.23,52108.43,16266.5,67.26,Credit Card,1,FALSE,Pending,9
ORD-03409,17-01-2024,CUST78204,Meera Patel,52,Female,Central,Nagpur,Electronics,Smartphone,10,9943.85,0.05,99388.78,11320.82,33.45,UPI,4,TRUE,Returned,6
ORD-02418,11-10-2022,CUST18934,Sunita Kumar,14,Male,West,Pune,Sports,Football,2,1772.04,0.27,3534.51,352.8,47.87,Cash on Delivery,2,FALSE,Delivered,8
ORD-01612,21-12-2021,CUST27676,Meera Bose,33,Female,North,Chandigarh,Groceries,Sugar,6,377.46,0.31,2257.74,62.24,64.09,Net Banking,2,FALSE,Shipped,5
ORD-03761,25-06-2024,CUST71732,Ritu Gupta,27,Female,South,Bangalore,Groceries,Cooking Oil,1,389.09,0.33,387.81,33.54,93.62,Credit Card,5,FALSE,Delivered,3
ORD-00569,09-10-2020,CUST30901,Ananya Kumar,49,Male,Central,Nagpur,Clothing,Dress,9,1086.28,0.01,9775.54,2991.15,60.79,UPI,5,FALSE,Shipped,5
ORD-02038,17-06-2022,CUST04354,Meera Verma,50,Other,East,Bhubaneswar,Beauty,Face Cream,2,884.91,0.29,1764.69,1116.42,82.19,Credit Card,2,FALSE,Shipped,3
ORD-01570,12-03-2021,CUST84183,Amit Shah,21,Male,North,Amritsar,Electronics,Smartwatch,9,53847.63,0.31,483126.32,37649.52,59.17,UPI,4,FALSE,Delivered,2
ORD-03115,09-08-2023,CUST63946,Amit Sharma,45,Other,North,Ludhiana,Clothing,Kurta,6,828.79,0.19,4963.29,1887.14,32.64,EMI,5,FALSE,Cancelled,6
ORD-00826,13-01-2021,CUST30306,Amit Joshi,22,Other,South,Chennai,Beauty,Sunscreen,8,920.84,0.23,7349.78,2543.38,46.86,Credit Card,5,FALSE,Delivered,8
ORD-01160,06-04-2021,CUST00213,Shreya Chatterjee,24,Female,North,Ludhiana,Books,Cook Book,4,514.84,0.08,2057.71,1048.18,49.45,Debit Card,5,FALSE,Delivered,7
ORD-04043,20-10-2024,CUST23084,Vikram Patel,28,Other,North,Ludhiana,Books,Textbook,2,1282.63,0.29,2557.82,782.47,19.68,Debit Card,4,FALSE,Delivered,6
ORD-01352,09-01-2021,CUST17309,Sunita Singh,31,Female,East,Bhubaneswar,Books,Fiction Novel,1,1491.06,0.04,1490.46,498.53,77.85,Debit Card,3,FALSE,Delivered,10
ORD-00223,04-07-2020,CUST38820,Rahul Verma,34,Male,East,Guwahati,Sports,Cricket Bat,3,567.58,0.18,1699.68,417.04,71.54,UPI,5,FALSE,Pending,7
ORD-01797,03-07-2022,CUST91049,Arjun Bhat,30,Female,Central,Nagpur,Electronics,Smartphone,7,56508.01,0.17,394883.62,51195.31,55.94,EMI,1,FALSE,Cancelled,5
ORD-01143,30-05-2021,CUST25482,Karan Reddy,44,Other,Central,Indore,Books,Textbook,9,1098.38,0.3,9855.76,4025.08,53.61,EMI,4,FALSE,Delivered,2
ORD-03370,30-12-2023,CUST29187,Vikram Bhat,38,Female,South,Kochi,Groceries,Sugar,4,447.49,0.26,1785.31,126.56,87.92,Credit Card,5,FALSE,Shipped,3
ORD-02090,07-09-2022,CUST03478,Sunita Mishra,33,Female,Central,Nagpur,Books,Comic Book,6,1491.38,0.11,8938.44,838.22,72.14,UPI,5,FALSE,Delivered,3
ORD-03176,10-05-2023,CUST24094,Amit Bose,42,Other,Central,Indore,Sports,Dumbbells,5,10121.78,0.14,50538.05,14209.66,67.27,Net Banking,1,FALSE,Delivered,6
ORD-00965,17-03-2021,CUST01123,Sunita Das,37,Male,South,Kochi,Furniture,Bed Frame,4,14435.97,0.01,57738.11,17618.77,57.05,Net Banking,3,FALSE,Delivered,7
ORD-00900,02-08-2021,CUST52346,Shreya Gupta,39,Other,West,Ahmedabad,Electronics,Smartphone,3,76079.41,0.07,228078.46,15094,31.95,UPI,2,TRUE,Returned,8
ORD-00250,20-04-2020,CUST60360,Aditya Pillai,54,Female,Central,Indore,Beauty,Sunscreen,5,1643.32,0.11,8207.56,4000.95,84.55,Cash on Delivery,4,FALSE,Delivered,4
ORD-01805,03-10-2022,CUST13304,Sanjay Nair,44,Other,South,Hyderabad,Sports,Cycle,3,10264.85,0.09,30766.83,8490.63,39.51,Net Banking,5,FALSE,Delivered,8
ORD-00462,21-07-2020,CUST21355,Rohan Singh,15,Male,North,Chandigarh,Furniture,Bookshelf,6,13817.71,0.04,82873.1,19508.64,43.47,Net Banking,5,FALSE,Delivered,3
ORD-03206,19-10-2023,CUST74267,Deepa Bhat,29,Male,Central,Raipur,Electronics,Tablet,1,75894.5,0.12,75803.43,8164.31,36.14,UPI,1,FALSE,Delivered,5
ORD-03680,16-05-2024,CUST34978,Arjun Mishra,19,Female,North,Chandigarh,Groceries,Sugar,4,237.91,0.2,949.74,104.78,61.7,Credit Card,5,TRUE,Returned,4
ORD-03072,19-08-2023,CUST71775,Aditya Joshi,25,Male,South,Hyderabad,Beauty,Hair Oil,6,1067.32,0.1,6397.52,3581.4,84.82,EMI,4,TRUE,Returned,9
ORD-01964,17-05-2022,CUST41576,Vikram Das,38,Female,West,Pune,Books,Biography,10,550.81,0.07,5504.24,3295.18,67.61,Cash on Delivery,4,FALSE,Delivered,4
ORD-00889,02-04-2021,CUST13240,Arjun Das,41,Other,Central,Nagpur,Groceries,Sugar,2,184.78,0.02,369.49,22.18,44.84,Debit Card,1,FALSE,Delivered,9
ORD-00712,22-11-2020,CUST65830,Rohan Shah,34,Other,West,Pune,Sports,Tennis Racket,3,843.33,0.23,2524.17,371.2,44.35,Net Banking,5,FALSE,Delivered,1
ORD-03528,11-03-2024,CUST06064,Meera Mishra,26,Other,South,Bangalore,Books,Comic Book,7,1296.36,0.33,9044.57,2621.95,93.81,Debit Card,3,FALSE,Delivered,10
ORD-02845,24-05-2023,CUST08284,Rohan Mishra,19,Male,West,Mumbai,Books,Comic Book,9,1391.1,0.09,12508.63,8225.45,57.35,Debit Card,5,FALSE,Shipped,5
ORD-04009,27-09-2024,CUST19149,Meera Reddy,41,Other,South,Hyderabad,Furniture,Sofa,10,24673.9,0.26,246097.48,85641.84,82.09,Debit Card,3,FALSE,Delivered,8
ORD-00492,08-04-2020,CUST93700,Deepa Chatterjee,26,Other,North,Amritsar,Sports,Football,7,8179.73,0.1,57200.85,13078.48,40.31,Credit Card,1,FALSE,Delivered,1
ORD-00124,16-02-2020,CUST06506,Vikram Mishra,32,Female,West,Mumbai,Electronics,Tablet,10,53531.64,0.13,534620.49,51938.51,58.35,Cash on Delivery,4,TRUE,Returned,10
ORD-02333,10-09-2022,CUST56340,Pooja Mehta,26,Male,North,Amritsar,Books,Fiction Novel,2,1065.57,0.18,2127.3,1101.49,25.68,EMI,4,FALSE,Delivered,6
ORD-00618,10-03-2020,CUST23090,Kavya Iyer,43,Other,West,Mumbai,Books,Fiction Novel,5,1447.22,0.08,7230.31,2794.08,69.42,UPI,5,FALSE,Delivered,2
ORD-01562,30-11-2021,CUST52989,Meera Bose,37,Female,Central,Nagpur,Groceries,Tea,10,114.63,0.27,1143.2,42.94,49.31,EMI,4,FALSE,Delivered,8
ORD-02524,01-01-2023,CUST02441,Sunita Bhat,54,Male,South,Bangalore,Sports,Cycle,3,6013.86,0.01,18039.78,3536.03,79.16,EMI,3,FALSE,Shipped,5
ORD-03445,02-03-2024,CUST68712,Sunita Kapoor,10,Other,Central,Nagpur,Beauty,Sunscreen,4,2410.81,0.23,9621.06,4194.49,53.44,Cash on Delivery,4,FALSE,Delivered,5
ORD-01977,23-05-2022,CUST02433,Arjun Gupta,27,Other,North,Ludhiana,Furniture,Wardrobe,2,14453.77,0.22,28843.94,8034.59,53.68,UPI,5,FALSE,Delivered,9
ORD-00562,09-06-2020,CUST35414,Rohan Joshi,39,Female,West,Surat,Beauty,Lipstick,6,1280.84,0.23,7667.36,2678.22,72.99,Net Banking,3,FALSE,Delivered,1
ORD-01698,28-01-2022,CUST81725,Nikhil Singh,29,Other,East,Bhubaneswar,Furniture,Sofa,4,30087.03,0.2,120107.42,20501.91,80.38,Debit Card,1,FALSE,Delivered,7
ORD-00765,13-12-2020,CUST44683,Rohan Patel,26,Other,North,Chandigarh,Furniture,Bed Frame,1,19060.92,0.31,19001.83,2392.71,30.32,Net Banking,2,FALSE,Delivered,4
ORD-02155,08-04-2022,CUST14965,Rohan Pillai,36,Female,South,Chennai,Sports,Tennis Racket,5,10085.52,0.04,50407.43,14440.37,73.11,UPI,2,TRUE,Returned,5
ORD-00696,11-12-2020,CUST46839,Aditya Sharma,31,Other,Central,Bhopal,Sports,Dumbbells,8,12118.96,0.09,96864.42,14318.27,77.48,Cash on Delivery,3,FALSE,Delivered,10
ORD-01267,26-07-2021,CUST48930,Nikhil Nair,32,Other,South,Hyderabad,Beauty,Shampoo,2,434.45,0.32,866.12,264.34,66.45,Net Banking,4,TRUE,Returned,3
ORD-01951,05-11-2022,CUST38752,Pooja Sharma,52,Female,South,Bangalore,Clothing,Jeans,5,3102.98,0.11,15497.83,8948.88,34.13,UPI,5,FALSE,Delivered,8
ORD-02802,30-04-2023,CUST45496,Shreya Pillai,38,Other,South,Chennai,Beauty,Sunscreen,1,2094.7,0.36,2087.16,699.91,51.65,Credit Card,2,TRUE,Returned,10
ORD-03202,16-10-2023,CUST22113,Sunita Chatterjee,44,Other,North,Chandigarh,Electronics,Smartphone,6,44612.23,0.05,267539.54,30140.48,34,Cash on Delivery,3,FALSE,Delivered,8
ORD-02299,24-09-2022,CUST52655,Ritu Verma,30,Female,South,Bangalore,Groceries,Rice (5Kg),3,236.04,0.01,708.05,49.56,57.97,Credit Card,3,TRUE,Returned,8
ORD-02203,18-08-2022,CUST79474,Ananya Rao,58,Female,South,Bangalore,Beauty,Lipstick,5,2364.24,0.37,11777.46,5022.54,82.56,Net Banking,3,FALSE,Delivered,4
ORD-02020,06-10-2022,CUST31285,Ananya Patel,33,Other,West,Pune,Groceries,Flour,8,267.91,0.03,2142.64,292.84,61.35,Cash on Delivery,2,FALSE,Delivered,1
ORD-02729,29-03-2023,CUST02485,Ananya Bhat,45,Female,South,Hyderabad,Groceries,Sugar,8,85.59,0.25,683.01,41.46,75.34,Net Banking,4,FALSE,Delivered,9
ORD-03881,08-09-2024,CUST11708,Arjun Sharma,37,Other,North,Amritsar,Sports,Football,9,6043.66,0.35,54202.56,12593.51,35.57,Debit Card,2,FALSE,Cancelled,1
ORD-00358,06-02-2020,CUST25786,Nikhil Verma,33,Male,Central,Nagpur,Clothing,Kurta,9,1720.87,0.07,15476.99,5490.24,62.42,Credit Card,1,FALSE,Cancelled,8
ORD-02955,07-04-2023,CUST34816,Arjun Bhat,41,Other,East,Guwahati,Clothing,Saree,6,1234.86,0.13,7399.53,4328.1,63.86,EMI,2,FALSE,Delivered,6
ORD-03032,08-05-2023,CUST90825,Rahul Gupta,30,Other,South,Chennai,Groceries,Dal (1Kg),3,394.17,0.1,1181.33,91.2,58.94,Net Banking,5,FALSE,Delivered,1
ORD-03487,24-02-2024,CUST26096,Shreya Shah,39,Other,West,Surat,Books,Comic Book,4,288.31,0.08,1152.32,424.38,65.73,Net Banking,3,FALSE,Delivered,7
ORD-03074,20-08-2023,CUST55244,Ananya Bose,24,Male,North,Ludhiana,Clothing,T-Shirt,7,3670.29,0.27,25622.66,9315.22,40.44,UPI,1,FALSE,Cancelled,9
ORD-00311,16-05-2020,CUST95800,Priya Das,23,Female,East,Kolkata,Furniture,Desk,10,13553.87,0.13,135362.5,32317.75,87.72,Cash on Delivery,3,FALSE,Delivered,9
ORD-03580,04-04-2024,CUST38004,Aarav Nair,27,Other,South,Kochi,Clothing,Saree,9,2254.39,0.32,20224.58,5765.83,101.76,Debit Card,4,TRUE,Returned,8
ORD-01308,08-11-2021,CUST81370,Amit Sharma,39,Other,West,Pune,Clothing,Jeans,10,1816.68,0.15,18139.55,7198.9,61.69,Credit Card,5,FALSE,Cancelled,2
ORD-00128,19-02-2020,CUST31223,Vikram Chatterjee,26,Female,North,Ludhiana,Groceries,Flour,6,458.64,0.35,2742.21,23.39,42.91,Cash on Delivery,5,FALSE,Delivered,4
ORD-03477,18-02-2024,CUST49962,Priya Chatterjee,35,Other,North,Ludhiana,Electronics,Tablet,5,54916.9,0.4,273486.16,24965.38,46.27,Credit Card,5,FALSE,Shipped,8
ORD-01831,24-03-2022,CUST23447,Arjun Sharma,17,Male,Central,Nagpur,Clothing,Kurta,4,2766.72,0.34,11029.25,3180.32,51.11,Net Banking,5,FALSE,Delivered,7
ORD-03785,07-04-2024,CUST16284,Ananya Iyer,40,Female,East,Bhubaneswar,Groceries,Dal (1Kg),3,316.44,0.33,946.19,72.84,95.3,Debit Card,3,FALSE,Delivered,1
ORD-00660,24-10-2020,CUST65041,Priya Rao,36,Female,South,Bangalore,Groceries,Dal (1Kg),5,425.46,0.08,2125.6,99.18,73.11,UPI,5,FALSE,Delivered,9
ORD-02979,14-07-2023,CUST09411,Arjun Singh,39,Female,South,Chennai,Sports,Tennis Racket,4,1405.49,0.31,5604.53,1445.6,69.73,EMI,3,FALSE,Delivered,6
ORD-01674,17-01-2022,CUST09628,Sunita Mehta,38,Female,South,Hyderabad,Furniture,Bed Frame,9,18712.5,0.28,167940.94,31705.16,69.33,Cash on Delivery,4,FALSE,Delivered,7
ORD-03129,09-12-2023,CUST31428,Karan Chatterjee,29,Other,West,Pune,Furniture,Bed Frame,6,5060.62,0.26,30284.77,10234.55,79.73,Cash on Delivery,3,TRUE,Returned,8
ORD-01531,18-11-2021,CUST67021,Kavya Pillai,44,Female,West,Surat,Furniture,Bed Frame,1,3623.08,0.17,3616.92,856.29,74.4,Debit Card,2,FALSE,Pending,3
ORD-02713,22-03-2023,CUST44605,Rohan Gupta,30,Female,West,Surat,Furniture,Bed Frame,4,23122.77,0.34,92176.61,25870.08,83.74,EMI,4,FALSE,Delivered,1
ORD-03661,05-10-2024,CUST49064,Deepa Shah,30,Female,Central,Nagpur,Beauty,Hair Oil,8,1253.12,0.3,9994.89,7180.54,32.68,Net Banking,3,FALSE,Delivered,10
ORD-00044,17-01-2020,CUST88344,Arjun Nair,21,Other,West,Mumbai,Groceries,Cooking Oil,7,134.49,0.17,939.83,54.43,58.18,EMI,1,TRUE,Returned,9
ORD-02505,23-12-2022,CUST69354,Kavya Nair,38,Female,Central,Indore,Groceries,Dal (1Kg),10,358.19,0.01,3581.54,268.81,72.77,EMI,2,FALSE,Cancelled,1
ORD-03756,24-06-2024,CUST46771,Karan Verma,46,Other,East,Kolkata,Sports,Dumbbells,2,4339.24,0.04,8675.01,2162.54,103.91,Credit Card,5,FALSE,Delivered,2
ORD-02262,09-11-2022,CUST07130,Shreya Iyer,20,Other,Central,Nagpur,Books,Fiction Novel,2,281.44,0.05,562.6,145.84,75.48,Cash on Delivery,2,FALSE,Delivered,5
ORD-03459,02-08-2024,CUST64884,Meera Bose,34,Male,East,Bhubaneswar,Electronics,Camera,9,43024.67,0.36,385828.03,27942.75,62.42,Debit Card,2,FALSE,Delivered,8
ORD-04093,11-10-2024,CUST78809,Priya Reddy,38,Female,West,Ahmedabad,Sports,Dumbbells,10,4613.71,0.17,46058.67,8096.33,57.21,Credit Card,1,FALSE,Delivered,8
ORD-01793,03-05-2022,CUST72099,Aarav Das,44,Female,West,Mumbai,Furniture,Wardrobe,10,30639.28,0.33,305381.7,67740.72,51.84,UPI,1,FALSE,Delivered,4
ORD-01741,02-12-2022,CUST77934,Rahul Singh,42,Other,North,Amritsar,Sports,Tennis Racket,8,3604.43,0.14,28795.07,5019.11,45.29,Cash on Delivery,3,FALSE,Delivered,1
ORD-04012,29-09-2024,CUST14684,Aditya Gupta,34,Other,Central,Nagpur,Sports,Tennis Racket,2,14686.72,0.25,29300.01,7672.73,59.7,Net Banking,2,FALSE,Delivered,8
ORD-02250,09-08-2022,CUST89025,Priya Kumar,46,Female,West,Mumbai,Clothing,Saree,2,3788.19,0.2,7561.23,2213.1,65.7,Net Banking,3,FALSE,Pending,8
ORD-01419,10-01-2021,CUST19497,Vikram Mehta,34,Male,West,Ahmedabad,Sports,Football,9,14766.84,0.35,132436.4,16949.03,34.32,UPI,5,FALSE,Delivered,10
ORD-01546,23-11-2021,CUST16135,Nikhil Singh,39,Female,Central,Indore,Furniture,Wardrobe,8,29381.66,0.22,234536.16,32492.98,48.89,UPI,1,FALSE,Delivered,3
ORD-02539,01-07-2023,CUST20162,Deepa Nair,32,Female,South,Bangalore,Groceries,Sugar,9,314.07,0.33,2817.3,125.71,61.79,UPI,1,FALSE,Delivered,2
ORD-02364,18-10-2022,CUST13899,Rohan Mishra,40,Male,South,Hyderabad,Groceries,Cooking Oil,1,480.83,0.03,480.69,28.39,66.81,EMI,2,TRUE,Returned,10
ORD-04188,26-12-2024,CUST03222,Pooja Bhat,34,Other,Central,Bhopal,Furniture,Chair,10,21965.61,0.25,219106.96,51299.09,54.26,Net Banking,1,TRUE,Returned,10
ORD-01004,31-03-2021,CUST99373,Kavya Nair,67,Male,Central,Raipur,Groceries,Dal (1Kg),3,205.29,0,615.87,44.95,36.41,Net Banking,1,FALSE,Delivered,6
ORD-04020,10-07-2024,CUST94098,Deepa Iyer,43,Other,South,Hyderabad,Books,Self-Help Book,7,1255.05,0.06,8780.08,4389.61,46.86,Debit Card,5,FALSE,Cancelled,10
ORD-02496,19-12-2022,CUST46384,Pooja Pillai,27,Male,North,Chandigarh,Electronics,Tablet,9,35439.71,0.1,318638.43,27911.46,45.64,Net Banking,5,FALSE,Shipped,6
ORD-01843,26-03-2022,CUST28515,Nikhil Singh,29,Male,East,Guwahati,Furniture,Bed Frame,2,7344.48,0.18,14662.52,4347.31,74.59,Cash on Delivery,5,FALSE,Delivered,4
ORD-03784,07-04-2024,CUST30184,Meera Bhat,36,Other,West,Pune,Clothing,Jacket,6,3443.27,0.34,20589.38,6106.27,43.69,EMI,3,FALSE,Delivered,4
ORD-03869,08-05-2024,CUST15668,Nisha Bhat,17,Male,East,Kolkata,Beauty,Hair Oil,3,1163.57,0.3,3480.24,1296.23,79.7,Credit Card,1,FALSE,Delivered,7
ORD-03225,26-10-2023,CUST29656,Amit Bhat,30,Female,West,Mumbai,Clothing,Saree,8,763.91,0.37,6088.67,1673.43,53.43,UPI,3,FALSE,Delivered,6
ORD-02042,18-06-2022,CUST37864,Sanjay Kapoor,49,Other,South,Hyderabad,Sports,Cycle,1,3118.43,0.23,3111.26,1157.76,70.54,Credit Card,4,FALSE,Delivered,3
ORD-01184,16-06-2021,CUST45729,Ananya Mishra,31,Female,East,Patna,Books,Biography,8,1312.46,0.07,10492.33,6179.92,55.66,EMI,3,FALSE,Delivered,7
ORD-00366,06-05-2020,CUST37493,Aditya Iyer,34,Male,South,Bangalore,Books,Self-Help Book,8,1191.17,0.39,9492.2,3452.54,91.97,Net Banking,5,FALSE,Shipped,2
ORD-01921,29-04-2022,CUST32688,Ananya Mehta,16,Male,East,Kolkata,Books,Textbook,7,331.77,0.38,2313.56,587.87,93.29,Credit Card,3,FALSE,Delivered,2
ORD-04105,17-11-2024,CUST23063,Rohan Rao,33,Other,East,Patna,Sports,Tennis Racket,8,10030.91,0.02,80231.23,15466.13,100.02,EMI,3,FALSE,Delivered,3
ORD-02946,30-06-2023,CUST34949,Sunita Sharma,29,Other,East,Bhubaneswar,Books,Comic Book,6,1028.79,0.32,6152.99,441.92,77.01,Credit Card,3,TRUE,Returned,3
ORD-03807,13-07-2024,CUST40435,Aditya Singh,34,Male,East,Guwahati,Groceries,Cooking Oil,10,263.05,0.28,2623.13,252.71,60.29,Net Banking,4,FALSE,Delivered,9
ORD-02692,13-03-2023,CUST16083,Aditya Singh,40,Female,East,Patna,Groceries,Dal (1Kg),5,83.39,0.13,416.41,48.88,72.28,Cash on Delivery,5,FALSE,Delivered,8
ORD-02324,06-10-2022,CUST50408,Priya Nair,44,Female,North,Chandigarh,Electronics,Headphones,10,66222.83,0.39,659645.61,37488.21,35.08,Credit Card,3,FALSE,Delivered,9
ORD-01839,26-03-2022,CUST27694,Arjun Shah,21,Male,South,Kochi,Clothing,Jeans,3,3430.47,0.17,10273.91,4466.86,69.55,EMI,2,FALSE,Delivered,1
ORD-01917,28-04-2022,CUST61040,Aditya Sharma,21,Male,West,Ahmedabad,Groceries,Flour,9,150.66,0.3,1351.87,82.84,30.25,EMI,5,FALSE,Delivered,4
ORD-01495,11-02-2021,CUST79339,Karan Nair,48,Other,South,Chennai,Furniture,Wardrobe,3,22015.61,0.33,65828.88,5647.61,67.29,Credit Card,5,FALSE,Delivered,9
ORD-01756,17-02-2022,CUST12665,Pooja Sharma,35,Other,Central,Raipur,Furniture,Bed Frame,1,28755.19,0.03,28746.56,5824.34,35.93,EMI,4,FALSE,Delivered,4
ORD-01151,31-05-2021,CUST42604,Arjun Joshi,45,Female,East,Patna,Clothing,Kurta,1,708.87,0.04,708.59,364.6,69.26,EMI,1,FALSE,Delivered,6
ORD-02820,05-09-2023,CUST01567,Priya Verma,34,Male,East,Bhubaneswar,Sports,Football,5,635.13,0.28,3166.76,756.53,93.5,Debit Card,3,FALSE,Delivered,8
ORD-01285,08-02-2021,CUST48631,Deepa Singh,31,Male,South,Chennai,Furniture,Sofa,10,14508.49,0.22,144765.71,50893.66,54.2,EMI,5,FALSE,Delivered,9
ORD-04185,25-12-2024,CUST09877,Nisha Mehta,11,Male,South,Bangalore,Clothing,Kurta,6,914.9,0.29,5473.48,1511.38,91.61,Credit Card,5,FALSE,Shipped,6
ORD-01599,14-12-2021,CUST93504,Rahul Kumar,40,Male,West,Surat,Groceries,Sugar,1,324.69,0.21,324.01,15.34,67.29,UPI,4,TRUE,Returned,6
ORD-03535,15-03-2024,CUST89629,Ananya Joshi,30,Other,South,Bangalore,Books,Biography,4,840.47,0.24,3353.81,1532.51,78.49,Credit Card,3,FALSE,Delivered,8
ORD-01314,14-08-2021,CUST47839,Rahul Patel,32,Other,North,Amritsar,Electronics,Laptop,5,69893.85,0.26,348560.63,30513.58,59.78,Cash on Delivery,1,FALSE,Shipped,7
ORD-03944,28-08-2024,CUST94187,Shreya Iyer,43,Other,North,Delhi,Groceries,Rice (5Kg),6,294,0.01,1763.82,189.51,46.01,Credit Card,3,FALSE,Delivered,10
ORD-01959,16-05-2022,CUST38124,Amit Sharma,48,Female,South,Hyderabad,Beauty,Shampoo,1,2120.93,0.22,2116.26,882.31,64.27,Debit Card,5,FALSE,Delivered,5
ORD-00483,08-01-2020,CUST65437,Deepa Verma,20,Female,Central,Bhopal,Beauty,Shampoo,7,1269.11,0.2,8866,3040.64,22.45,Net Banking,3,FALSE,Delivered,5
ORD-02595,02-01-2023,CUST96722,Pooja Iyer,47,Other,West,Mumbai,Furniture,Sofa,4,23419.55,0.31,93387.8,24893.16,60.16,Cash on Delivery,3,FALSE,Shipped,10
ORD-02128,24-07-2022,CUST18334,Sanjay Kumar,34,Male,North,Chandigarh,Groceries,Cooking Oil,7,371.4,0.26,2593.04,304.02,51.93,Net Banking,1,TRUE,Returned,6
ORD-03386,01-04-2024,CUST80775,Ritu Kumar,63,Female,Central,Nagpur,Beauty,Sunscreen,4,2223.64,0.15,8881.22,3524.54,33.24,EMI,2,FALSE,Delivered,9
ORD-02283,19-09-2022,CUST06888,Ananya Chatterjee,44,Male,South,Kochi,Clothing,Dress,8,598.22,0.37,4768.05,1290.64,67.18,UPI,5,FALSE,Delivered,7
ORD-03743,19-06-2024,CUST19488,Arjun Singh,39,Male,South,Kochi,Books,Biography,10,483.9,0.06,4836.1,3499.59,70.77,EMI,3,FALSE,Shipped,6
ORD-01955,14-05-2022,CUST76793,Arjun Iyer,28,Male,Central,Bhopal,Electronics,Smartwatch,4,17943.13,0.05,71736.63,10497.7,76.28,Debit Card,5,FALSE,Delivered,5
ORD-00903,02-09-2021,CUST30562,Shreya Bose,46,Female,West,Mumbai,Groceries,Flour,6,442.45,0.28,2647.27,144.22,60.22,EMI,2,FALSE,Cancelled,1
ORD-03047,08-11-2023,CUST16193,Kavya Kapoor,34,Other,North,Chandigarh,Sports,Tennis Racket,10,12222.2,0.28,121879.78,28537.32,26.86,Debit Card,5,FALSE,Delivered,8
ORD-02998,21-07-2023,CUST44251,Amit Bose,38,Female,North,Delhi,Sports,Cycle,7,14576.84,0.04,101997.06,34015.33,54.66,Credit Card,3,FALSE,Shipped,4
ORD-01779,28-02-2022,CUST52985,Karan Mehta,12,Female,East,Patna,Furniture,Desk,6,9814.26,0.23,58750.12,8877.95,54.67,UPI,1,TRUE,Returned,8
ORD-00832,15-01-2021,CUST36178,Shreya Reddy,43,Male,South,Bangalore,Furniture,Sofa,10,15368.38,0.3,153222.75,25001.12,71.29,UPI,2,FALSE,Delivered,6
ORD-02180,13-08-2022,CUST97256,Sanjay Sharma,50,Male,North,Ludhiana,Electronics,Laptop,6,6117.71,0.16,36647.53,4428.08,28.16,Debit Card,3,FALSE,Shipped,4
ORD-03884,08-09-2024,CUST63006,Karan Bose,36,Other,Central,Indore,Groceries,Flour,2,66.77,0.01,133.53,11.57,50.95,Cash on Delivery,3,FALSE,Delivered,8
ORD-00650,17-10-2020,CUST76163,Karan Reddy,34,Other,South,Hyderabad,Sports,Cricket Bat,6,8844.24,0.17,52975.23,12774.01,53.01,Credit Card,4,FALSE,Delivered,1
ORD-00328,22-05-2020,CUST60147,Pooja Nair,33,Other,North,Amritsar,Electronics,Smartwatch,9,45918.69,0.29,412069.73,29447.82,48.88,Net Banking,4,FALSE,Delivered,6
ORD-02273,15-09-2022,CUST71816,Nisha Verma,36,Female,Central,Nagpur,Books,Textbook,9,1131.92,0.12,10175.06,3680.22,39.84,EMI,3,FALSE,Delivered,7
ORD-01865,04-02-2022,CUST36542,Sanjay Bhat,44,Female,North,Chandigarh,Electronics,Laptop,6,8309.27,0.28,49716.02,6755.64,53.74,Debit Card,5,FALSE,Delivered,8
ORD-03447,02-04-2024,CUST05925,Aditya Kapoor,53,Female,North,Amritsar,Clothing,Kurta,9,1260.16,0.29,11308.55,1885.34,43.16,Debit Card,3,FALSE,Delivered,3
ORD-01126,24-05-2021,CUST35386,Meera Sharma,43,Female,North,Ludhiana,Clothing,Jeans,7,2698.4,0.21,18849.13,9129.7,40.03,UPI,4,FALSE,Delivered,4
ORD-01509,11-09-2021,CUST01750,Nikhil Pillai,49,Male,West,Mumbai,Beauty,Face Cream,2,1889.82,0.31,3767.92,602,54.82,EMI,5,FALSE,Delivered,6
ORD-00301,05-11-2020,CUST15889,Sunita Chatterjee,26,Female,Central,Raipur,Electronics,Headphones,8,40911.48,0.09,326997.28,40799.74,67.15,Debit Card,1,FALSE,Delivered,4
ORD-01048,20-04-2021,CUST60742,Aarav Nair,45,Other,North,Delhi,Sports,Yoga Mat,9,11805.28,0.27,105960.65,29866.83,49.92,Cash on Delivery,1,FALSE,Delivered,8
ORD-00261,24-04-2020,CUST73139,Ananya Iyer,34,Female,South,Chennai,Sports,Tennis Racket,2,3013.7,0.11,6020.77,1988.95,55.35,UPI,1,FALSE,Delivered,10
ORD-02272,14-09-2022,CUST73221,Deepa Patel,28,Male,North,Chandigarh,Beauty,Sunscreen,10,537.83,0.23,5365.93,2340.29,51.8,Net Banking,5,FALSE,Delivered,10
ORD-03533,15-03-2024,CUST80821,Nisha Pillai,27,Other,South,Hyderabad,Beauty,Lipstick,3,1642.41,0.08,4923.29,2075.45,71.2,UPI,3,TRUE,Returned,5
ORD-01909,24-04-2022,CUST04537,Meera Sharma,37,Other,North,Amritsar,Books,Cook Book,10,549.69,0.15,5488.65,2818.11,41.87,EMI,2,TRUE,Returned,5
ORD-01080,05-03-2021,CUST75006,Aditya Mehta,38,Female,Central,Nagpur,Beauty,Sunscreen,9,1894.31,0.16,17021.51,10031.98,58.22,EMI,4,FALSE,Pending,4
ORD-00480,31-07-2020,CUST64893,Nikhil Kumar,41,Female,West,Surat,Beauty,Sunscreen,1,765.68,0.21,764.07,338.31,66.83,Cash on Delivery,4,FALSE,Delivered,1
ORD-03883,08-09-2024,CUST62193,Aarav Kumar,45,Female,Central,Raipur,Electronics,Smartwatch,9,15767.46,0.02,141878.76,22958.1,44.62,Credit Card,3,TRUE,Returned,6
ORD-01340,24-08-2021,CUST16922,Deepa Gupta,32,Female,South,Chennai,Beauty,Hair Oil,4,154.86,0.33,617.4,235.99,64.4,Debit Card,3,FALSE,Delivered,7
ORD-02424,14-11-2022,CUST76878,Deepa Chatterjee,25,Other,South,Kochi,Clothing,Dress,7,1668.16,0.14,11660.77,2178.68,85.58,UPI,3,FALSE,Delivered,7
ORD-00513,14-08-2020,CUST92623,Deepa Kapoor,44,Male,North,Delhi,Clothing,Kurta,8,310.3,0.25,2476.19,737.69,67.74,Credit Card,2,FALSE,Delivered,1
ORD-00871,31-01-2021,CUST03293,Nikhil Singh,56,Other,West,Ahmedabad,Clothing,Jeans,9,3487.25,0.28,31297.37,4665.95,82.7,Cash on Delivery,3,FALSE,Pending,1
ORD-03951,31-08-2024,CUST33825,Shreya Pillai,50,Other,South,Bangalore,Furniture,Bed Frame,10,26635.98,0.06,266199.98,78146.62,68.75,UPI,3,FALSE,Pending,1
ORD-02460,12-03-2022,CUST99353,Kavya Patel,53,Other,South,Kochi,Furniture,Sofa,8,18080.06,0.05,144568.16,35354.74,73.79,Credit Card,4,FALSE,Pending,8
ORD-03672,14-05-2024,CUST50417,Ananya Pillai,31,Female,West,Surat,Groceries,Dal (1Kg),9,452.08,0.37,4053.67,347.56,25.04,EMI,3,TRUE,Returned,8
ORD-01900,19-04-2022,CUST41577,Aditya Pillai,44,Other,West,Ahmedabad,Electronics,Tablet,4,77381.07,0.18,308967.14,37606.07,56.99,Net Banking,4,FALSE,Delivered,6
ORD-01401,24-09-2021,CUST40146,Sanjay Mehta,22,Female,South,Bangalore,Beauty,Lipstick,6,669.59,0.13,4012.32,1841.16,75.65,Net Banking,3,FALSE,Delivered,9
ORD-02311,10-01-2022,CUST01001,Karan Sharma,44,Male,North,Amritsar,Furniture,Bed Frame,3,27210.05,0.19,81475.05,17708.26,59.37,Net Banking,2,FALSE,Delivered,3
ORD-02582,27-01-2023,CUST82185,Ananya Shah,34,Male,North,Ludhiana,Groceries,Dal (1Kg),7,339.27,0.26,2368.72,86.12,73.68,Credit Card,1,FALSE,Delivered,4
ORD-01062,26-04-2021,CUST17327,Deepa Patel,35,Female,Central,Indore,Beauty,Face Cream,7,2147.13,0.14,15008.87,7449.79,44.3,EMI,1,TRUE,Returned,6
ORD-03522,03-10-2024,CUST10582,Vikram Joshi,28,Other,North,Chandigarh,Clothing,Jeans,3,1169.59,0.08,3505.96,1679.66,39.22,Credit Card,3,FALSE,Cancelled,9
ORD-03523,03-10-2024,CUST64913,Deepa Shah,25,Male,East,Bhubaneswar,Beauty,Lipstick,8,2047.88,0.33,16328.98,7218,91.61,UPI,4,FALSE,Delivered,7
ORD-02775,16-04-2023,CUST34245,Kavya Singh,24,Other,Central,Raipur,Groceries,Rice (5Kg),9,116.77,0.32,1047.57,79.45,52.95,Debit Card,3,FALSE,Delivered,1
ORD-01134,27-05-2021,CUST08345,Deepa Bhat,46,Female,West,Pune,Clothing,T-Shirt,1,1888.98,0.35,1882.37,657.59,53.7,Credit Card,2,FALSE,Delivered,7
ORD-00802,30-12-2020,CUST38432,Rahul Joshi,23,Female,Central,Nagpur,Sports,Cricket Bat,3,642.91,0.33,1922.37,176.34,61.52,Debit Card,2,TRUE,Returned,6
ORD-02178,08-12-2022,CUST85408,Nisha Chatterjee,64,Female,South,Bangalore,Books,Biography,5,923.72,0.19,4609.82,2749.25,63.68,Net Banking,2,TRUE,Returned,1
ORD-01815,15-03-2022,CUST92618,Amit Pillai,44,Other,North,Chandigarh,Clothing,Saree,2,348.61,0.37,694.64,156.44,76.85,EMI,3,FALSE,Delivered,6
ORD-00510,14-08-2020,CUST90008,Deepa Nair,39,Other,North,Amritsar,Groceries,Dal (1Kg),7,406.08,0.37,2832.04,109.82,1.6,Credit Card,5,FALSE,Delivered,7
ORD-02457,12-01-2022,CUST32217,Rohan Reddy,24,Female,East,Patna,Sports,Yoga Mat,3,8281.49,0.28,24774.91,4700.02,73.15,UPI,3,FALSE,Delivered,2
ORD-03632,28-04-2024,CUST07289,Priya Gupta,26,Female,East,Patna,Groceries,Flour,2,180.86,0.04,361.58,40.04,88.04,Credit Card,4,FALSE,Delivered,5
ORD-00725,29-11-2020,CUST53613,Sanjay Mishra,40,Male,West,Ahmedabad,Groceries,Rice (5Kg),7,486.89,0.23,3400.39,122.41,56.74,Debit Card,5,FALSE,Delivered,4
ORD-03726,13-06-2024,CUST30497,Aarav Rao,47,Other,South,Chennai,Beauty,Face Cream,4,1180.84,0.39,4704.94,3098.15,55.9,EMI,3,FALSE,Delivered,6
ORD-01856,31-03-2022,CUST17816,Nisha Das,22,Other,East,Guwahati,Electronics,Laptop,9,51210.29,0.26,459694.29,47793.41,80.02,EMI,3,FALSE,Delivered,7
ORD-03831,23-07-2024,CUST20981,Pooja Gupta,37,Male,West,Ahmedabad,Sports,Cricket Bat,1,9065.16,0.15,9051.56,2690,73.71,Net Banking,4,FALSE,Delivered,4
ORD-01745,14-02-2022,CUST00928,Arjun Shah,64,Other,Central,Bhopal,Furniture,Desk,9,20253.5,0.07,182153.9,57254.45,53.7,UPI,3,FALSE,Delivered,2
ORD-00067,25-01-2020,CUST86021,Vikram Rao,49,Female,Central,Nagpur,Beauty,Sunscreen,4,969.74,0.21,3870.81,1113.65,41.6,UPI,2,FALSE,Delivered,6
ORD-00761,12-11-2020,CUST55772,Priya Reddy,27,Other,South,Kochi,Groceries,Flour,10,315.3,0.29,3143.86,111.69,63.67,Debit Card,2,FALSE,Cancelled,3
ORD-01397,22-09-2021,CUST70416,Pooja Reddy,46,Other,Central,Bhopal,Books,Cook Book,3,1314.32,0.37,3928.37,1110.89,44.79,Cash on Delivery,3,FALSE,Pending,5
ORD-01622,26-12-2021,CUST32470,Deepa Rao,44,Male,Central,Raipur,Clothing,Kurta,7,2270,0.09,15875.7,3221.05,55.24,Cash on Delivery,5,FALSE,Delivered,8
ORD-00611,29-09-2020,CUST98921,Pooja Joshi,54,Male,South,Kochi,Furniture,Sofa,10,2744.45,0.38,27340.21,7107.97,63.51,Cash on Delivery,4,FALSE,Delivered,1
ORD-00679,11-03-2020,CUST52083,Sunita Reddy,37,Other,East,Patna,Beauty,Perfume,9,1906.76,0.36,17099.06,3960.36,91.4,Net Banking,4,FALSE,Shipped,5
ORD-02788,21-04-2023,CUST95526,Karan Sharma,43,Male,North,Ludhiana,Sports,Yoga Mat,1,3242.71,0.34,3231.68,605.12,37.04,Cash on Delivery,3,FALSE,Delivered,2
ORD-00373,06-08-2020,CUST27217,Nisha Gupta,34,Male,Central,Raipur,Furniture,Desk,4,26538.28,0.28,105855.89,35173.48,70.37,UPI,3,FALSE,Delivered,5
ORD-02159,08-04-2022,CUST82127,Vikram Joshi,20,Female,West,Surat,Beauty,Shampoo,6,2223.4,0.39,13288.37,4822.67,54.1,UPI,1,FALSE,Delivered,1
ORD-02125,24-07-2022,CUST56134,Pooja Nair,33,Other,Central,Bhopal,Groceries,Dal (1Kg),4,63.82,0.37,254.34,22.21,49.45,UPI,4,TRUE,Returned,10
ORD-03360,25-12-2023,CUST69375,Pooja Verma,37,Male,East,Kolkata,Electronics,Headphones,3,24262.65,0.02,72773.39,9960.87,61.25,Net Banking,2,FALSE,Delivered,10
ORD-02119,22-07-2022,CUST07014,Rohan Iyer,21,Other,Central,Raipur,Sports,Cycle,5,11099.1,0.05,55467.75,21389.61,42.92,EMI,2,FALSE,Delivered,7
ORD-02350,13-10-2022,CUST49485,Sanjay Verma,47,Other,West,Surat,Groceries,Flour,2,463.54,0.14,925.78,62.99,75.64,Net Banking,5,FALSE,Delivered,2
ORD-01153,06-01-2021,CUST24181,Vikram Chatterjee,57,Other,North,Chandigarh,Furniture,Desk,7,16753.46,0.32,116898.94,36178.46,49.72,UPI,1,FALSE,Delivered,4
ORD-01716,02-02-2022,CUST37025,Nikhil Joshi,36,Other,North,Ludhiana,Sports,Cricket Bat,3,1355.28,0.1,4061.77,631.16,55.05,Debit Card,3,FALSE,Delivered,3
ORD-03983,09-12-2024,CUST90035,Kavya Nair,34,Other,East,Patna,Electronics,Camera,1,52760.05,0.27,52617.6,6374.3,69.78,Cash on Delivery,3,FALSE,Delivered,5
ORD-00243,16-04-2020,CUST09436,Deepa Nair,30,Male,South,Hyderabad,Clothing,Dress,3,995.86,0.13,2983.7,919.54,83.09,Debit Card,2,TRUE,Returned,3
ORD-03502,02-03-2024,CUST00188,Arjun Kumar,39,Other,East,Patna,Books,Textbook,4,838.86,0.21,3348.39,1699.36,91.38,UPI,5,FALSE,Delivered,1
ORD-00215,04-04-2020,CUST24370,Priya Bhat,32,Male,North,Amritsar,Groceries,Cooking Oil,4,274.86,0.34,1095.7,64.05,67.36,UPI,2,FALSE,Delivered,2
ORD-01261,23-07-2021,CUST72026,Aarav Bose,42,Other,East,Guwahati,Electronics,Smartwatch,6,69372.74,0.32,414904.48,9165.4,102.31,Net Banking,3,FALSE,Delivered,8
ORD-02213,24-08-2022,CUST26490,Arjun Bhat,28,Female,East,Guwahati,Electronics,Headphones,1,51058.89,0.38,50864.87,5436.55,71.72,Net Banking,2,TRUE,Returned,5
ORD-00453,19-07-2020,CUST16095,Sunita Das,14,Female,West,Ahmedabad,Clothing,T-Shirt,5,526.99,0.37,2625.2,931.96,36.77,Debit Card,2,FALSE,Delivered,5
ORD-03933,25-08-2024,CUST65920,Vikram Bose,30,Female,North,Amritsar,Furniture,Desk,5,5015.22,0.23,25018.42,9170.82,35.02,EMI,3,FALSE,Delivered,10
ORD-01380,15-09-2021,CUST11106,Rohan Reddy,37,Female,West,Surat,Beauty,Sunscreen,6,386.4,0.05,2317.24,1189.61,40.66,Credit Card,1,FALSE,Delivered,10
ORD-02865,30-05-2023,CUST23967,Kavya Shah,19,Male,East,Patna,Electronics,Smartphone,1,11340.22,0.33,11302.8,1893.42,112.08,Credit Card,3,FALSE,Shipped,5
ORD-00424,07-06-2020,CUST80538,Rahul Kumar,50,Other,West,Surat,Beauty,Face Cream,8,122.16,0.04,976.89,624.96,78.74,Credit Card,1,FALSE,Delivered,8
ORD-01795,03-06-2022,CUST84855,Vikram Reddy,37,Female,North,Chandigarh,Beauty,Shampoo,1,2287.88,0.13,2284.91,984.29,61,Cash on Delivery,3,FALSE,Delivered,10
ORD-02149,08-01-2022,CUST84198,Priya Pillai,15,Female,South,Hyderabad,Sports,Football,3,7029.88,0,21089.64,7677.44,83.89,EMI,2,FALSE,Shipped,10
ORD-01333,20-08-2021,CUST98551,Aarav Verma,43,Female,East,Patna,Beauty,Face Cream,7,2072.71,0.36,14456.74,4495.73,76.63,UPI,5,FALSE,Delivered,9
ORD-02981,15-07-2023,CUST16972,Amit Singh,59,Other,East,Kolkata,Groceries,Dal (1Kg),1,420.19,0.04,420.02,70.71,40.34,Cash on Delivery,3,FALSE,Delivered,4
ORD-02677,03-04-2023,CUST29585,Kavya Singh,28,Female,Central,Indore,Groceries,Tea,7,493.14,0.07,3449.56,366.06,60.87,Net Banking,3,FALSE,Shipped,2
ORD-01720,02-05-2022,CUST86385,Priya Pillai,25,Other,Central,Raipur,Sports,Dumbbells,5,5502.6,0.01,27510.25,8865.25,65.01,Cash on Delivery,4,FALSE,Delivered,4
ORD-01918,28-04-2022,CUST04256,Ananya Bhat,35,Male,South,Bangalore,Electronics,Smartphone,6,39743.58,0.06,238318.4,32188.69,78.1,UPI,5,FALSE,Delivered,6
ORD-01679,19-01-2022,CUST27192,Karan Pillai,36,Female,South,Hyderabad,Books,Textbook,7,903.3,0.22,6309.19,1984.59,55.08,UPI,2,FALSE,Delivered,3
ORD-00076,29-01-2020,CUST67944,Vikram Singh,13,Other,Central,Indore,Sports,Dumbbells,2,13459.3,0.24,26854,2829,42.24,UPI,1,FALSE,Delivered,4
ORD-00684,11-06-2020,CUST61978,Sanjay Kumar,39,Other,Central,Indore,Beauty,Face Cream,3,1239.17,0.37,3703.76,768.1,50.76,UPI,3,FALSE,Delivered,5
ORD-01786,03-03-2022,CUST84190,Rohan Kapoor,26,Male,East,Bhubaneswar,Beauty,Shampoo,5,2389.78,0.27,11916.64,4445.3,88.28,Credit Card,1,FALSE,Delivered,6
ORD-03011,27-07-2023,CUST93010,Deepa Singh,35,Female,South,Hyderabad,Sports,Dumbbells,10,14369.58,0.19,143422.78,43778.31,70.01,UPI,2,FALSE,Delivered,3
ORD-01092,08-05-2021,CUST67703,Karan Kapoor,41,Male,South,Chennai,Groceries,Sugar,7,299.11,0.28,2087.91,148.75,87.79,Cash on Delivery,5,FALSE,Delivered,6
ORD-03226,27-10-2023,CUST57729,Pooja Bhat,47,Male,Central,Bhopal,Sports,Dumbbells,10,4956.92,0.26,49440.32,10028.06,55.21,EMI,2,FALSE,Delivered,6
ORD-00935,26-02-2021,CUST09173,Shreya Kumar,32,Female,North,Amritsar,Furniture,Bed Frame,3,26021.42,0.06,78017.42,15110.03,29.22,Credit Card,3,FALSE,Delivered,1
ORD-01506,06-11-2021,CUST86212,Priya Chatterjee,27,Male,East,Patna,Books,Comic Book,9,1191.62,0.33,10689.19,2138.66,54.25,Net Banking,2,FALSE,Cancelled,7
ORD-01833,24-03-2022,CUST97409,Shreya Patel,27,Female,South,Hyderabad,Books,Biography,5,845.02,0.38,4209.04,1423.14,65.17,EMI,3,FALSE,Delivered,7
ORD-02179,13-08-2022,CUST70183,Rahul Sharma,34,Male,South,Chennai,Clothing,Jeans,7,838.11,0.21,5854.45,2068.64,74.48,EMI,4,FALSE,Delivered,4
ORD-02086,07-08-2022,CUST76981,Vikram Sharma,32,Male,West,Ahmedabad,Furniture,Wardrobe,4,34455.3,0.15,137614.47,53474.69,73.85,Cash on Delivery,1,FALSE,Delivered,8
ORD-01994,30-05-2022,CUST77542,Kavya Kumar,29,Female,North,Delhi,Beauty,Shampoo,1,737.47,0.08,736.88,502.12,86.32,Net Banking,3,FALSE,Delivered,10
ORD-02640,16-02-2023,CUST79657,Vikram Nair,34,Male,South,Chennai,Clothing,Jeans,10,1075.33,0.06,10746.85,3323.08,58.54,EMI,2,FALSE,Delivered,1
ORD-00666,28-10-2020,CUST11287,Shreya Shah,26,Female,North,Delhi,Sports,Cycle,5,1900.51,0.24,9479.74,1237.06,31.46,Credit Card,1,FALSE,Delivered,10
ORD-01446,15-10-2021,CUST71072,Aarav Chatterjee,34,Male,West,Mumbai,Books,Biography,10,521.91,0.13,5212.32,1720.46,41.86,Debit Card,2,FALSE,Delivered,7
ORD-01573,12-04-2021,CUST89799,Priya Iyer,43,Male,East,Guwahati,Groceries,Tea,6,479.7,0.21,2872.16,138.58,81.02,Debit Card,1,FALSE,Delivered,4
ORD-02177,08-12-2022,CUST13161,Sanjay Pillai,26,Male,Central,Nagpur,Sports,Tennis Racket,3,13900.23,0.06,41675.67,12908.85,55.5,Credit Card,5,FALSE,Delivered,3
ORD-01727,02-08-2022,CUST59056,Sanjay Chatterjee,48,Other,West,Pune,Groceries,Dal (1Kg),9,220.51,0.21,1980.42,156.87,75.94,Debit Card,1,TRUE,Returned,2
ORD-01816,15-03-2022,CUST09358,Pooja Verma,47,Female,East,Kolkata,Clothing,Dress,4,2706.32,0.18,10805.79,804.13,91.14,Credit Card,3,FALSE,Shipped,7
ORD-01231,07-10-2021,CUST41296,Arjun Bhat,48,Female,South,Bangalore,Clothing,Saree,2,796.71,0.25,1589.44,494.29,79.43,EMI,1,FALSE,Shipped,7
ORD-03928,23-08-2024,CUST93025,Vikram Pillai,34,Female,West,Surat,Books,Cook Book,9,545.35,0.1,4903.24,2838.94,63.95,Debit Card,2,TRUE,Returned,4
ORD-00949,03-06-2021,CUST62789,Nikhil Nair,22,Female,East,Guwahati,Sports,Football,1,12745.08,0.04,12739.98,3273.37,95.74,UPI,3,TRUE,Returned,1
ORD-02969,07-08-2023,CUST90919,Meera Pillai,39,Male,South,Chennai,Electronics,Tablet,10,75218.46,0.11,751357.2,126516.22,87.54,Credit Card,5,FALSE,Delivered,6
ORD-02219,26-08-2022,CUST79612,Meera Bose,55,Other,South,Kochi,Clothing,Dress,3,2275.89,0.37,6802.41,2003.88,91.14,Credit Card,2,FALSE,Pending,8
ORD-00356,06-02-2020,CUST08599,Priya Gupta,35,Male,Central,Indore,Beauty,Sunscreen,9,1088.49,0.18,9778.78,3831.73,58.48,Credit Card,1,FALSE,Delivered,6
ORD-01691,24-01-2022,CUST25926,Sunita Joshi,47,Other,Central,Indore,Clothing,Jeans,9,2676.81,0.06,24076.84,6907.31,80.49,Debit Card,1,FALSE,Delivered,7
ORD-01320,16-08-2021,CUST49427,Nisha Bhat,27,Other,East,Bhubaneswar,Clothing,Saree,5,1016.27,0.31,5065.6,996.28,80.84,UPI,3,FALSE,Delivered,8
ORD-03846,29-07-2024,CUST69930,Vikram Kapoor,58,Male,South,Bangalore,Sports,Football,3,14603.58,0.26,43696.83,10463.09,56.67,Credit Card,2,FALSE,Delivered,7
ORD-02738,31-03-2023,CUST25037,Shreya Joshi,40,Other,North,Chandigarh,Electronics,Tablet,6,51056.11,0.12,305969.06,46670.71,55.16,UPI,3,TRUE,Returned,6
ORD-00448,16-07-2020,CUST82556,Kavya Verma,45,Other,Central,Raipur,Groceries,Tea,3,338.27,0.21,1012.68,91.98,65.89,Debit Card,3,FALSE,Pending,1
ORD-02008,06-04-2022,CUST38535,Ritu Chatterjee,24,Female,North,Ludhiana,Books,Comic Book,5,1362.67,0.35,6789.5,3271.94,53.41,Net Banking,2,FALSE,Delivered,7
ORD-03723,06-12-2024,CUST40746,Meera Nair,33,Other,North,Ludhiana,Furniture,Desk,8,24394.07,0.35,194469.53,52364.3,37.42,Cash on Delivery,1,FALSE,Delivered,2
ORD-02685,03-10-2023,CUST44671,Aditya Pillai,22,Female,North,Delhi,Clothing,Kurta,9,2747.04,0.29,24651.66,7428.62,39.99,Net Banking,3,FALSE,Cancelled,7
ORD-00057,21-01-2020,CUST26450,Pooja Joshi,34,Other,South,Chennai,Groceries,Rice (5Kg),10,104.12,0.32,1037.87,20.12,81.05,Debit Card,4,FALSE,Shipped,7
ORD-00856,25-01-2021,CUST85777,Aditya Kumar,28,Other,Central,Nagpur,Sports,Cycle,4,11854.96,0,47419.84,9643.25,65.47,Net Banking,2,FALSE,Delivered,3
ORD-00932,25-02-2021,CUST66017,Nisha Chatterjee,35,Male,South,Bangalore,Electronics,Smartphone,4,40123,0.3,160010.52,10117.28,58.87,Net Banking,3,TRUE,Returned,10
ORD-03730,15-06-2024,CUST49008,Kavya Reddy,24,Male,East,Bhubaneswar,Electronics,Tablet,4,56393.82,0.37,224740.65,36073.62,49.73,UPI,2,FALSE,Delivered,10
ORD-04003,24-09-2024,CUST94541,Shreya Bose,42,Female,West,Mumbai,Beauty,Lipstick,7,1565.4,0.05,10952.32,6557.25,48.19,Net Banking,3,FALSE,Delivered,2
ORD-03393,01-08-2024,CUST78516,Ritu Shah,53,Male,East,Kolkata,Groceries,Flour,8,300.87,0.35,2398.54,134.52,86.63,Debit Card,2,FALSE,Cancelled,10
ORD-04140,12-04-2024,CUST10076,Sanjay Iyer,47,Male,Central,Raipur,Beauty,Shampoo,9,173.38,0.35,1554.96,355.07,33.17,Cash on Delivery,5,FALSE,Cancelled,10
ORD-02578,27-01-2023,CUST92230,Pooja Kapoor,40,Male,South,Bangalore,Clothing,Dress,8,3588.97,0.16,28665.82,6791.82,59.97,Net Banking,5,FALSE,Delivered,10
ORD-03991,19-09-2024,CUST26095,Aditya Reddy,31,Female,South,Chennai,Beauty,Face Cream,10,1064.73,0.23,10622.81,3730.48,58.78,Credit Card,2,FALSE,Cancelled,2
ORD-02080,07-06-2022,CUST66538,Rahul Pillai,50,Other,South,Bangalore,Furniture,Desk,5,33788.21,0.14,168704.53,61443.22,95.75,Cash on Delivery,3,TRUE,Returned,7
ORD-01603,15-12-2021,CUST45758,Sanjay Nair,25,Other,West,Pune,Beauty,Shampoo,4,2108.75,0.32,8408.01,1577.65,74.62,EMI,2,FALSE,Delivered,6
ORD-02170,08-09-2022,CUST83068,Kavya Shah,42,Other,Central,Nagpur,Books,Self-Help Book,3,969.7,0.1,2906.19,1386.74,44.19,Credit Card,1,FALSE,Delivered,4
ORD-00743,12-03-2020,CUST22966,Sunita Singh,34,Male,East,Guwahati,Furniture,Desk,9,29323.2,0.31,263090.68,30686.83,80.41,Debit Card,4,TRUE,Returned,5
ORD-03095,30-08-2023,CUST91267,Ritu Patel,27,Female,Central,Nagpur,Beauty,Perfume,10,427.76,0.04,4275.89,1801.67,67.38,UPI,5,FALSE,Delivered,1
ORD-02886,04-06-2023,CUST25210,Sanjay Kumar,38,Female,Central,Raipur,Groceries,Dal (1Kg),9,458.95,0.24,4120.64,539.3,58.47,UPI,2,TRUE,Returned,9
ORD-00810,01-06-2021,CUST91471,Pooja Gupta,18,Male,South,Kochi,Beauty,Perfume,2,586.74,0.39,1168.9,319.17,83.13,Credit Card,3,FALSE,Delivered,6
ORD-00595,24-09-2020,CUST82726,Karan Rao,15,Other,North,Amritsar,Electronics,Laptop,6,51445.76,0.28,307810.27,22619.43,67.8,Credit Card,2,FALSE,Delivered,5
ORD-01510,11-10-2021,CUST71235,Shreya Sharma,62,Female,South,Kochi,Groceries,Flour,2,331.43,0.15,661.87,21.42,54.3,UPI,2,FALSE,Delivered,4
ORD-00878,02-02-2021,CUST74864,Vikram Sharma,41,Female,North,Ludhiana,Groceries,Tea,1,409.48,0.32,408.17,21.85,52.01,UPI,5,FALSE,Cancelled,5
ORD-00381,06-11-2020,CUST02130,Ananya Verma,29,Male,West,Surat,Sports,Tennis Racket,7,9615.9,0.34,67082.44,13253.84,48.62,EMI,3,TRUE,Returned,8
ORD-02628,14-02-2023,CUST48700,Meera Bose,30,Male,Central,Nagpur,Electronics,Smartwatch,9,65519.43,0.23,588318.62,51648.1,68.64,Credit Card,1,TRUE,Returned,9
ORD-03708,06-02-2024,CUST22717,Pooja Das,44,Female,East,Kolkata,Clothing,Kurta,2,843.73,0.32,1682.06,660.61,92.53,UPI,5,FALSE,Delivered,10
ORD-02585,29-01-2023,CUST32210,Meera Das,33,Male,South,Bangalore,Groceries,Cooking Oil,3,443.89,0.01,1331.54,75.7,66.88,Cash on Delivery,4,FALSE,Delivered,9
ORD-01884,04-11-2022,CUST42306,Shreya Sharma,62,Female,West,Pune,Beauty,Perfume,7,519.13,0.35,3621.19,1514.19,82.54,Cash on Delivery,1,TRUE,Returned,9
ORD-02534,01-04-2023,CUST25928,Karan Sharma,36,Male,Central,Nagpur,Sports,Dumbbells,8,6382.18,0.37,50868.53,3931.39,52.42,UPI,1,TRUE,Returned,8
ORD-01827,19-03-2022,CUST19509,Kavya Nair,13,Other,Central,Raipur,Beauty,Lipstick,1,2486.96,0.3,2479.5,610.56,67.35,Credit Card,2,FALSE,Delivered,10
ORD-00829,15-01-2021,CUST78751,Rahul Chatterjee,42,Other,South,Chennai,Furniture,Desk,10,25214.06,0.36,251232.89,39084.78,68.52,Credit Card,5,TRUE,Returned,3
ORD-01220,07-04-2021,CUST25349,Kavya Iyer,27,Male,North,Ludhiana,Electronics,Laptop,5,42777.53,0.21,213438.49,27062.25,46.76,Debit Card,2,FALSE,Cancelled,6
ORD-03491,26-02-2024,CUST43868,Aarav Bhat,37,Male,South,Chennai,Groceries,Cooking Oil,10,150.97,0.35,1504.42,113.82,61.55,UPI,2,FALSE,Delivered,7
ORD-04191,26-12-2024,CUST42768,Nisha Singh,34,Female,West,Surat,Sports,Cycle,8,1646.28,0.25,13137.31,1643.93,58.56,Cash on Delivery,4,FALSE,Delivered,10
ORD-00307,13-05-2020,CUST09307,Meera Shah,27,Female,South,Hyderabad,Electronics,Camera,10,75021.17,0.13,749236.42,112520.6,68.07,EMI,1,TRUE,Returned,5
ORD-03600,15-04-2024,CUST20450,Shreya Shah,31,Female,Central,Nagpur,Sports,Cricket Bat,4,713.59,0.08,2852.08,957,84.62,Cash on Delivery,5,FALSE,Delivered,8
ORD-03857,08-03-2024,CUST13391,Shreya Sharma,53,Female,West,Mumbai,Furniture,Chair,8,26914.41,0.11,215078.43,79719.78,50.27,Credit Card,5,FALSE,Delivered,4
ORD-00507,13-08-2020,CUST46786,Aditya Shah,31,Other,South,Chennai,Sports,Yoga Mat,6,1678.96,0.12,10061.67,2148.34,65.84,Cash on Delivery,5,FALSE,Delivered,2
ORD-03454,02-06-2024,CUST89953,Karan Rao,46,Female,West,Ahmedabad,Furniture,Bookshelf,10,16254.1,0.26,162118.39,37227.54,70.22,UPI,3,FALSE,Delivered,1
ORD-00481,08-01-2020,CUST68644,Sunita Verma,19,Male,North,Amritsar,Clothing,Dress,9,2544.25,0.11,22873.06,7378.5,50.92,Net Banking,2,TRUE,Returned,2
ORD-00609,29-09-2020,CUST16346,Pooja Patel,55,Female,West,Surat,Electronics,Camera,1,22610.21,0.08,22592.12,2517.07,48.04,Net Banking,4,FALSE,Delivered,5
ORD-02905,06-10-2023,CUST02847,Sunita Pillai,34,Female,Central,Bhopal,Clothing,Jeans,5,3673.58,0.01,18366.06,10857.99,74.84,UPI,3,TRUE,Returned,9
ORD-01411,28-09-2021,CUST46708,Rahul Das,41,Male,Central,Bhopal,Books,Comic Book,5,293.56,0.4,1461.93,397.44,61.09,Credit Card,4,FALSE,Cancelled,5
ORD-01282,08-01-2021,CUST23140,Ananya Verma,22,Male,Central,Nagpur,Sports,Cycle,7,5887.32,0.27,41099.97,9596.19,68.83,Credit Card,5,FALSE,Delivered,8
ORD-01240,14-07-2021,CUST02075,Karan Bhat,47,Female,East,Bhubaneswar,Clothing,Jeans,5,569.89,0.22,2843.18,986.27,87.82,Cash on Delivery,5,FALSE,Delivered,4
ORD-03971,09-08-2024,CUST63045,Shreya Patel,35,Other,East,Kolkata,Beauty,Face Cream,2,1573.95,0.29,3138.77,1137.44,97.85,Cash on Delivery,5,FALSE,Delivered,3
ORD-04179,22-12-2024,CUST52695,Meera Mehta,47,Male,North,Chandigarh,Electronics,Laptop,10,56887.12,0.33,566993.93,41433.48,58.41,Net Banking,1,FALSE,Delivered,6
ORD-04081,11-05-2024,CUST07666,Ananya Gupta,27,Other,East,Guwahati,Electronics,Camera,3,44959.14,0.09,134756.03,8051.31,75.4,Credit Card,1,FALSE,Delivered,6
ORD-03733,16-06-2024,CUST26791,Vikram Pillai,34,Female,East,Bhubaneswar,Groceries,Dal (1Kg),8,164.21,0.25,1310.4,136.75,81.6,Debit Card,4,FALSE,Shipped,10
ORD-03421,22-01-2024,CUST55778,Nisha Gupta,44,Male,West,Surat,Sports,Cricket Bat,9,2259.11,0.31,20268.96,3849.42,64.99,Debit Card,1,FALSE,Delivered,5
ORD-03292,24-11-2023,CUST35522,Pooja Gupta,19,Other,North,Amritsar,Beauty,Lipstick,7,1961.36,0.27,13692.45,4122.3,73.28,EMI,5,FALSE,Delivered,3
ORD-00037,14-01-2020,CUST89513,Nisha Sharma,48,Female,East,Patna,Furniture,Wardrobe,7,6792.29,0.32,47393.88,4870.2,107.06,Cash on Delivery,1,FALSE,Shipped,5
ORD-00859,27-01-2021,CUST24558,Deepa Verma,13,Female,West,Mumbai,Clothing,Jeans,6,362.57,0.02,2174.98,781.43,66.82,UPI,4,FALSE,Delivered,6
ORD-01796,03-06-2022,CUST63701,Ritu Pillai,42,Male,South,Kochi,Sports,Dumbbells,3,14886.59,0.38,44490.06,6332.53,89.5,EMI,3,FALSE,Delivered,6
ORD-01799,03-07-2022,CUST98513,Priya Reddy,40,Other,East,Guwahati,Electronics,Smartphone,6,34836.46,0.18,208642.53,36793.67,90.28,EMI,4,FALSE,Delivered,6
ORD-00454,19-07-2020,CUST32184,Kavya Mishra,27,Male,East,Patna,Groceries,Cooking Oil,1,456.21,0.05,455.98,43.61,72.68,UPI,4,FALSE,Delivered,2
ORD-01617,25-12-2021,CUST68176,Sanjay Chatterjee,19,Male,Central,Nagpur,Furniture,Sofa,1,10289.79,0.25,10264.07,1688.17,44.08,Debit Card,2,FALSE,Pending,7
ORD-03567,29-03-2024,CUST78044,Sanjay Mehta,44,Other,South,Chennai,Electronics,Smartwatch,3,66697.68,0.14,199812.91,18032.17,80.02,Cash on Delivery,4,FALSE,Delivered,7
ORD-02577,27-01-2023,CUST41943,Sunita Nair,47,Male,North,Delhi,Books,Textbook,9,1160.6,0.2,10424.51,3888.59,70.91,Net Banking,3,FALSE,Delivered,6
ORD-02129,24-07-2022,CUST19983,Amit Chatterjee,35,Other,South,Hyderabad,Books,Biography,4,278.07,0.38,1108.05,495.92,99.54,Cash on Delivery,2,FALSE,Delivered,2
ORD-03128,09-12-2023,CUST69119,Rahul Gupta,39,Male,East,Kolkata,Sports,Cycle,5,1183.87,0.04,5916.98,1285.86,76.95,Debit Card,1,FALSE,Delivered,5
ORD-03423,24-01-2024,CUST37977,Deepa Mehta,33,Male,South,Hyderabad,Electronics,Smartwatch,6,76620.87,0.38,457978.26,5066.87,95.49,EMI,1,FALSE,Delivered,2
ORD-01707,31-01-2022,CUST39127,Aditya Kumar,38,Male,South,Bangalore,Beauty,Sunscreen,3,2463.48,0.09,7383.79,2170.17,88.35,Cash on Delivery,1,TRUE,Returned,3
ORD-03676,15-05-2024,CUST12575,Amit Bose,25,Male,West,Surat,Groceries,Flour,3,451.57,0.06,1353.9,136.74,44.69,Credit Card,3,FALSE,Delivered,3
ORD-03511,03-06-2024,CUST39314,Sanjay Rao,31,Female,West,Pune,Furniture,Wardrobe,4,27844.67,0.32,111022.27,18841.85,74.4,Credit Card,1,FALSE,Delivered,7
ORD-03953,09-01-2024,CUST98548,Kavya Nair,40,Female,North,Delhi,Clothing,Dress,1,2057.9,0.33,2051.11,615.19,42.69,UPI,3,FALSE,Shipped,10
ORD-02492,17-12-2022,CUST41637,Nisha Mishra,20,Other,East,Bhubaneswar,Furniture,Chair,10,22462.93,0.21,224157.58,23243.23,133.35,UPI,5,FALSE,Delivered,4
ORD-00066,25-01-2020,CUST42917,Vikram Mehta,32,Female,North,Amritsar,Sports,Tennis Racket,4,8113.16,0.23,32378,1043.14,76.45,Credit Card,1,TRUE,Returned,4
ORD-03742,19-06-2024,CUST49165,Ananya Rao,39,Male,East,Kolkata,Sports,Tennis Racket,5,5213.22,0.05,26053.07,5897.04,85.1,Cash on Delivery,3,FALSE,Delivered,2
ORD-01044,18-04-2021,CUST46334,Rohan Bhat,34,Other,South,Bangalore,Beauty,Hair Oil,3,2006.91,0.1,6014.71,3118.91,65.76,Cash on Delivery,5,FALSE,Pending,8
ORD-02107,17-07-2022,CUST39752,Priya Pillai,41,Male,West,Pune,Furniture,Wardrobe,7,7570.52,0.33,52818.76,14523.56,71.96,Debit Card,3,FALSE,Delivered,1
ORD-02043,18-06-2022,CUST44040,Rahul Bose,31,Female,East,Bhubaneswar,Beauty,Hair Oil,4,1974.29,0.37,7867.94,3117.66,87.34,Credit Card,1,TRUE,Returned,9
ORD-03875,08-08-2024,CUST84781,Vikram Nair,27,Female,South,Hyderabad,Electronics,Camera,2,22369.95,0.35,44583.31,3831.16,69.95,Credit Card,5,FALSE,Delivered,7
ORD-00451,17-07-2020,CUST68161,Shreya Chatterjee,21,Female,North,Delhi,Electronics,Camera,6,71791.71,0.22,429802.61,46770.76,45.98,EMI,4,FALSE,Delivered,1
ORD-02614,02-09-2023,CUST00081,Karan Kumar,49,Female,West,Pune,Beauty,Hair Oil,1,1738.61,0.33,1732.87,545.39,66.25,Cash on Delivery,5,FALSE,Delivered,10
ORD-03520,03-09-2024,CUST13260,Karan Gupta,26,Male,North,Amritsar,Electronics,Smartwatch,7,27748.1,0.17,193906.5,28699.09,42.72,Debit Card,1,TRUE,Returned,8
ORD-00869,31-01-2021,CUST63354,Rahul Mishra,54,Female,East,Bhubaneswar,Electronics,Headphones,2,15121.18,0.11,30209.09,2384.22,94.45,Credit Card,1,FALSE,Delivered,8
ORD-01331,20-08-2021,CUST82678,Ananya Gupta,11,Male,West,Ahmedabad,Groceries,Dal (1Kg),8,96.84,0.35,772.01,57.78,45.37,Credit Card,1,FALSE,Delivered,8
ORD-00255,22-04-2020,CUST21352,Nisha Verma,47,Other,North,Chandigarh,Groceries,Rice (5Kg),2,194.68,0.03,389.24,32.11,16.1,UPI,3,FALSE,Cancelled,4
ORD-03989,17-09-2024,CUST67629,Shreya Kapoor,45,Male,Central,Indore,Groceries,Rice (5Kg),2,233.21,0.33,464.88,27.24,48.63,EMI,2,FALSE,Delivered,7
ORD-03031,08-04-2023,CUST74610,Ananya Pillai,12,Other,South,Bangalore,Electronics,Headphones,9,25108.78,0.2,225527.06,8115.37,102.24,Credit Card,1,FALSE,Delivered,7
ORD-02053,23-06-2022,CUST33570,Deepa Bose,41,Male,South,Chennai,Furniture,Sofa,10,21783.3,0.09,217636.95,53595.22,73.39,Cash on Delivery,4,TRUE,Returned,2
ORD-02885,06-04-2023,CUST41002,Sanjay Pillai,18,Female,North,Amritsar,Furniture,Bed Frame,5,31009.31,0.12,154860.49,16597.68,47.32,Cash on Delivery,4,FALSE,Delivered,1
ORD-03430,26-01-2024,CUST08360,Nisha Singh,24,Other,South,Bangalore,Books,Cook Book,2,1002.73,0,2005.46,998.39,69.02,Cash on Delivery,5,FALSE,Cancelled,8
ORD-02498,19-12-2022,CUST64162,Arjun Rao,34,Other,South,Hyderabad,Groceries,Sugar,4,479.32,0.06,1916.13,83.73,74.49,Credit Card,4,TRUE,Returned,3
ORD-02027,13-06-2022,CUST24879,Kavya Chatterjee,50,Female,South,Chennai,Furniture,Chair,3,16614.08,0.33,49677.76,12964.62,63.05,Credit Card,2,TRUE,Returned,5
ORD-00100,02-08-2020,CUST38913,Rohan Nair,20,Male,South,Kochi,Groceries,Tea,9,125.81,0.24,1129.57,45.94,75.38,Debit Card,1,FALSE,Shipped,3
ORD-02412,11-08-2022,CUST49639,Arjun Nair,34,Other,South,Chennai,Groceries,Dal (1Kg),4,407.56,0.32,1625.02,81,76.78,UPI,2,FALSE,Delivered,1
ORD-02054,24-06-2022,CUST61332,Karan Iyer,51,Other,South,Bangalore,Groceries,Sugar,10,53.46,0.05,534.33,88.15,67.32,Debit Card,1,FALSE,Cancelled,9
ORD-03065,18-08-2023,CUST41118,Rohan Bhat,47,Female,South,Kochi,Sports,Tennis Racket,8,11184.95,0.39,89130.63,26658.84,58.07,Net Banking,4,FALSE,Shipped,8
ORD-02085,07-07-2022,CUST42353,Vikram Shah,53,Male,East,Guwahati,Electronics,Laptop,6,10929.88,0.16,65474.35,12561.33,76.61,EMI,1,FALSE,Delivered,1
ORD-02145,31-07-2022,CUST18861,Nikhil Kapoor,28,Female,West,Surat,Books,Textbook,5,539.41,0.11,2694.08,1290.67,66.22,Net Banking,3,FALSE,Delivered,10
ORD-02402,11-05-2022,CUST72572,Aarav Joshi,19,Male,South,Kochi,Books,Self-Help Book,2,483.7,0.17,965.76,225.52,101.82,Net Banking,2,FALSE,Delivered,1
ORD-01159,06-04-2021,CUST72570,Shreya Pillai,37,Female,Central,Indore,Groceries,Cooking Oil,10,134.6,0.03,1345.6,134.34,105.77,Net Banking,1,FALSE,Delivered,5
ORD-03562,27-03-2024,CUST05923,Shreya Mishra,51,Male,Central,Bhopal,Electronics,Laptop,5,11709.91,0.31,58368.05,6899.28,59.01,Debit Card,4,FALSE,Cancelled,3
ORD-02598,02-03-2023,CUST07029,Sanjay Kumar,45,Other,North,Chandigarh,Clothing,Kurta,8,772.69,0.15,6172.25,1907.75,77.11,Cash on Delivery,4,FALSE,Shipped,1
ORD-03064,18-08-2023,CUST50295,Meera Verma,38,Female,North,Ludhiana,Beauty,Sunscreen,8,1422.11,0.13,11362.09,5448.38,38.61,UPI,3,TRUE,Returned,8
ORD-01932,05-03-2022,CUST81283,Kavya Joshi,54,Female,Central,Nagpur,Furniture,Desk,8,31153.02,0.2,248725.71,50396.19,31.05,EMI,1,FALSE,Delivered,7
ORD-00241,15-04-2020,CUST62809,Rahul Gupta,49,Male,East,Patna,Electronics,Camera,2,46584.64,0.32,92871.14,5374.6,75.26,UPI,1,FALSE,Delivered,4
ORD-01976,23-05-2022,CUST97057,Sanjay Mishra,19,Male,South,Hyderabad,Books,Biography,2,925.2,0.09,1848.73,582.47,86.46,Debit Card,5,FALSE,Cancelled,10
ORD-03470,14-02-2024,CUST49992,Ritu Pillai,47,Female,East,Guwahati,Electronics,Laptop,7,27099.44,0.32,189089.05,17338.53,53.54,UPI,4,TRUE,Returned,4
ORD-01923,30-04-2022,CUST85826,Kavya Mishra,51,Male,West,Surat,Groceries,Cooking Oil,1,478.65,0.01,478.6,61.75,46.06,EMI,3,FALSE,Cancelled,1
ORD-02896,06-06-2023,CUST37393,Shreya Mishra,24,Other,North,Amritsar,Beauty,Sunscreen,2,1742.14,0.33,3472.78,1802.05,68.9,Net Banking,1,FALSE,Delivered,3
ORD-03536,16-03-2024,CUST42326,Sunita Gupta,24,Other,North,Amritsar,Clothing,Saree,3,2335.6,0.24,6989.98,2659.96,53.79,EMI,5,FALSE,Delivered,8
ORD-03975,09-10-2024,CUST61274,Sunita Mishra,36,Other,East,Patna,Books,Biography,2,1250.65,0.19,2496.55,1031.95,96.46,EMI,5,FALSE,Delivered,3
ORD-00908,02-10-2021,CUST33667,Vikram Mehta,40,Male,North,Chandigarh,Sports,Football,2,660.31,0.11,1319.17,273.1,41.05,Net Banking,2,FALSE,Delivered,3
ORD-03755,23-06-2024,CUST69679,Aarav Kumar,18,Male,West,Surat,Furniture,Sofa,3,34248.61,0.02,102725.28,48852.27,59.95,Debit Card,3,FALSE,Delivered,4
ORD-02343,11-10-2022,CUST93661,Ananya Pillai,19,Female,North,Delhi,Furniture,Desk,10,12399.19,0.23,123706.72,36698.33,41.96,EMI,1,TRUE,Returned,5
ORD-00971,19-03-2021,CUST58302,Shreya Singh,24,Other,East,Patna,Electronics,Smartphone,6,26856.73,0.19,160834.21,3128.23,65.04,Debit Card,5,FALSE,Delivered,1
ORD-03402,13-01-2024,CUST51343,Nikhil Bose,42,Female,North,Chandigarh,Clothing,Jacket,5,3923.7,0.3,19559.64,4843.88,58.27,Net Banking,3,FALSE,Delivered,3
ORD-02715,23-03-2023,CUST14346,Rahul Mishra,54,Female,West,Surat,Books,Fiction Novel,2,200.55,0.2,400.3,109.45,52.35,Credit Card,3,TRUE,Returned,2
ORD-00394,18-06-2020,CUST71699,Karan Iyer,39,Male,North,Delhi,Groceries,Dal (1Kg),2,99.94,0.39,199.1,11.4,47.24,EMI,1,FALSE,Delivered,3
ORD-03062,17-08-2023,CUST25706,Arjun Bose,32,Female,Central,Indore,Beauty,Hair Oil,7,2030.6,0.32,14168.71,5363.62,45.14,Net Banking,4,FALSE,Cancelled,4
ORD-00401,21-06-2020,CUST43114,Karan Singh,35,Other,East,Patna,Furniture,Bed Frame,3,31841.24,0.32,95218.04,21204.15,78.26,Cash on Delivery,4,TRUE,Returned,6
ORD-00706,16-11-2020,CUST28706,Aarav Bose,34,Female,North,Amritsar,Clothing,Dress,3,461.34,0.16,1381.81,261,36.7,UPI,1,TRUE,Returned,4
ORD-03644,05-03-2024,CUST85909,Aditya Mehta,26,Female,East,Patna,Beauty,Face Cream,10,2273.9,0.21,22691.25,13458.53,83.41,EMI,1,FALSE,Delivered,10
ORD-00600,25-09-2020,CUST85593,Aarav Mishra,33,Male,West,Pune,Books,Self-Help Book,2,1462.19,0.35,2914.14,1202.05,78.54,Cash on Delivery,5,FALSE,Delivered,2
ORD-01537,20-11-2021,CUST39925,Ritu Iyer,49,Female,South,Kochi,Electronics,Headphones,5,40279.85,0.24,200915.89,18217.89,89.76,Net Banking,3,FALSE,Delivered,9
ORD-02665,27-02-2023,CUST20671,Priya Mishra,10,Male,East,Guwahati,Books,Comic Book,1,497.24,0.07,496.89,255,86.11,Cash on Delivery,4,FALSE,Cancelled,8
ORD-00616,10-03-2020,CUST54063,Karan Mishra,37,Female,West,Ahmedabad,Groceries,Sugar,1,128.76,0.29,128.39,6.89,68.06,EMI,2,FALSE,Delivered,1
ORD-00370,06-07-2020,CUST93153,Shreya Gupta,42,Male,South,Bangalore,Beauty,Face Cream,1,304.89,0.26,304.1,106.14,52.86,EMI,4,FALSE,Delivered,6
ORD-00680,11-03-2020,CUST60413,Ritu Nair,36,Male,East,Kolkata,Beauty,Face Cream,10,1113.91,0.25,11111.25,2411.46,46.33,Net Banking,2,FALSE,Delivered,9
ORD-00782,21-12-2020,CUST07857,Amit Patel,34,Female,Central,Nagpur,Clothing,Kurta,1,3294.44,0.06,3292.46,808.26,41.96,EMI,4,FALSE,Delivered,9
ORD-04006,26-09-2024,CUST54515,Sanjay Gupta,15,Male,South,Bangalore,Books,Biography,3,895.77,0.21,2681.67,895.93,71.18,Debit Card,4,FALSE,Delivered,8
ORD-03395,01-09-2024,CUST22022,Priya Verma,15,Female,West,Pune,Electronics,Headphones,5,26868.19,0.1,134206.61,15109.15,47.85,Credit Card,2,FALSE,Delivered,7
ORD-02248,09-07-2022,CUST63445,Sunita Patel,47,Male,West,Surat,Sports,Dumbbells,2,14129.5,0.01,28256.17,6979.34,74.75,Debit Card,3,FALSE,Delivered,2
ORD-01330,20-08-2021,CUST93307,Rohan Rao,34,Female,North,Chandigarh,Books,Cook Book,3,1298.4,0.14,3889.75,1805.58,57.93,UPI,1,FALSE,Delivered,3
ORD-03093,29-08-2023,CUST63058,Deepa Pillai,36,Male,South,Hyderabad,Beauty,Shampoo,6,379.51,0.02,2276.6,1945.96,53.34,Debit Card,3,FALSE,Delivered,8
ORD-01117,18-05-2021,CUST87893,Kavya Mishra,35,Other,West,Ahmedabad,Groceries,Rice (5Kg),6,190.35,0.38,1137.76,79.43,70.42,Net Banking,3,FALSE,Delivered,10
ORD-03890,08-10-2024,CUST03009,Rahul Rao,34,Other,West,Surat,Furniture,Chair,10,2485.94,0.21,24807.2,8743.05,48.62,UPI,4,FALSE,Delivered,10
ORD-00468,26-07-2020,CUST87073,Arjun Nair,34,Male,East,Patna,Furniture,Bookshelf,7,17299.59,0.09,120988.14,43383.64,92.91,EMI,1,FALSE,Delivered,3
ORD-02704,17-03-2023,CUST96458,Rohan Mehta,29,Other,East,Kolkata,Electronics,Smartwatch,1,11877.16,0.37,11833.21,1549.61,72.81,Credit Card,4,FALSE,Delivered,8
ORD-02952,07-02-2023,CUST41320,Aarav Kumar,35,Female,Central,Nagpur,Groceries,Dal (1Kg),3,130.57,0.23,390.81,61.59,41.29,Net Banking,1,FALSE,Cancelled,8
ORD-02003,06-02-2022,CUST91911,Sunita Mishra,24,Other,Central,Raipur,Electronics,Smartwatch,7,72204.48,0.06,505128.1,96807.83,51.76,Net Banking,4,FALSE,Delivered,3
ORD-01402,24-09-2021,CUST90375,Kavya Iyer,42,Female,East,Bhubaneswar,Groceries,Sugar,10,245.92,0.04,2458.22,183.09,76.22,Net Banking,5,FALSE,Pending,5
ORD-01882,04-10-2022,CUST32524,Priya Joshi,56,Male,Central,Bhopal,Furniture,Sofa,10,34008.99,0.11,339715.8,100494.87,51.53,Cash on Delivery,1,FALSE,Cancelled,3
ORD-03246,11-03-2023,CUST96426,Sunita Patel,46,Male,South,Chennai,Clothing,T-Shirt,3,2706.45,0.39,8087.68,1415.33,73.84,EMI,4,TRUE,Returned,8
ORD-01838,25-03-2022,CUST27510,Kavya Joshi,16,Female,West,Mumbai,Groceries,Cooking Oil,4,393.16,0.06,1571.7,197.05,79.1,UPI,5,FALSE,Delivered,4
ORD-00323,21-05-2020,CUST57259,Nikhil Mishra,31,Male,West,Pune,Books,Textbook,1,680.85,0.12,680.03,338.98,44.99,Debit Card,3,FALSE,Delivered,2
ORD-02452,29-11-2022,CUST45573,Ananya Mishra,34,Other,East,Guwahati,Beauty,Sunscreen,5,761.94,0.13,3804.75,1421.12,84.9,Debit Card,5,FALSE,Pending,2
ORD-01878,07-04-2022,CUST99942,Nisha Rao,30,Other,Central,Indore,Clothing,Saree,10,456.07,0.37,4543.83,1169.33,45,Cash on Delivery,5,FALSE,Delivered,9
ORD-00226,04-08-2020,CUST29979,Karan Sharma,35,Male,Central,Nagpur,Electronics,Smartphone,10,19136.16,0,191361.6,31074.73,24.88,Debit Card,3,FALSE,Delivered,4
ORD-00535,24-08-2020,CUST13641,Nikhil Sharma,48,Male,West,Mumbai,Furniture,Bed Frame,9,17744.35,0.29,159236.02,36127.08,59.78,Credit Card,4,FALSE,Delivered,9
ORD-02832,17-05-2023,CUST08322,Nisha Nair,33,Female,North,Amritsar,Books,Fiction Novel,10,424.8,0.11,4243.33,2103.38,31.8,UPI,3,FALSE,Delivered,6
ORD-00614,10-02-2020,CUST25032,Ananya Bhat,40,Other,West,Surat,Groceries,Flour,3,219.84,0.1,658.86,43.04,73.42,Credit Card,3,FALSE,Delivered,5
ORD-01642,01-01-2022,CUST25067,Nisha Kapoor,41,Male,West,Ahmedabad,Furniture,Sofa,8,9398.82,0.31,74957.47,15030.83,77.65,Credit Card,4,FALSE,Delivered,9
ORD-02842,23-05-2023,CUST23282,Vikram Sharma,26,Other,West,Mumbai,Books,Self-Help Book,5,1444.85,0.05,7220.64,3958.13,62.54,UPI,3,FALSE,Delivered,7
ORD-02133,25-07-2022,CUST89826,Arjun Joshi,22,Other,East,Kolkata,Clothing,T-Shirt,7,1729.47,0.05,12100.24,6459.75,79.27,Cash on Delivery,1,TRUE,Returned,8
ORD-02809,05-03-2023,CUST04249,Pooja Bose,31,Other,South,Kochi,Furniture,Chair,10,17371.93,0.37,173076.54,55972.36,71.63,Net Banking,3,FALSE,Delivered,9
ORD-01074,30-04-2021,CUST36338,Vikram Chatterjee,25,Female,South,Hyderabad,Sports,Cycle,1,8254.73,0.07,8248.95,1995.91,61.28,Debit Card,3,FALSE,Delivered,1
ORD-01413,28-09-2021,CUST43662,Karan Sharma,34,Other,North,Ludhiana,Clothing,Jeans,3,1238.9,0.33,3704.43,1083.58,73.53,Net Banking,5,TRUE,Returned,3
ORD-01628,27-12-2021,CUST55053,Arjun Iyer,28,Other,North,Amritsar,Books,Textbook,5,441.77,0.12,2206.2,611.16,71.69,Credit Card,4,FALSE,Cancelled,7
ORD-02866,31-05-2023,CUST40473,Nikhil Das,31,Other,West,Pune,Electronics,Laptop,2,44818.69,0.19,89467.07,12774.35,73.43,UPI,1,TRUE,Returned,7
ORD-01478,25-10-2021,CUST16528,Deepa Joshi,36,Other,South,Bangalore,Furniture,Bed Frame,3,13116.13,0.02,39340.52,7916.06,67.37,Credit Card,3,FALSE,Delivered,4
ORD-04166,15-12-2024,CUST73620,Rohan Reddy,18,Female,South,Bangalore,Clothing,T-Shirt,6,841.47,0.12,5042.76,1728.55,70.62,UPI,1,FALSE,Delivered,2
ORD-00978,21-03-2021,CUST97561,Vikram Nair,54,Male,South,Chennai,Clothing,Jeans,2,3618.11,0.07,7231.15,2164.13,96.19,Credit Card,2,FALSE,Delivered,8
ORD-02389,30-10-2022,CUST27494,Vikram Das,53,Female,East,Patna,Clothing,Kurta,8,1016.23,0.3,8105.45,2314.76,66.7,EMI,2,FALSE,Delivered,8
ORD-01504,11-06-2021,CUST34606,Aarav Shah,32,Other,West,Surat,Furniture,Bookshelf,3,7356.31,0.1,22046.86,5855.42,78.6,EMI,1,FALSE,Delivered,10
ORD-03576,04-03-2024,CUST88667,Meera Chatterjee,26,Female,East,Patna,Electronics,Camera,4,14036.02,0.13,56071.09,9113.01,97.91,Debit Card,4,FALSE,Delivered,3
ORD-02862,29-05-2023,CUST00967,Sanjay Gupta,18,Other,North,Amritsar,Clothing,Jeans,4,2095.23,0.14,8369.19,2714.35,59.7,Credit Card,3,TRUE,Returned,7
ORD-03821,19-07-2024,CUST35476,Aarav Joshi,54,Female,Central,Indore,Books,Fiction Novel,2,588.67,0.24,1174.51,631.41,78.55,Credit Card,2,FALSE,Delivered,4
ORD-00214,04-03-2020,CUST08244,Karan Patel,46,Female,Central,Raipur,Furniture,Sofa,10,7854.56,0.3,78309.96,15316.65,56.25,EMI,1,FALSE,Delivered,3
ORD-01032,04-12-2021,CUST73196,Arjun Sharma,26,Female,Central,Nagpur,Groceries,Sugar,9,461.35,0.05,4150.07,481.54,41.05,Cash on Delivery,4,FALSE,Shipped,8
ORD-00803,31-12-2020,CUST99060,Amit Sharma,46,Male,South,Chennai,Furniture,Bed Frame,6,25745.87,0.38,153888.21,19997.5,90.91,Net Banking,2,FALSE,Delivered,3
ORD-02146,31-07-2022,CUST25921,Amit Pillai,37,Male,East,Guwahati,Groceries,Rice (5Kg),5,421.63,0.36,2100.56,174.59,64.86,UPI,5,FALSE,Delivered,1
ORD-01517,14-11-2021,CUST63383,Nisha Joshi,22,Female,South,Bangalore,Groceries,Dal (1Kg),10,90.13,0.25,899.05,51.46,80.91,Credit Card,5,FALSE,Delivered,10
ORD-00560,09-06-2020,CUST38172,Arjun Singh,19,Other,East,Kolkata,Furniture,Bookshelf,5,26946.78,0.1,134599.17,37815.29,80.01,UPI,3,FALSE,Cancelled,6
ORD-01638,30-12-2021,CUST98630,Shreya Sharma,41,Male,South,Chennai,Electronics,Camera,9,41722.41,0.2,374750.69,25206.08,62.46,UPI,2,FALSE,Delivered,7
ORD-03022,08-01-2023,CUST98870,Ananya Bose,34,Other,North,Chandigarh,Clothing,Saree,3,3517.55,0.39,10511.49,4213.2,33.93,Cash on Delivery,3,FALSE,Delivered,1
ORD-02045,18-06-2022,CUST85893,Meera Pillai,25,Female,South,Bangalore,Groceries,Flour,7,70.02,0.29,488.72,44.9,75.32,UPI,2,FALSE,Pending,5
ORD-01559,30-11-2021,CUST73879,Aarav Sharma,34,Male,East,Bhubaneswar,Groceries,Dal (1Kg),4,455.14,0.1,1818.74,107.49,90.27,EMI,4,TRUE,Returned,10
ORD-00697,13-11-2020,CUST94502,Sanjay Reddy,36,Other,North,Delhi,Sports,Cycle,8,11002.8,0.15,87890.37,8455.94,27.96,Credit Card,5,FALSE,Delivered,9
ORD-03249,11-04-2023,CUST78428,Nikhil Iyer,71,Female,North,Ludhiana,Clothing,Jacket,5,1581.85,0.31,7884.73,1912.12,37.37,Cash on Delivery,3,FALSE,Delivered,3
ORD-01970,21-05-2022,CUST49802,Arjun Mishra,28,Male,North,Delhi,Furniture,Desk,9,25541.61,0.2,229414.74,106013.67,68.96,Cash on Delivery,3,FALSE,Delivered,4
ORD-03866,08-05-2024,CUST04103,Aditya Verma,24,Female,Central,Raipur,Sports,Tennis Racket,1,3037.55,0.19,3031.78,700.96,40.82,Credit Card,4,FALSE,Delivered,3
ORD-00237,13-04-2020,CUST46907,Sanjay Bhat,17,Male,Central,Nagpur,Clothing,T-Shirt,10,2140.31,0.03,21396.68,8449.72,73.35,Net Banking,4,FALSE,Delivered,3
ORD-01528,17-11-2021,CUST17627,Rahul Bhat,23,Other,North,Chandigarh,Furniture,Bookshelf,3,6001.72,0.23,17963.75,2265.74,13.26,Debit Card,3,TRUE,Returned,3
ORD-01715,02-02-2022,CUST08565,Kavya Das,48,Male,Central,Raipur,Books,Fiction Novel,2,1014.61,0.03,2028.61,685.16,49.94,UPI,5,FALSE,Delivered,7
ORD-03775,07-01-2024,CUST11643,Aditya Verma,20,Male,North,Chandigarh,Books,Textbook,2,646.61,0.22,1290.37,631.7,49.01,Credit Card,2,FALSE,Delivered,3
ORD-03518,09-03-2024,CUST03875,Aarav Joshi,44,Male,South,Chennai,Electronics,Camera,5,20577.01,0.23,102648.41,9112.05,88.2,UPI,2,FALSE,Delivered,6
ORD-01708,02-01-2022,CUST87498,Amit Sharma,39,Male,Central,Nagpur,Books,Self-Help Book,1,1394.93,0.2,1392.14,431.19,99.26,Credit Card,4,FALSE,Delivered,6
ORD-03320,12-08-2023,CUST53965,Sanjay Mehta,32,Female,North,Amritsar,Electronics,Camera,1,74269.77,0.15,74158.37,8517.07,41.46,Net Banking,5,FALSE,Pending,1
ORD-00407,25-06-2020,CUST62236,Nisha Das,66,Male,West,Surat,Electronics,Tablet,5,46345.56,0.32,230986.27,25644.37,77.91,Cash on Delivery,3,FALSE,Pending,10
ORD-03670,14-05-2024,CUST31963,Rohan Mehta,17,Female,Central,Indore,Sports,Football,6,5318.8,0.18,31855.36,2061.4,62.11,UPI,1,TRUE,Returned,8
ORD-00180,19-03-2020,CUST29334,Kavya Joshi,35,Other,Central,Indore,Sports,Tennis Racket,7,2367.09,0.04,16563,2663.65,42.41,Credit Card,1,FALSE,Shipped,8
ORD-00579,16-09-2020,CUST24871,Kavya Reddy,24,Other,North,Delhi,Electronics,Laptop,9,34058.9,0.13,306131.61,26529.36,35.69,Debit Card,5,FALSE,Pending,5
ORD-01133,26-05-2021,CUST54577,Karan Kapoor,21,Other,South,Kochi,Beauty,Shampoo,7,1281.86,0.39,8938.03,2955.5,39.19,Credit Card,2,FALSE,Delivered,7
ORD-01758,18-02-2022,CUST87654,Pooja Verma,24,Female,West,Surat,Books,Fiction Novel,5,433.78,0.16,2165.43,566.47,70.39,Cash on Delivery,5,FALSE,Delivered,9
ORD-00819,01-10-2021,CUST63893,Sanjay Singh,21,Male,South,Chennai,Beauty,Perfume,9,1170.24,0.31,10499.51,3035.58,41.85,Cash on Delivery,2,FALSE,Delivered,1
ORD-02878,06-02-2023,CUST98432,Karan Kapoor,68,Female,Central,Indore,Clothing,Jeans,4,824.79,0.09,3296.19,1402.58,62.47,Credit Card,1,FALSE,Cancelled,4
ORD-03595,04-11-2024,CUST20736,Kavya Das,41,Female,West,Mumbai,Sports,Cricket Bat,8,13545.22,0.22,108123.36,34910.45,49.35,Credit Card,5,FALSE,Delivered,1
ORD-00368,06-07-2020,CUST91300,Aarav Iyer,42,Female,West,Mumbai,Beauty,Sunscreen,2,1372.94,0.24,2739.29,765.46,51.67,Net Banking,2,FALSE,Delivered,8
ORD-02348,10-12-2022,CUST12889,Rohan Mehta,27,Female,North,Ludhiana,Sports,Yoga Mat,9,13142.88,0.37,117848.26,16164.46,32.88,UPI,5,TRUE,Returned,1
ORD-02993,20-07-2023,CUST83973,Nikhil Mishra,27,Female,South,Hyderabad,Electronics,Laptop,8,77986.06,0.22,622515.93,116835.79,63.75,UPI,4,FALSE,Pending,2
ORD-00537,25-08-2020,CUST15953,Arjun Verma,34,Other,West,Pune,Groceries,Tea,8,61.46,0.02,491.58,59.31,62.95,EMI,4,FALSE,Delivered,3
ORD-00148,03-01-2020,CUST87452,Rohan Verma,15,Other,Central,Bhopal,Beauty,Hair Oil,6,1264.54,0.34,7561.44,2565.09,30.54,UPI,2,FALSE,Delivered,5
ORD-00647,15-10-2020,CUST97230,Vikram Bose,55,Other,North,Chandigarh,Beauty,Shampoo,4,2079.07,0.31,8290.5,2080.88,20.39,UPI,4,TRUE,Returned,3
ORD-02791,22-04-2023,CUST40335,Meera Bhat,15,Female,East,Guwahati,Sports,Tennis Racket,7,5879.31,0.05,41134.59,7011.74,84.67,Cash on Delivery,1,FALSE,Cancelled,7
ORD-00744,12-04-2020,CUST45099,Aditya Shah,32,Other,North,Amritsar,Groceries,Rice (5Kg),4,388.57,0.01,1554.12,70.45,54.83,EMI,3,TRUE,Returned,5
ORD-02001,06-02-2022,CUST78982,Deepa Reddy,27,Other,Central,Nagpur,Sports,Cricket Bat,2,1793.14,0.22,3578.39,1103.43,40.65,Cash on Delivery,2,TRUE,Returned,9
ORD-02427,15-11-2022,CUST68738,Ananya Pillai,20,Other,South,Chennai,Books,Biography,6,363.03,0,2178.18,726.19,64.27,UPI,5,FALSE,Delivered,7
ORD-00651,19-10-2020,CUST22697,Sunita Verma,29,Other,East,Patna,Furniture,Bed Frame,2,23933.02,0.38,47684.15,8116.01,88.18,Debit Card,3,FALSE,Delivered,3
ORD-04117,26-11-2024,CUST68421,Karan Reddy,43,Female,North,Chandigarh,Beauty,Shampoo,9,328.65,0.3,2948.98,543.25,41.68,Credit Card,4,FALSE,Delivered,9
ORD-00194,27-03-2020,CUST96692,Aarav Joshi,35,Female,North,Delhi,Sports,Dumbbells,9,6747.04,0.07,60680.85,13938.07,74.53,Credit Card,3,FALSE,Delivered,1
ORD-01944,05-08-2022,CUST18548,Rahul Bose,31,Male,East,Guwahati,Beauty,Sunscreen,4,1176.04,0.18,4695.69,2342.58,88.08,Net Banking,4,FALSE,Delivered,6
ORD-00939,28-02-2021,CUST44415,Ritu Das,27,Female,South,Chennai,Books,Textbook,7,884.25,0.35,6168.09,1268.2,55.07,EMI,5,FALSE,Delivered,7
ORD-00167,13-03-2020,CUST51864,Amit Mishra,27,Female,West,Surat,Clothing,Dress,4,2696.21,0.22,10761.11,2313.16,51.64,UPI,1,FALSE,Delivered,3
ORD-00543,29-08-2020,CUST30712,Nisha Kumar,28,Female,North,Ludhiana,Books,Cook Book,7,370.56,0.08,2591.84,1018.66,29.93,UPI,3,FALSE,Delivered,2
ORD-00649,17-10-2020,CUST22604,Rohan Mehta,26,Male,East,Patna,Electronics,Smartwatch,7,45799.76,0.33,319540.35,22577.35,42.79,Debit Card,2,FALSE,Delivered,4
ORD-02817,05-09-2023,CUST83459,Shreya Chatterjee,43,Other,Central,Bhopal,Furniture,Wardrobe,4,30780.64,0.36,122679.32,39133.54,66.36,Net Banking,4,FALSE,Delivered,7
ORD-00905,02-09-2021,CUST96177,Rahul Rao,41,Other,South,Hyderabad,Beauty,Sunscreen,10,1423.41,0.05,14226.98,5781.35,78.68,Credit Card,5,FALSE,Delivered,6
ORD-00628,10-09-2020,CUST55320,Aditya Chatterjee,31,Female,West,Mumbai,Electronics,Smartwatch,6,32547.29,0.39,194522.13,1445.51,61.78,UPI,3,FALSE,Delivered,10
ORD-01967,20-05-2022,CUST03799,Rohan Bose,38,Female,North,Chandigarh,Books,Comic Book,5,951.75,0.02,4757.8,2402.75,54.03,EMI,3,FALSE,Delivered,6
ORD-03510,03-05-2024,CUST79584,Meera Bhat,52,Female,North,Amritsar,Groceries,Flour,10,414.16,0.03,4140.36,345.9,47.29,Cash on Delivery,5,TRUE,Returned,8
ORD-04189,26-12-2024,CUST28178,Sanjay Rao,32,Other,West,Mumbai,Electronics,Smartwatch,4,64608.94,0.17,257996.42,27372.68,79.41,Credit Card,4,TRUE,Returned,5
ORD-02466,12-05-2022,CUST23445,Pooja Chatterjee,26,Male,Central,Indore,Clothing,Kurta,8,2620.02,0.36,20884.7,3441.54,41.75,Credit Card,3,TRUE,Returned,1
ORD-00440,07-12-2020,CUST95476,Karan Mehta,22,Other,North,Delhi,Sports,Cricket Bat,6,6916.49,0.38,41341.24,8968.23,54.82,Credit Card,3,FALSE,Delivered,8
ORD-01102,05-12-2021,CUST55287,Arjun Patel,46,Other,Central,Raipur,Sports,Yoga Mat,5,1589.12,0.2,7929.71,1388.16,54.57,EMI,3,FALSE,Delivered,4
ORD-02380,27-10-2022,CUST77872,Vikram Chatterjee,12,Female,East,Kolkata,Groceries,Tea,6,473.26,0.33,2830.19,169.63,83.38,Cash on Delivery,1,FALSE,Delivered,1
ORD-04072,30-10-2024,CUST26445,Priya Mishra,34,Female,South,Bangalore,Furniture,Bed Frame,5,16894.52,0.27,84244.52,5236.34,80.6,Cash on Delivery,5,FALSE,Cancelled,10
ORD-02678,03-05-2023,CUST87936,Aarav Kapoor,46,Female,West,Pune,Sports,Yoga Mat,8,7037.46,0.21,56181.45,8522.63,63.69,UPI,4,FALSE,Delivered,2
ORD-00586,19-09-2020,CUST86530,Nikhil Das,40,Male,East,Patna,Sports,Yoga Mat,9,3643.69,0.07,32770.25,3724.9,81.76,Credit Card,4,FALSE,Delivered,8
ORD-02766,04-12-2023,CUST55726,Nisha Iyer,36,Male,South,Hyderabad,Beauty,Perfume,1,1927.8,0.25,1922.98,829.68,81.77,Debit Card,2,FALSE,Delivered,8
ORD-03588,04-09-2024,CUST83899,Pooja Bhat,37,Female,South,Chennai,Beauty,Shampoo,7,410.6,0.05,2872.76,1647.62,74.28,Credit Card,3,FALSE,Delivered,7
ORD-01281,31-07-2021,CUST14797,Sanjay Rao,26,Male,North,Delhi,Electronics,Headphones,8,63773.73,0.38,508251.12,36997.48,37.03,Credit Card,4,FALSE,Delivered,3
ORD-00372,06-08-2020,CUST53114,Rohan Mehta,26,Other,South,Kochi,Electronics,Tablet,3,74867.2,0.22,224107.48,27646.01,39.1,Cash on Delivery,4,FALSE,Delivered,8
ORD-01561,30-11-2021,CUST70340,Rohan Patel,25,Male,North,Amritsar,Electronics,Tablet,2,62340.2,0.11,124543.25,8409.34,66.81,UPI,4,FALSE,Delivered,6
ORD-04154,12-09-2024,CUST34894,Nikhil Bose,18,Other,East,Bhubaneswar,Books,Cook Book,2,1034.18,0.33,2061.53,369.59,65.48,Credit Card,5,FALSE,Delivered,3
ORD-01553,28-11-2021,CUST29230,Shreya Das,23,Female,North,Delhi,Furniture,Desk,10,20890.04,0.04,208816.84,44130.71,34.32,EMI,2,TRUE,Returned,5
ORD-03982,09-12-2024,CUST97439,Karan Joshi,27,Female,North,Chandigarh,Furniture,Wardrobe,8,12647.54,0.19,100988.08,35160.81,69.62,Debit Card,5,FALSE,Delivered,6
ORD-01754,17-02-2022,CUST11385,Nisha Rao,46,Female,East,Guwahati,Furniture,Desk,6,33082.65,0.31,197880.56,42902.13,79.09,Net Banking,4,FALSE,Delivered,8
ORD-01272,28-07-2021,CUST56172,Aarav Nair,20,Male,East,Guwahati,Beauty,Lipstick,2,1205.62,0.03,2410.52,769.98,93.43,Credit Card,3,FALSE,Delivered,1
ORD-01165,06-06-2021,CUST76012,Karan Gupta,40,Other,Central,Raipur,Sports,Yoga Mat,4,3455.68,0.21,13793.69,3511.52,64.63,Credit Card,2,TRUE,Returned,3
ORD-04000,23-09-2024,CUST53861,Nisha Kumar,32,Male,West,Surat,Beauty,Shampoo,7,1954.05,0.2,13650.99,8691.86,65.77,Cash on Delivery,4,TRUE,Returned,6
ORD-00290,05-08-2020,CUST46482,Sanjay Shah,18,Male,East,Bhubaneswar,Books,Self-Help Book,9,290.75,0.28,2609.42,1071.82,60.62,EMI,3,TRUE,Returned,7
ORD-02514,28-12-2022,CUST29286,Vikram Mehta,29,Male,Central,Nagpur,Beauty,Hair Oil,3,923.8,0.21,2765.58,651.79,46.67,Debit Card,5,FALSE,Delivered,2
ORD-03218,22-10-2023,CUST17834,Nisha Mehta,34,Male,North,Chandigarh,Sports,Tennis Racket,5,11387.44,0.31,56760.69,9024.25,51.52,UPI,3,FALSE,Delivered,3
ORD-02661,26-02-2023,CUST93326,Kavya Iyer,16,Male,East,Kolkata,Furniture,Desk,3,2447.22,0.39,7313.03,589.21,62.13,Cash on Delivery,2,TRUE,Returned,1
ORD-02211,23-08-2022,CUST05906,Shreya Shah,24,Male,Central,Indore,Books,Self-Help Book,6,1482.8,0.37,8863.88,1783.07,73.5,Credit Card,2,FALSE,Delivered,7
ORD-02526,01-01-2023,CUST11998,Rahul Singh,27,Male,South,Hyderabad,Beauty,Shampoo,3,2229.56,0.04,6686,3230.67,58.93,Credit Card,4,FALSE,Shipped,3
ORD-02768,13-04-2023,CUST12098,Nisha Nair,18,Female,Central,Bhopal,Beauty,Sunscreen,9,933.94,0.02,8403.78,5789.44,38.04,EMI,5,FALSE,Shipped,5
ORD-00904,02-09-2021,CUST76121,Meera Iyer,40,Other,North,Ludhiana,Electronics,Smartwatch,4,27046.33,0.17,108001.4,9558.56,39.92,Credit Card,3,FALSE,Delivered,6
ORD-00326,22-05-2020,CUST34992,Ananya Singh,42,Male,East,Bhubaneswar,Electronics,Headphones,10,62652.16,0.09,625957.73,76429.84,92.64,Net Banking,3,FALSE,Delivered,5
ORD-02194,15-08-2022,CUST84436,Amit Chatterjee,10,Other,North,Delhi,Beauty,Face Cream,1,1986.59,0.05,1985.6,1149.66,66.3,UPI,2,TRUE,Returned,5
ORD-01635,29-12-2021,CUST50974,Karan Patel,35,Female,East,Guwahati,Beauty,Hair Oil,1,987.49,0.03,987.19,370.21,98.55,Debit Card,3,TRUE,Returned,9
ORD-00556,09-03-2020,CUST93474,Sanjay Patel,14,Other,South,Hyderabad,Electronics,Laptop,5,53217.69,0.03,266008.62,33314.99,79.96,Debit Card,3,FALSE,Delivered,2
ORD-03506,03-03-2024,CUST48682,Rahul Reddy,37,Female,East,Patna,Furniture,Chair,5,26731.96,0.2,133392.48,47525.8,75.97,Credit Card,3,FALSE,Delivered,8
ORD-03852,31-07-2024,CUST08935,Aarav Gupta,45,Male,Central,Raipur,Clothing,Jacket,6,1428.03,0.39,8534.76,3565.98,50.49,Cash on Delivery,2,FALSE,Cancelled,9
ORD-02852,28-05-2023,CUST37103,Shreya Kapoor,20,Male,North,Amritsar,Clothing,Jacket,3,484.17,0.23,1449.17,426.78,63.91,UPI,4,FALSE,Delivered,9
ORD-02479,12-12-2022,CUST81623,Karan Rao,34,Male,North,Delhi,Sports,Football,6,14056.09,0.09,84260.64,14331.53,49.31,UPI,1,FALSE,Delivered,7
ORD-01854,31-03-2022,CUST02552,Rahul Bhat,61,Other,Central,Bhopal,Clothing,Kurta,6,2927.23,0.17,17533.52,6682.89,76.05,Credit Card,1,TRUE,Returned,2
ORD-03556,25-03-2024,CUST47056,Nisha Gupta,49,Female,West,Ahmedabad,Books,Cook Book,1,1034.06,0.1,1033.03,456.36,69.43,Net Banking,1,FALSE,Delivered,6
ORD-03425,25-01-2024,CUST92969,Nisha Mishra,20,Female,East,Guwahati,Beauty,Hair Oil,3,1606.29,0.23,4807.79,1014.15,92.92,Cash on Delivery,3,FALSE,Delivered,10
ORD-01650,01-05-2022,CUST51192,Deepa Mishra,28,Female,West,Surat,Beauty,Face Cream,5,305.51,0.04,1526.94,396.56,77.17,UPI,1,FALSE,Delivered,4
ORD-00284,05-06-2020,CUST68796,Ritu Sharma,37,Female,Central,Bhopal,Groceries,Flour,2,54.6,0.34,108.83,6.89,42.28,Cash on Delivery,4,FALSE,Delivered,3
ORD-00006,01-02-2020,CUST13639,Karan Bose,50,Female,North,Chandigarh,Groceries,Dal (1Kg),7,238.66,0.05,1669.78,110.98,46.42,Debit Card,4,FALSE,Delivered,2
ORD-02374,23-10-2022,CUST40049,Aarav Chatterjee,50,Female,North,Amritsar,Furniture,Bed Frame,8,22347.78,0.29,178263.77,47789.83,10.59,Debit Card,1,FALSE,Delivered,4
ORD-01445,15-10-2021,CUST58478,Sunita Reddy,38,Other,West,Surat,Beauty,Lipstick,8,1489.85,0.09,11908.07,3809.88,86.42,Credit Card,2,FALSE,Cancelled,6
ORD-02660,26-02-2023,CUST97483,Vikram Singh,38,Female,North,Delhi,Furniture,Chair,1,23555.64,0.09,23534.44,5562.38,65.5,UPI,1,FALSE,Delivered,10
ORD-04100,15-11-2024,CUST32922,Nikhil Kumar,38,Other,North,Ludhiana,Groceries,Tea,4,328.95,0.08,1314.75,67.2,60.46,UPI,5,FALSE,Pending,3
ORD-02017,06-09-2022,CUST95440,Rohan Iyer,32,Other,North,Chandigarh,Beauty,Shampoo,8,1772.53,0.28,14140.54,4615.51,68.18,EMI,1,TRUE,Returned,3
ORD-01394,20-09-2021,CUST91444,Aarav Iyer,46,Male,Central,Indore,Electronics,Smartphone,7,38846.9,0.21,271357.25,39365.88,50.81,Net Banking,4,FALSE,Delivered,10
ORD-00676,11-02-2020,CUST84441,Karan Iyer,35,Other,East,Kolkata,Electronics,Camera,2,41850.01,0.07,83641.43,8565.9,59.88,UPI,1,FALSE,Cancelled,8
ORD-03500,03-01-2024,CUST22955,Sanjay Mishra,24,Male,Central,Raipur,Furniture,Bookshelf,5,25732.89,0.37,128188.39,26314.49,67.41,Cash on Delivery,2,FALSE,Delivered,2
ORD-02151,08-01-2022,CUST65336,Amit Kapoor,48,Female,Central,Bhopal,Books,Cook Book,4,1045.84,0.39,4167.04,1247.53,43.68,Debit Card,5,FALSE,Shipped,5
ORD-01294,08-06-2021,CUST87248,Shreya Das,30,Other,South,Bangalore,Groceries,Rice (5Kg),8,278.21,0.22,2220.78,188.15,61.34,Credit Card,2,FALSE,Delivered,5
ORD-03319,12-08-2023,CUST70804,Ritu Singh,44,Other,East,Guwahati,Groceries,Flour,7,327.26,0.09,2288.76,157.97,83.19,Net Banking,1,FALSE,Delivered,2
ORD-01378,15-09-2021,CUST96105,Rohan Pillai,25,Male,North,Delhi,Furniture,Bookshelf,4,23015.5,0.13,91942.32,34267.22,28.42,UPI,1,TRUE,Returned,10
ORD-01948,05-10-2022,CUST73300,Nikhil Singh,22,Female,West,Surat,Furniture,Wardrobe,4,18771.18,0.12,74994.62,21095.21,68.93,Net Banking,5,FALSE,Delivered,1
ORD-01350,31-08-2021,CUST96166,Vikram Mehta,41,Female,North,Amritsar,Books,Fiction Novel,2,1075.45,0.13,2148.1,949.67,47.1,UPI,2,FALSE,Delivered,6
ORD-03753,23-06-2024,CUST16098,Priya Sharma,41,Female,South,Hyderabad,Books,Textbook,10,1271.11,0.24,12680.59,5996.1,47.57,Net Banking,5,FALSE,Delivered,1
ORD-00843,20-01-2021,CUST07824,Priya Chatterjee,20,Female,West,Surat,Furniture,Bookshelf,10,7217.24,0.34,71927.01,9777.45,78.16,Net Banking,1,TRUE,Returned,2
ORD-01969,20-05-2022,CUST23162,Nikhil Patel,17,Other,West,Surat,Electronics,Tablet,10,8235.1,0.22,82169.83,11235.34,33.15,Debit Card,5,FALSE,Delivered,4
ORD-00071,27-01-2020,CUST06330,Priya Kapoor,24,Female,West,Pune,Books,Biography,8,493.36,0.34,3933.46,742.64,52.85,Credit Card,4,FALSE,Delivered,6
ORD-00467,25-07-2020,CUST24562,Aarav Shah,23,Male,North,Chandigarh,Groceries,Sugar,8,445.99,0.24,3559.36,281.9,72.48,Debit Card,2,FALSE,Delivered,9
ORD-01664,13-01-2022,CUST78261,Meera Rao,37,Female,West,Ahmedabad,Furniture,Desk,10,17068.89,0.16,170415.8,41346.8,81.76,Cash on Delivery,5,FALSE,Shipped,5
ORD-00047,19-01-2020,CUST03104,Nisha Shah,33,Female,South,Hyderabad,Sports,Dumbbells,3,2208.38,0.02,6623.81,1191.19,87.33,Net Banking,2,FALSE,Delivered,5
ORD-01164,06-05-2021,CUST06311,Sanjay Reddy,26,Other,East,Guwahati,Beauty,Face Cream,5,1895.73,0.16,9463.48,5748.45,53.1,Credit Card,1,FALSE,Delivered,10
ORD-00398,21-06-2020,CUST35407,Aarav Rao,26,Female,North,Chandigarh,Beauty,Perfume,9,137.31,0.24,1232.82,516.92,64.95,EMI,1,FALSE,Delivered,1
ORD-02874,06-01-2023,CUST62622,Priya Kapoor,17,Male,North,Amritsar,Sports,Tennis Racket,10,9450.13,0.12,94387.9,22767.2,65.88,EMI,1,TRUE,Returned,6
ORD-03123,09-10-2023,CUST24025,Rohan Joshi,40,Male,North,Delhi,Furniture,Desk,10,25522.49,0.22,254663.41,112620.79,24.03,Cash on Delivery,1,FALSE,Delivered,10
ORD-01668,13-01-2022,CUST70127,Karan Nair,42,Female,West,Ahmedabad,Books,Self-Help Book,2,1184.85,0,2369.7,844.3,79.06,Net Banking,3,FALSE,Delivered,5
ORD-02932,25-06-2023,CUST49455,Nisha Iyer,17,Other,North,Amritsar,Furniture,Wardrobe,8,11770.39,0.15,94021.88,30354.4,52.08,Net Banking,4,FALSE,Shipped,10
ORD-00785,23-12-2020,CUST18574,Sunita Singh,35,Other,South,Chennai,Groceries,Tea,9,203.63,0.29,1827.36,75.45,84.23,Net Banking,4,FALSE,Delivered,1
ORD-01564,30-11-2021,CUST24016,Kavya Patel,64,Male,North,Chandigarh,Books,Textbook,5,625.59,0.02,3127.32,910.71,43.73,UPI,5,FALSE,Delivered,7
ORD-03077,21-08-2023,CUST23896,Ananya Kumar,54,Male,North,Delhi,Clothing,Dress,5,3920.37,0.09,19584.21,10054.85,17.84,Debit Card,3,FALSE,Delivered,6
ORD-00702,13-11-2020,CUST28491,Rohan Bose,33,Male,West,Mumbai,Groceries,Rice (5Kg),7,359.06,0.02,2512.92,153.38,77.28,Cash on Delivery,2,FALSE,Delivered,8
ORD-00423,07-06-2020,CUST04728,Nikhil Mehta,43,Male,Central,Raipur,Sports,Football,3,11793.71,0.32,35267.91,6296.56,63.2,Credit Card,4,FALSE,Delivered,9
ORD-01176,06-10-2021,CUST37244,Aditya Bhat,32,Other,Central,Raipur,Clothing,Saree,7,2184.88,0.16,15269.69,4252.26,49.09,EMI,4,FALSE,Delivered,5
ORD-00925,22-02-2021,CUST77643,Karan Reddy,40,Male,East,Bhubaneswar,Electronics,Laptop,9,27718.27,0.22,248915.61,36385.34,75.4,Cash on Delivery,1,FALSE,Delivered,3
ORD-03897,14-08-2024,CUST40736,Deepa Sharma,34,Other,Central,Indore,Beauty,Sunscreen,3,720.8,0.24,2157.21,892.22,47.4,Cash on Delivery,1,FALSE,Delivered,2
ORD-01695,27-01-2022,CUST18018,Vikram Gupta,19,Female,South,Kochi,Electronics,Smartwatch,6,20306.85,0.36,121402.47,6252.6,80.91,Cash on Delivery,5,FALSE,Delivered,6
ORD-00817,01-09-2021,CUST03410,Ananya Rao,42,Female,North,Delhi,Electronics,Smartphone,10,55337.12,0.24,552043.11,36301.09,63.2,UPI,2,TRUE,Returned,10
ORD-00518,18-08-2020,CUST53973,Rohan Pillai,22,Male,East,Patna,Books,Self-Help Book,10,1445,0.31,14405.2,3313.53,74.73,Net Banking,4,FALSE,Delivered,3
ORD-03809,14-07-2024,CUST76945,Rohan Sharma,40,Male,West,Mumbai,Books,Comic Book,8,526.69,0.25,4202.99,1871.66,54.87,EMI,3,TRUE,Returned,7
ORD-02109,17-07-2022,CUST39644,Rohan Bose,42,Male,East,Guwahati,Clothing,T-Shirt,7,2784.47,0.09,19473.75,7897.77,98.75,Credit Card,3,TRUE,Returned,8
ORD-03291,24-11-2023,CUST41602,Arjun Bose,35,Other,North,Ludhiana,Electronics,Laptop,4,61816.92,0,247267.68,30169.32,42.89,EMI,1,FALSE,Delivered,10
ORD-03608,20-04-2024,CUST01140,Rohan Sharma,39,Male,Central,Raipur,Beauty,Perfume,8,722.26,0.33,5759.01,4477.03,42.31,Net Banking,3,TRUE,Returned,1
ORD-02743,04-01-2023,CUST97838,Ritu Mehta,28,Other,East,Bhubaneswar,Clothing,Jacket,1,3896.79,0.36,3882.76,1531.25,72.56,Cash on Delivery,5,FALSE,Delivered,5
ORD-02121,22-07-2022,CUST19087,Ritu Verma,38,Female,South,Bangalore,Books,Fiction Novel,2,785.43,0.27,1566.62,594.5,65.58,Debit Card,3,FALSE,Delivered,3
ORD-03067,18-08-2023,CUST47125,Rohan Kumar,34,Male,Central,Nagpur,Sports,Yoga Mat,4,6531.91,0.18,26080.61,7449.38,78.26,Net Banking,1,FALSE,Delivered,8
ORD-02523,31-12-2022,CUST28943,Nisha Sharma,26,Female,West,Pune,Books,Fiction Novel,6,1055.08,0.36,6307.69,1190.94,62.47,Debit Card,3,FALSE,Delivered,4
ORD-01598,14-12-2021,CUST10754,Priya Singh,48,Other,North,Delhi,Electronics,Camera,7,52086.42,0,364604.94,39729.58,59.26,Debit Card,5,TRUE,Returned,3
ORD-01100,05-11-2021,CUST70498,Arjun Mishra,23,Female,East,Bhubaneswar,Groceries,Dal (1Kg),5,176.3,0.32,878.68,60.81,108.31,EMI,2,FALSE,Shipped,3
ORD-02084,07-07-2022,CUST67930,Ritu Das,42,Male,West,Surat,Furniture,Bed Frame,6,4221.96,0.25,25268.43,11561.41,56.54,Net Banking,2,FALSE,Delivered,5
ORD-02407,11-06-2022,CUST82035,Deepa Bhat,66,Male,West,Surat,Electronics,Tablet,4,23321.4,0.36,92949.77,8865.89,72.32,Debit Card,1,TRUE,Returned,7
ORD-01459,22-10-2021,CUST85012,Nikhil Joshi,30,Other,West,Ahmedabad,Books,Self-Help Book,9,601.66,0.04,5412.77,1862.14,59.96,Debit Card,2,TRUE,Returned,1
ORD-01717,02-02-2022,CUST55628,Priya Singh,35,Other,North,Amritsar,Books,Fiction Novel,5,1351.01,0.14,6745.59,341.54,36.21,UPI,1,TRUE,Returned,2
ORD-01379,15-09-2021,CUST23044,Meera Verma,48,Female,South,Bangalore,Groceries,Cooking Oil,8,378.17,0.2,3019.31,171.58,53.04,Debit Card,2,FALSE,Delivered,7
ORD-03272,15-11-2023,CUST57589,Meera Chatterjee,35,Other,West,Mumbai,Sports,Cricket Bat,10,4317.81,0.2,43091.74,7938.01,65.95,Cash on Delivery,3,FALSE,Shipped,3
ORD-00989,27-03-2021,CUST63010,Kavya Kapoor,34,Male,West,Ahmedabad,Sports,Yoga Mat,6,4757.97,0.39,28436.48,4630.17,69.73,Cash on Delivery,1,FALSE,Delivered,6
ORD-01118,18-05-2021,CUST77399,Shreya Shah,59,Other,South,Hyderabad,Groceries,Rice (5Kg),4,346.05,0.01,1384.06,156.61,48.59,UPI,4,FALSE,Delivered,10
ORD-02078,07-05-2022,CUST50258,Pooja Joshi,32,Other,North,Amritsar,Books,Comic Book,4,407.5,0.21,1626.58,655.53,64,Net Banking,2,FALSE,Delivered,8
ORD-03627,26-04-2024,CUST14544,Karan Bose,15,Male,North,Chandigarh,Beauty,Face Cream,6,2053.53,0.02,12318.72,7506.82,54.84,Debit Card,4,TRUE,Returned,9
ORD-03599,14-04-2024,CUST08352,Nisha Verma,23,Other,Central,Indore,Furniture,Bookshelf,2,30615.34,0.21,61102.1,26460.69,57.35,Net Banking,2,FALSE,Delivered,2
ORD-03663,05-11-2024,CUST63146,Deepa Verma,22,Other,South,Chennai,Books,Fiction Novel,5,480.68,0.37,2394.51,185.46,65.84,Net Banking,1,FALSE,Delivered,7
ORD-01484,28-10-2021,CUST77114,Arjun Bose,49,Other,North,Amritsar,Beauty,Face Cream,1,2097.9,0.1,2095.8,591.99,41.06,EMI,5,FALSE,Delivered,4
ORD-03620,23-04-2024,CUST14620,Nikhil Verma,48,Female,Central,Nagpur,Furniture,Desk,10,11308.29,0.28,112766.27,35774.65,57.9,UPI,4,FALSE,Delivered,5
ORD-03615,22-04-2024,CUST74717,Amit Joshi,34,Other,Central,Raipur,Books,Fiction Novel,2,1290.19,0.11,2577.54,1141.88,63.68,Debit Card,1,FALSE,Delivered,6
ORD-00189,25-03-2020,CUST02132,Pooja Reddy,41,Female,North,Delhi,Groceries,Tea,1,342.62,0.31,341.56,14.18,59.96,EMI,3,FALSE,Delivered,6
ORD-03235,31-10-2023,CUST84105,Shreya Gupta,34,Female,West,Mumbai,Furniture,Wardrobe,10,28237.47,0.29,281555.81,39521.26,54.08,Cash on Delivery,5,FALSE,Delivered,2
ORD-00285,05-06-2020,CUST37349,Nisha Joshi,46,Male,East,Bhubaneswar,Beauty,Perfume,4,1004.49,0.29,4006.31,2033.39,97.74,Debit Card,3,TRUE,Returned,8
ORD-03763,26-06-2024,CUST66505,Vikram Verma,49,Male,Central,Nagpur,Sports,Cricket Bat,3,10144.06,0.02,30426.09,10158.3,72.68,Debit Card,1,TRUE,Returned,1
ORD-00344,28-05-2020,CUST09269,Shreya Kumar,40,Female,West,Pune,Groceries,Sugar,5,447.63,0.3,2231.44,140.38,65.87,Cash on Delivery,1,FALSE,Cancelled,10
ORD-00008,01-02-2020,CUST27101,Shreya Kumar,45,Male,East,Patna,Books,Cook Book,2,435.28,0.32,867.77,152.9,54.81,Cash on Delivery,2,FALSE,Cancelled,9
ORD-00760,12-11-2020,CUST23262,Priya Mishra,32,Female,North,Delhi,Furniture,Bookshelf,6,18877.52,0.29,112936.65,21779.26,27.92,Debit Card,5,FALSE,Delivered,6
ORD-02062,28-06-2022,CUST44853,Arjun Shah,27,Female,Central,Raipur,Groceries,Rice (5Kg),1,197.09,0.32,196.46,20.87,46.31,Debit Card,1,FALSE,Shipped,5
ORD-03834,24-07-2024,CUST62488,Sanjay Bose,31,Other,East,Kolkata,Groceries,Sugar,5,335.32,0.33,1671.07,171.12,88.98,Cash on Delivery,1,TRUE,Returned,2
ORD-02264,09-11-2022,CUST27188,Aditya Das,34,Male,North,Chandigarh,Furniture,Bookshelf,2,11078.6,0.06,22143.91,7028.83,45.78,UPI,2,FALSE,Delivered,10
ORD-02158,08-04-2022,CUST11487,Sanjay Singh,39,Male,South,Hyderabad,Groceries,Tea,2,287.46,0.12,574.23,45.33,63.51,UPI,2,FALSE,Cancelled,4
ORD-01449,17-10-2021,CUST79698,Deepa Das,49,Other,Central,Raipur,Sports,Tennis Racket,4,11988.33,0.37,47775.89,3508.41,63.72,UPI,2,FALSE,Delivered,5
ORD-01097,05-11-2021,CUST63448,Rohan Chatterjee,48,Female,West,Surat,Furniture,Chair,7,30335.68,0.23,211861.36,47519.09,63.26,Cash on Delivery,5,FALSE,Pending,6
ORD-00055,21-01-2020,CUST98423,Arjun Kumar,37,Other,East,Guwahati,Groceries,Flour,2,61.44,0.12,122.73,6.89,72.83,UPI,2,FALSE,Delivered,1
ORD-04044,21-10-2024,CUST43452,Nisha Kapoor,46,Female,South,Kochi,Beauty,Sunscreen,1,882.32,0.25,880.11,531.18,92.13,Net Banking,5,FALSE,Cancelled,4
ORD-03362,26-12-2023,CUST63701,Aditya Kumar,31,Female,North,Amritsar,Clothing,Jeans,8,3109.43,0.34,24790.86,4682.29,78.43,UPI,2,FALSE,Delivered,1
ORD-02764,11-04-2023,CUST82237,Arjun Bose,36,Other,Central,Nagpur,Beauty,Sunscreen,9,1168.75,0.22,10495.61,3312.86,24.91,Credit Card,1,FALSE,Delivered,6
ORD-01946,05-09-2022,CUST58038,Arjun Joshi,43,Other,West,Pune,Groceries,Rice (5Kg),10,378.93,0.36,3775.66,209.1,60.05,Credit Card,1,FALSE,Delivered,1
ORD-03870,06-08-2024,CUST69875,Sanjay Mehta,43,Male,Central,Raipur,Clothing,Dress,3,1773.46,0.35,5301.76,1728.27,68.9,UPI,4,FALSE,Cancelled,3
ORD-01052,20-04-2021,CUST46428,Vikram Das,20,Male,North,Delhi,Electronics,Camera,8,37212.54,0.08,297462.16,22436.74,59.69,EMI,1,FALSE,Delivered,9
ORD-03411,18-01-2024,CUST62485,Deepa Kapoor,29,Other,East,Patna,Groceries,Flour,3,472.46,0.38,1411.99,75.78,90.06,Credit Card,2,FALSE,Cancelled,9
ORD-02279,16-09-2022,CUST11155,Ananya Verma,52,Female,West,Mumbai,Electronics,Laptop,6,13712.65,0.21,82103.12,10911.94,44.8,Debit Card,2,FALSE,Delivered,5
ORD-02655,24-02-2023,CUST25325,Amit Joshi,34,Male,Central,Nagpur,Books,Fiction Novel,10,890.58,0.05,8901.35,3442.31,77.84,UPI,1,FALSE,Delivered,4
ORD-02555,13-01-2023,CUST46238,Nisha Singh,13,Other,South,Chennai,Groceries,Cooking Oil,6,429.91,0.36,2570.17,163.29,71.98,Cash on Delivery,3,FALSE,Delivered,3
ORD-02464,12-05-2022,CUST86293,Rahul Kapoor,28,Male,South,Kochi,Furniture,Bed Frame,1,21880.63,0.13,21852.19,4167.88,65.81,Debit Card,5,FALSE,Delivered,7
ORD-03125,09-11-2023,CUST63392,Pooja Nair,49,Other,Central,Raipur,Sports,Yoga Mat,8,7594.18,0.06,60716.99,14737.07,75.23,Net Banking,3,FALSE,Delivered,10
ORD-02541,01-09-2023,CUST26316,Ananya Gupta,24,Other,South,Chennai,Books,Textbook,2,1431.03,0.24,2855.19,945.9,64.39,Debit Card,2,FALSE,Pending,1
ORD-02857,28-05-2023,CUST81300,Ananya Mishra,27,Other,Central,Bhopal,Electronics,Smartphone,2,16666.39,0.04,33319.45,6476.79,54.21,UPI,1,FALSE,Delivered,8
ORD-03704,28-05-2024,CUST39978,Sunita Kapoor,34,Female,Central,Raipur,Beauty,Shampoo,4,1243.93,0.34,4958.8,1521.9,44.57,Debit Card,1,FALSE,Delivered,6
ORD-01648,01-05-2022,CUST42883,Vikram Joshi,32,Male,North,Amritsar,Clothing,Saree,7,3381.19,0.39,23576.02,3903.15,52.43,EMI,3,TRUE,Returned,4
ORD-00882,02-02-2021,CUST46121,Arjun Shah,41,Female,North,Amritsar,Furniture,Bed Frame,10,21056.57,0.24,210060.34,31712.53,53.62,Credit Card,2,TRUE,Returned,10
ORD-01780,03-01-2022,CUST67461,Aditya Kapoor,16,Male,North,Chandigarh,Sports,Dumbbells,2,13902.39,0.37,27701.9,5540.98,37.83,Net Banking,3,FALSE,Delivered,7
ORD-01611,21-12-2021,CUST14221,Nisha Iyer,51,Other,West,Ahmedabad,Books,Textbook,10,1181.99,0.01,11818.72,3933.86,52.54,Debit Card,5,TRUE,Returned,10
ORD-03545,20-03-2024,CUST48258,Deepa Patel,41,Female,South,Hyderabad,Groceries,Cooking Oil,7,439.78,0.11,3075.07,320.83,64,UPI,1,FALSE,Pending,9
ORD-02012,06-06-2022,CUST50838,Sunita Sharma,35,Male,North,Amritsar,Beauty,Hair Oil,3,151.66,0.28,453.71,194.08,50.29,UPI,3,FALSE,Delivered,1
ORD-02849,26-05-2023,CUST49953,Aditya Kapoor,47,Other,South,Hyderabad,Books,Comic Book,1,616.77,0.26,615.17,253.49,67.82,Net Banking,3,TRUE,Returned,5
ORD-00376,09-06-2020,CUST08639,Rahul Kapoor,43,Female,West,Mumbai,Sports,Dumbbells,10,7388.77,0.35,73629.09,7907.83,79.13,Credit Card,2,TRUE,Returned,2
ORD-01583,09-12-2021,CUST77780,Shreya Sharma,34,Other,North,Ludhiana,Furniture,Bed Frame,2,33979.17,0.09,67897.18,18574.16,35.89,Credit Card,4,TRUE,Returned,4
ORD-01802,03-08-2022,CUST29312,Arjun Verma,35,Other,East,Kolkata,Beauty,Hair Oil,1,2317.49,0.12,2314.71,1307.37,92.14,Credit Card,4,FALSE,Delivered,4
ORD-04040,19-10-2024,CUST65904,Aditya Reddy,24,Female,Central,Raipur,Beauty,Face Cream,1,1189.68,0.38,1185.16,476.12,61.72,UPI,3,FALSE,Delivered,7
ORD-01337,24-08-2021,CUST96224,Pooja Bhat,42,Male,East,Guwahati,Beauty,Shampoo,6,1830.42,0.38,10940.79,3889.27,89.06,EMI,5,FALSE,Pending,7
ORD-02032,14-06-2022,CUST87100,Priya Das,31,Female,North,Chandigarh,Sports,Dumbbells,1,9438.79,0.06,9433.13,2911.92,48.64,Net Banking,3,FALSE,Delivered,8
ORD-01663,01-12-2022,CUST47721,Karan Mishra,47,Male,North,Delhi,Beauty,Face Cream,7,183.5,0.06,1283.73,329.15,81.3,Cash on Delivery,5,FALSE,Delivered,7
ORD-04032,16-10-2024,CUST20384,Shreya Das,34,Male,West,Mumbai,Beauty,Hair Oil,8,1325.92,0.36,10569.17,3668.15,75.44,Credit Card,2,FALSE,Delivered,10
ORD-03391,01-06-2024,CUST82012,Amit Chatterjee,12,Male,Central,Indore,Furniture,Sofa,1,17054.15,0.05,17045.62,5809.8,62.17,Cash on Delivery,3,FALSE,Delivered,2
ORD-00065,24-01-2020,CUST46511,Aditya Mehta,38,Male,Central,Bhopal,Sports,Tennis Racket,7,11809.1,0.37,82357.84,8489.59,52.58,UPI,1,TRUE,Returned,5
ORD-01211,30-06-2021,CUST89209,Nisha Patel,55,Female,West,Mumbai,Groceries,Dal (1Kg),1,92.07,0.24,91.85,5.66,66.61,UPI,4,TRUE,Returned,4
ORD-04028,14-10-2024,CUST55623,Nikhil Mehta,72,Male,Central,Indore,Books,Biography,8,953.45,0.12,7618.45,3146.46,74.99,EMI,1,FALSE,Delivered,9
ORD-03168,10-03-2023,CUST99426,Sunita Shah,39,Female,East,Patna,Furniture,Chair,3,22116.52,0.14,66256.67,15322.58,80.03,EMI,2,TRUE,Returned,6
ORD-02377,25-10-2022,CUST98234,Priya Das,37,Female,East,Kolkata,Books,Biography,3,641.95,0.29,1920.27,516.36,78.51,UPI,1,FALSE,Delivered,8
ORD-00848,21-01-2021,CUST63825,Aarav Bose,42,Female,Central,Nagpur,Electronics,Camera,7,73688.74,0.36,513964.22,15758.03,63.44,Net Banking,3,FALSE,Delivered,7
ORD-02428,15-11-2022,CUST87410,Rahul Bose,14,Other,South,Kochi,Groceries,Rice (5Kg),10,90.88,0.15,907.44,64.16,43,Net Banking,2,FALSE,Delivered,3
ORD-03977,09-11-2024,CUST09103,Nisha Kapoor,30,Other,West,Ahmedabad,Clothing,Saree,5,1833.43,0.25,9144.23,2732.97,67.54,EMI,2,TRUE,Returned,2
ORD-03020,31-07-2023,CUST84225,Ananya Gupta,49,Male,North,Ludhiana,Furniture,Wardrobe,4,33460.25,0.13,133667.01,63064.44,40.01,UPI,5,FALSE,Delivered,5
ORD-01487,30-10-2021,CUST74622,Priya Sharma,30,Other,Central,Bhopal,Sports,Dumbbells,1,9205.69,0.13,9193.72,1902.62,71.07,Debit Card,1,FALSE,Delivered,5
ORD-00683,11-06-2020,CUST71427,Ritu Das,21,Male,Central,Nagpur,Groceries,Rice (5Kg),8,483.25,0.06,3863.68,207.65,28.67,UPI,3,FALSE,Delivered,2
ORD-00553,09-02-2020,CUST75347,Nisha Singh,15,Other,North,Ludhiana,Groceries,Dal (1Kg),3,101.86,0.13,305.18,25.03,47.2,Net Banking,5,FALSE,Delivered,7
ORD-00139,24-02-2020,CUST35429,Ritu Nair,43,Female,South,Chennai,Books,Comic Book,6,1179.07,0.24,7057.44,455.49,77.92,Cash on Delivery,1,FALSE,Cancelled,3
ORD-01462,22-10-2021,CUST48119,Arjun Kumar,25,Other,West,Mumbai,Sports,Yoga Mat,4,9927.75,0.01,39707.03,8083.5,86.33,Cash on Delivery,1,FALSE,Delivered,5
ORD-02406,11-06-2022,CUST28811,Sunita Joshi,14,Other,South,Hyderabad,Books,Comic Book,6,1290.45,0.14,7731.86,2015.44,72.18,Debit Card,3,FALSE,Delivered,7
ORD-00484,08-01-2020,CUST47442,Sunita Shah,47,Female,South,Hyderabad,Books,Fiction Novel,1,658.73,0.32,656.62,224.09,56.27,Net Banking,1,FALSE,Cancelled,10
ORD-03279,17-11-2023,CUST55124,Arjun Nair,35,Female,South,Hyderabad,Beauty,Hair Oil,5,2164.5,0.36,10783.54,3108.13,89.26,EMI,1,FALSE,Delivered,5
ORD-00236,13-04-2020,CUST00024,Rohan Bhat,35,Other,North,Amritsar,Books,Self-Help Book,5,966.73,0.32,4818.18,1436.4,27.61,EMI,5,FALSE,Shipped,4
ORD-02214,25-08-2022,CUST69266,Meera Iyer,42,Female,South,Kochi,Sports,Yoga Mat,3,11700.18,0.34,34981.2,7211.28,61.57,Cash on Delivery,2,FALSE,Delivered,4
ORD-01812,03-12-2022,CUST87331,Priya Iyer,37,Other,South,Hyderabad,Clothing,Saree,2,3062.06,0,6124.12,1929.46,60.97,Credit Card,4,FALSE,Delivered,6
ORD-02835,18-05-2023,CUST93185,Sunita Verma,46,Male,North,Ludhiana,Books,Biography,2,922.52,0.02,1844.67,1106.75,61.06,Debit Card,3,FALSE,Delivered,9
ORD-02005,03-06-2022,CUST62519,Priya Joshi,46,Female,South,Bangalore,Beauty,Sunscreen,10,1635.87,0.21,16324.35,9364.27,65.41,Cash on Delivery,4,FALSE,Delivered,4
ORD-03293,24-11-2023,CUST17652,Arjun Rao,40,Male,East,Guwahati,Beauty,Face Cream,7,586.63,0.04,4104.77,1208.13,90.59,Net Banking,2,FALSE,Pending,8
ORD-03717,06-09-2024,CUST54594,Ritu Verma,37,Male,South,Hyderabad,Sports,Football,4,969.54,0.1,3874.28,476.57,59.53,Net Banking,4,FALSE,Delivered,5
ORD-02395,11-01-2022,CUST38435,Aarav Das,34,Other,West,Mumbai,Electronics,Smartphone,5,17051.01,0.02,85238,12014.35,60.41,Debit Card,4,FALSE,Delivered,3
ORD-03610,20-04-2024,CUST71966,Deepa Kumar,31,Female,West,Pune,Beauty,Perfume,8,1737.06,0.05,13889.53,9320.24,48.1,EMI,4,FALSE,Delivered,9
ORD-02433,19-11-2022,CUST52680,Ritu Shah,40,Female,North,Delhi,Sports,Cycle,9,10073.67,0.2,90481.7,18108.91,53.9,EMI,4,FALSE,Cancelled,2
ORD-02752,04-06-2023,CUST77977,Priya Verma,39,Other,North,Chandigarh,Furniture,Desk,4,20972.36,0.23,83696.49,40455.26,43.34,UPI,1,FALSE,Delivered,4
ORD-01125,23-05-2021,CUST04001,Ananya Das,41,Male,Central,Bhopal,Sports,Football,8,1689.13,0.12,13496.82,3872.78,78.96,Net Banking,3,FALSE,Shipped,2
ORD-02639,16-02-2023,CUST43114,Deepa Sharma,37,Male,South,Kochi,Furniture,Bookshelf,5,26873.8,0.3,133965.89,33382.41,80.54,Net Banking,2,FALSE,Cancelled,9
ORD-03791,07-06-2024,CUST64574,Sanjay Pillai,26,Female,Central,Bhopal,Electronics,Smartphone,8,70977.79,0.2,566686.68,120414.48,61.68,Cash on Delivery,3,FALSE,Delivered,1
ORD-00945,03-03-2021,CUST29179,Karan Verma,14,Other,West,Surat,Sports,Yoga Mat,4,7733.68,0.34,30829.54,3661.66,56.01,Credit Card,2,FALSE,Delivered,6
ORD-01357,09-03-2021,CUST15011,Rahul Shah,21,Other,West,Mumbai,Books,Fiction Novel,7,712.53,0.07,4984.22,1803.51,57.42,Credit Card,1,TRUE,Returned,10
ORD-02224,28-08-2022,CUST30540,Priya Bhat,25,Female,West,Ahmedabad,Sports,Cycle,7,8703.41,0.09,60869.04,14340.35,62,Debit Card,2,FALSE,Delivered,1
ORD-01631,27-12-2021,CUST37296,Meera Chatterjee,49,Male,North,Chandigarh,Furniture,Bookshelf,4,7533.42,0.13,30094.51,7287.96,68.3,Credit Card,5,FALSE,Delivered,6
ORD-03689,22-05-2024,CUST89381,Vikram Bose,31,Female,South,Hyderabad,Furniture,Chair,7,13446.15,0.03,94094.81,34353.53,72.19,Debit Card,3,FALSE,Delivered,8
ORD-02484,13-12-2022,CUST16309,Rohan Verma,20,Other,Central,Raipur,Clothing,Saree,4,630.74,0.04,2521.95,616.52,29.52,Debit Card,2,FALSE,Delivered,9
ORD-00823,01-12-2021,CUST48473,Sunita Joshi,48,Male,West,Pune,Beauty,Sunscreen,1,1901.42,0.3,1895.72,482.79,37.7,EMI,5,FALSE,Delivered,7
ORD-00557,09-04-2020,CUST03973,Rahul Iyer,34,Male,East,Bhubaneswar,Books,Self-Help Book,6,821.78,0.16,4922.79,2079.93,89.15,Credit Card,4,FALSE,Cancelled,7
ORD-01283,08-01-2021,CUST68514,Sanjay Mishra,34,Male,North,Ludhiana,Beauty,Hair Oil,10,1896.08,0.01,18958.9,8645.2,60.54,Net Banking,2,FALSE,Delivered,10
ORD-00375,06-09-2020,CUST69130,Nikhil Singh,40,Other,South,Kochi,Furniture,Bed Frame,3,32005.1,0.14,95880.88,40250.51,26.04,Net Banking,5,FALSE,Delivered,1
ORD-04096,13-11-2024,CUST25252,Nikhil Rao,25,Other,East,Kolkata,Beauty,Hair Oil,4,2272.1,0.15,9074.77,936.13,54.4,Cash on Delivery,2,FALSE,Delivered,7
ORD-04142,12-04-2024,CUST18673,Sanjay Joshi,19,Other,North,Ludhiana,Beauty,Face Cream,9,1593.35,0.06,14331.55,4094.58,42.17,Credit Card,3,FALSE,Delivered,2
ORD-02851,26-05-2023,CUST69918,Aditya Verma,39,Female,Central,Bhopal,Beauty,Sunscreen,1,2345.65,0.07,2344.01,2141.87,54.42,Net Banking,2,TRUE,Returned,3
ORD-03449,02-04-2024,CUST23951,Karan Kapoor,40,Female,Central,Raipur,Furniture,Desk,1,12690.08,0.16,12669.78,3348.35,78.84,Net Banking,4,FALSE,Delivered,2
ORD-00083,02-01-2020,CUST84754,Meera Shah,45,Other,Central,Nagpur,Clothing,Jeans,8,1746.58,0.14,13953.08,3692.11,25.32,Debit Card,3,FALSE,Shipped,3
ORD-03262,11-09-2023,CUST82303,Arjun Patel,18,Male,Central,Bhopal,Sports,Cycle,4,7196.49,0.2,28728.39,4701.83,62.08,Net Banking,1,TRUE,Returned,10
ORD-01086,05-06-2021,CUST14839,Aarav Mishra,27,Other,West,Ahmedabad,Sports,Yoga Mat,9,748.26,0.22,6719.52,3339.14,48.2,Cash on Delivery,3,FALSE,Shipped,3
ORD-00438,07-12-2020,CUST95274,Priya Shah,26,Female,Central,Nagpur,Groceries,Tea,9,367.82,0.37,3298.13,189.16,74.74,Debit Card,3,FALSE,Delivered,9
ORD-02601,02-04-2023,CUST02447,Sunita Singh,48,Other,East,Guwahati,Electronics,Smartwatch,6,27584.29,0.04,165439.54,18519.24,82.16,Cash on Delivery,3,TRUE,Returned,1
ORD-03577,04-03-2024,CUST58950,Kavya Mishra,57,Male,South,Chennai,Clothing,Dress,5,1559.69,0.16,7785.97,3080.02,61.62,UPI,3,FALSE,Delivered,3
ORD-02854,28-05-2023,CUST77130,Vikram Chatterjee,32,Male,Central,Bhopal,Sports,Dumbbells,5,2734.25,0.28,13632.97,628.32,40.14,Credit Card,2,FALSE,Delivered,5
ORD-03145,25-09-2023,CUST35682,Ananya Chatterjee,49,Female,North,Chandigarh,Sports,Football,1,6693.3,0.11,6685.94,1485.2,49.16,Credit Card,1,FALSE,Cancelled,7
ORD-03488,25-02-2024,CUST31348,Pooja Gupta,30,Female,Central,Indore,Electronics,Smartphone,1,7202.38,0.21,7187.26,552.15,67.34,Net Banking,2,TRUE,Returned,4
ORD-01109,15-05-2021,CUST81233,Nikhil Bose,19,Other,South,Kochi,Furniture,Sofa,1,12504.29,0.15,12485.53,5257.39,87.69,EMI,4,FALSE,Delivered,8
ORD-01569,12-02-2021,CUST66237,Ananya Kumar,30,Male,South,Kochi,Groceries,Tea,2,117.65,0.21,234.81,14.01,71.51,Net Banking,4,FALSE,Delivered,4
ORD-01845,27-03-2022,CUST10325,Ananya Joshi,27,Male,East,Guwahati,Electronics,Smartphone,7,49930.01,0.18,348880.95,52733.26,87.99,Credit Card,2,TRUE,Returned,1
ORD-01396,21-09-2021,CUST86234,Priya Reddy,56,Male,South,Kochi,Electronics,Tablet,8,75033.34,0.28,598585.97,73937.62,61.37,Credit Card,4,FALSE,Delivered,7
ORD-01252,18-07-2021,CUST60840,Sunita Patel,28,Other,East,Bhubaneswar,Furniture,Bookshelf,2,27494.42,0.09,54939.35,17991.26,56.35,Credit Card,3,FALSE,Delivered,6
ORD-00211,04-02-2020,CUST90979,Nisha Joshi,47,Male,South,Bangalore,Books,Comic Book,6,1246.19,0.06,7472.65,4298.89,74.09,EMI,3,FALSE,Delivered,7
ORD-01532,18-11-2021,CUST78938,Pooja Reddy,30,Male,Central,Indore,Clothing,Saree,7,1494.18,0.13,10445.66,3630.71,80.11,Credit Card,3,FALSE,Delivered,10
ORD-01616,24-12-2021,CUST87932,Ananya Kapoor,22,Male,South,Chennai,Clothing,Kurta,4,1566.74,0.07,6262.57,1682.6,77.04,Debit Card,4,FALSE,Shipped,9
ORD-00156,03-06-2020,CUST57074,Priya Singh,32,Male,Central,Indore,Clothing,T-Shirt,7,634.01,0.35,4422.54,1034.24,76.53,UPI,4,FALSE,Delivered,9
ORD-00140,24-02-2020,CUST51057,Rohan Verma,49,Female,Central,Bhopal,Beauty,Shampoo,3,2127.17,0.32,6361.09,1419.85,67.56,UPI,1,FALSE,Delivered,1
ORD-00187,23-03-2020,CUST95299,Amit Rao,44,Other,East,Guwahati,Groceries,Sugar,3,315.98,0.2,946.04,62.11,104.89,Credit Card,4,FALSE,Delivered,3
ORD-02417,11-09-2022,CUST65187,Rahul Chatterjee,41,Female,West,Mumbai,Sports,Dumbbells,10,5187.53,0.13,51807.86,8791.81,49.73,UPI,3,FALSE,Delivered,2
ORD-02499,21-12-2022,CUST68941,Vikram Pillai,38,Female,South,Hyderabad,Electronics,Headphones,10,22540.09,0.08,225220.58,22056.79,77.63,Cash on Delivery,4,FALSE,Delivered,6
ORD-02326,10-06-2022,CUST89114,Aditya Patel,27,Female,South,Hyderabad,Furniture,Bookshelf,9,22455.86,0.23,201637.9,35481.88,64.83,Credit Card,4,FALSE,Delivered,4
ORD-03862,08-04-2024,CUST25303,Arjun Bose,37,Female,West,Mumbai,Groceries,Dal (1Kg),4,315.04,0.14,1258.4,108.93,49.89,Credit Card,3,FALSE,Delivered,10
ORD-03396,01-10-2024,CUST18308,Priya Mehta,31,Male,Central,Raipur,Beauty,Sunscreen,10,412.64,0.28,4114.85,1648.72,35.19,Credit Card,5,FALSE,Delivered,6
ORD-02620,02-10-2023,CUST23456,Sunita Mishra,50,Male,South,Bangalore,Beauty,Perfume,6,1758.55,0.29,10520.7,4314.02,64.46,Net Banking,4,FALSE,Delivered,1
ORD-02725,28-03-2023,CUST39987,Aarav Shah,34,Male,North,Amritsar,Furniture,Sofa,2,25068.04,0.07,50100.98,15753.38,16.5,Debit Card,1,FALSE,Delivered,2
ORD-03964,09-06-2024,CUST57453,Arjun Joshi,14,Other,West,Mumbai,Electronics,Headphones,2,41228.52,0.11,82366.34,12285.24,37.79,Debit Card,4,TRUE,Returned,8
ORD-03534,15-03-2024,CUST18961,Meera Kumar,40,Male,East,Kolkata,Electronics,Laptop,4,12580.65,0.34,50151.5,5873.56,101.02,Net Banking,5,FALSE,Delivered,2
ORD-00872,31-01-2021,CUST37369,Amit Das,29,Female,South,Kochi,Beauty,Lipstick,3,1476.85,0.39,4413.27,946.31,72.85,EMI,1,TRUE,Returned,6
ORD-01739,12-02-2022,CUST00395,Arjun Reddy,42,Male,North,Ludhiana,Beauty,Face Cream,7,881.3,0.24,6154.29,2608.91,49.35,UPI,2,FALSE,Delivered,3
ORD-02015,06-07-2022,CUST43193,Rahul Mehta,36,Other,South,Kochi,Furniture,Chair,1,22337.23,0.08,22319.36,7115.37,44.4,UPI,3,FALSE,Delivered,10
ORD-00715,23-11-2020,CUST92335,Rohan Singh,35,Other,North,Chandigarh,Books,Textbook,3,1024.92,0.4,3062.46,495.89,60.02,Credit Card,4,FALSE,Delivered,10
ORD-01157,06-03-2021,CUST28445,Sanjay Nair,40,Female,North,Amritsar,Books,Textbook,7,775.88,0.38,5410.52,1295.29,19.48,Credit Card,4,TRUE,Returned,9
ORD-01759,18-02-2022,CUST59330,Deepa Patel,34,Male,West,Surat,Groceries,Tea,4,421.19,0.39,1678.19,79.81,83.46,UPI,3,FALSE,Delivered,6
ORD-03164,10-01-2023,CUST04219,Aarav Sharma,21,Male,East,Bhubaneswar,Clothing,Jeans,8,3309.44,0.08,26454.34,7317.58,108.32,Net Banking,2,FALSE,Shipped,8
ORD-02010,06-05-2022,CUST93766,Rohan Nair,24,Female,West,Pune,Electronics,Tablet,6,29091.32,0.22,174163.91,35140.71,35.9,EMI,4,TRUE,Returned,10
ORD-02016,06-09-2022,CUST87101,Nikhil Bose,20,Male,East,Guwahati,Groceries,Cooking Oil,4,342.63,0.04,1369.97,105.07,65.4,UPI,3,FALSE,Delivered,2
ORD-04078,11-03-2024,CUST54593,Arjun Sharma,32,Female,East,Patna,Books,Textbook,4,253.68,0.16,1013.1,386.42,76.22,UPI,4,FALSE,Shipped,9
ORD-00594,22-09-2020,CUST06050,Ananya Mishra,37,Male,North,Amritsar,Clothing,T-Shirt,2,2579.57,0.02,5158.11,1991.02,37.72,EMI,4,FALSE,Delivered,1
ORD-02883,06-03-2023,CUST72686,Meera Bose,66,Male,East,Kolkata,Electronics,Headphones,7,18211.07,0.04,127426.5,30254.35,85.57,Credit Card,1,FALSE,Delivered,10
ORD-02676,03-03-2023,CUST24131,Deepa Verma,27,Male,South,Bangalore,Books,Fiction Novel,1,948.68,0.05,948.21,436.63,60.66,Net Banking,3,FALSE,Delivered,4
ORD-02477,12-12-2022,CUST10191,Shreya Mishra,25,Male,South,Hyderabad,Electronics,Camera,7,78827.09,0.17,550851.59,33092.48,81.42,Credit Card,2,FALSE,Delivered,7
ORD-03383,01-03-2024,CUST88781,Meera Iyer,22,Male,North,Amritsar,Electronics,Smartphone,7,65406.74,0.23,456794.13,30172.94,56.16,Cash on Delivery,4,FALSE,Delivered,9
ORD-01033,04-12-2021,CUST75013,Aditya Pillai,30,Male,South,Chennai,Sports,Tennis Racket,2,3848.71,0.13,7687.41,1845.42,94.87,UPI,1,FALSE,Delivered,5
ORD-02769,14-04-2023,CUST48124,Ritu Reddy,14,Male,East,Patna,Furniture,Wardrobe,1,25421.93,0.02,25416.85,12519.52,64.85,Cash on Delivery,4,FALSE,Cancelled,8
ORD-00345,28-05-2020,CUST34954,Nikhil Kapoor,39,Other,Central,Nagpur,Groceries,Flour,9,253.54,0.26,2275.93,173.86,63.2,Net Banking,5,FALSE,Delivered,7
ORD-03739,18-06-2024,CUST32885,Deepa Iyer,36,Other,East,Guwahati,Clothing,Saree,2,419.29,0.4,835.23,372.17,91.04,Debit Card,4,FALSE,Delivered,6
ORD-04200,30-12-2024,CUST38440,Rohan Rao,22,Other,South,Bangalore,Furniture,Sofa,6,5868.58,0.29,35109.37,8506.96,61.17,Cash on Delivery,3,TRUE,Returned,5
ORD-03549,22-03-2024,CUST48871,Arjun Patel,42,Other,West,Pune,Furniture,Sofa,8,8470.42,0.29,67566.85,17657.48,72.33,UPI,4,FALSE,Delivered,2
ORD-03289,21-11-2023,CUST55307,Kavya Chatterjee,13,Other,South,Kochi,Clothing,T-Shirt,9,2673.67,0.23,24007.69,5950.65,80.51,EMI,3,FALSE,Delivered,8
ORD-02474,12-08-2022,CUST53409,Sunita Pillai,37,Female,North,Ludhiana,Electronics,Smartphone,1,42750.36,0.2,42664.86,3865.32,64.93,Cash on Delivery,4,FALSE,Delivered,10
ORD-01085,05-05-2021,CUST96129,Amit Verma,36,Male,West,Ahmedabad,Electronics,Headphones,3,19106.04,0.29,57151.9,5910.7,48.94,UPI,5,FALSE,Delivered,10
ORD-00052,21-01-2020,CUST08694,Shreya Nair,30,Other,East,Patna,Groceries,Flour,8,93.43,0.03,747.22,58.06,67.75,Credit Card,5,FALSE,Shipped,3
ORD-03253,11-05-2023,CUST40202,Priya Das,24,Female,Central,Nagpur,Beauty,Sunscreen,3,2286.34,0.34,6835.7,2413.02,61.28,UPI,2,TRUE,Returned,1
ORD-01864,04-02-2022,CUST09459,Aarav Shah,44,Male,East,Guwahati,Clothing,Jacket,8,2007.46,0.07,16048.44,8877.57,29.19,Net Banking,5,FALSE,Delivered,8
ORD-03635,29-04-2024,CUST69253,Aditya Bose,31,Male,North,Chandigarh,Clothing,Jacket,1,2333.82,0.3,2326.82,857.57,31.53,Debit Card,2,TRUE,Returned,10
ORD-00974,20-03-2021,CUST42500,Aarav Shah,30,Male,South,Kochi,Sports,Cricket Bat,8,1086.23,0.23,8669.85,1305.99,55.27,Debit Card,4,TRUE,Returned,8
ORD-02741,04-01-2023,CUST45274,Sanjay Patel,23,Male,East,Guwahati,Sports,Dumbbells,6,5555.87,0.31,33231.88,9878.4,74.61,Debit Card,5,FALSE,Delivered,4
ORD-02872,31-05-2023,CUST44303,Nisha Joshi,17,Female,South,Bangalore,Electronics,Camera,8,74939.93,0.31,597660.93,78957.96,82.61,Cash on Delivery,2,FALSE,Pending,6
ORD-03179,10-06-2023,CUST04408,Sanjay Chatterjee,24,Female,North,Chandigarh,Sports,Tennis Racket,6,4814.34,0.11,28854.27,3795.89,44.25,Cash on Delivery,3,FALSE,Delivered,6
ORD-00519,18-08-2020,CUST46240,Sanjay Mishra,21,Male,Central,Indore,Sports,Tennis Racket,4,2245.26,0.05,8976.55,1551.12,67.36,Net Banking,1,FALSE,Delivered,8
ORD-03408,16-01-2024,CUST53254,Rahul Nair,35,Other,South,Kochi,Clothing,Jeans,2,2942.34,0.26,5869.38,1703.86,54.7,Debit Card,5,TRUE,Returned,7
ORD-03906,15-08-2024,CUST36432,Kavya Kapoor,33,Male,South,Kochi,Books,Self-Help Book,8,1226.84,0.23,9792.15,3912.8,69.45,EMI,4,FALSE,Delivered,6
ORD-00880,02-02-2021,CUST93518,Aarav Rao,36,Other,East,Guwahati,Books,Comic Book,9,1355.32,0.11,12184.46,3948.56,95.05,Debit Card,4,FALSE,Delivered,4
ORD-01651,01-07-2022,CUST43881,Ananya Mehta,28,Other,North,Ludhiana,Furniture,Desk,2,15019.51,0.21,29975.94,6736.14,45.65,UPI,2,FALSE,Cancelled,7
ORD-02265,09-12-2022,CUST40896,Deepa Rao,48,Female,West,Mumbai,Electronics,Headphones,7,17875.78,0.39,124642.45,10922.5,64.93,Credit Card,1,FALSE,Shipped,3
ORD-04143,04-12-2024,CUST39988,Amit Chatterjee,20,Male,East,Guwahati,Furniture,Bed Frame,9,31889.55,0.03,286919.85,73647.32,82.21,Credit Card,4,FALSE,Delivered,3
ORD-00953,03-07-2021,CUST31395,Nisha Sharma,51,Male,West,Mumbai,Groceries,Sugar,8,304.96,0.05,2438.46,225.25,36.35,Cash on Delivery,2,FALSE,Delivered,3
ORD-03208,19-10-2023,CUST07878,Nisha Patel,39,Male,Central,Raipur,Beauty,Face Cream,6,1870.67,0.31,11189.23,4210.61,51.88,Debit Card,5,FALSE,Delivered,1
ORD-03099,09-01-2023,CUST54403,Priya Rao,31,Female,Central,Nagpur,Books,Cook Book,7,1057.54,0.2,7387.97,2620.05,60.64,Debit Card,2,TRUE,Returned,2
ORD-01810,03-11-2022,CUST43650,Arjun Patel,14,Other,East,Bhubaneswar,Furniture,Wardrobe,8,26505.13,0.04,211956.22,68339.51,84.53,Net Banking,5,FALSE,Delivered,7
ORD-02910,10-06-2023,CUST60967,Nisha Chatterjee,19,Male,West,Surat,Sports,Cycle,5,13947.97,0.29,69537.6,25167.53,78.24,EMI,1,FALSE,Cancelled,7
ORD-03547,20-03-2024,CUST38738,Vikram Gupta,48,Female,Central,Bhopal,Beauty,Face Cream,7,2483.1,0.23,17341.72,9979.84,55.38,Net Banking,3,FALSE,Delivered,10
ORD-01190,19-06-2021,CUST89428,Vikram Bhat,24,Male,North,Chandigarh,Groceries,Dal (1Kg),8,134.32,0.04,1074.13,139.04,56.65,Debit Card,2,FALSE,Delivered,5
ORD-03625,26-04-2024,CUST51053,Kavya Kumar,37,Male,East,Guwahati,Clothing,T-Shirt,2,336.81,0.23,672.07,222.36,105.46,Credit Card,4,FALSE,Delivered,8
ORD-01054,21-04-2021,CUST25910,Aarav Kapoor,18,Other,East,Kolkata,Groceries,Rice (5Kg),2,94.76,0.39,188.78,10.16,69.7,Credit Card,3,FALSE,Delivered,5
ORD-04122,27-11-2024,CUST89767,Rahul Patel,21,Other,South,Kochi,Electronics,Camera,10,78416.65,0.19,782676.58,76981.5,47.97,UPI,3,FALSE,Cancelled,8
ORD-02394,11-01-2022,CUST48987,Arjun Bose,19,Female,South,Hyderabad,Beauty,Shampoo,4,901.35,0.21,3597.83,1103.36,70.49,UPI,3,FALSE,Delivered,9
ORD-00998,30-03-2021,CUST74848,Sanjay Mehta,29,Other,East,Guwahati,Sports,Football,8,10920.29,0.06,87309.9,15878.93,109.6,EMI,2,FALSE,Delivered,7
ORD-01257,20-07-2021,CUST58111,Sanjay Chatterjee,32,Female,West,Surat,Groceries,Flour,10,311.3,0.22,3106.15,192.38,47.53,EMI,5,FALSE,Delivered,5
ORD-01359,09-04-2021,CUST02336,Ananya Das,41,Other,North,Amritsar,Electronics,Laptop,4,58347.92,0.26,232784.86,29981.09,40.02,Cash on Delivery,5,TRUE,Returned,1
ORD-01490,31-10-2021,CUST68846,Deepa Sharma,55,Male,Central,Nagpur,Electronics,Laptop,8,55123.63,0.15,440327.56,10636.55,57.56,Debit Card,5,FALSE,Delivered,5
ORD-01565,30-11-2021,CUST50049,Meera Nair,28,Other,West,Surat,Clothing,T-Shirt,6,3969.96,0.03,23812.61,4862.5,49.67,EMI,2,FALSE,Shipped,2
ORD-02744,04-01-2023,CUST66758,Rahul Patel,31,Female,North,Delhi,Beauty,Lipstick,8,2199.06,0.31,17537.94,6740.03,50.62,Cash on Delivery,1,FALSE,Delivered,8
ORD-03693,22-05-2024,CUST04664,Shreya Mehta,45,Male,South,Bangalore,Books,Fiction Novel,4,1444.05,0.31,5758.29,2386.88,95.97,UPI,3,FALSE,Delivered,3
ORD-00289,05-07-2020,CUST73246,Aarav Patel,46,Male,South,Bangalore,Books,Comic Book,6,366.68,0.22,2195.24,744.83,60.14,UPI,2,TRUE,Returned,2
ORD-03765,27-06-2024,CUST84964,Arjun Pillai,53,Other,North,Delhi,Beauty,Shampoo,5,1527.65,0.37,7609.99,823.79,46.45,EMI,4,FALSE,Delivered,2
ORD-01021,04-05-2021,CUST46097,Kavya Rao,30,Male,Central,Nagpur,Groceries,Tea,10,140.77,0.04,1407.14,92.58,48.86,EMI,5,FALSE,Delivered,5
ORD-02519,29-12-2022,CUST63560,Aditya Reddy,61,Female,South,Kochi,Groceries,Tea,10,477.67,0.38,4758.55,241.54,64.26,Debit Card,3,FALSE,Delivered,2
ORD-03840,26-07-2024,CUST71808,Deepa Bhat,34,Female,East,Guwahati,Clothing,Jacket,7,2027.9,0.25,14159.81,5222.33,87.34,Credit Card,3,FALSE,Delivered,10
ORD-00126,18-02-2020,CUST76844,Aarav Sharma,48,Female,South,Chennai,Sports,Cricket Bat,10,14132.86,0.19,141060.08,27604.9,90.34,Cash on Delivery,3,FALSE,Delivered,9
ORD-00365,06-05-2020,CUST36682,Sanjay Reddy,20,Other,West,Pune,Furniture,Bookshelf,6,10108.05,0.16,60551.26,3225.54,71.7,Cash on Delivery,3,TRUE,Returned,8
ORD-03356,22-12-2023,CUST10273,Nisha Bose,26,Male,South,Chennai,Books,Textbook,4,1166.27,0.32,4650.15,740.36,75.02,Cash on Delivery,5,FALSE,Delivered,5
ORD-00986,24-03-2021,CUST25266,Nikhil Reddy,20,Other,Central,Raipur,Furniture,Chair,1,14981.98,0.2,14952.02,6301.96,80.7,EMI,4,FALSE,Cancelled,8
ORD-01103,13-05-2021,CUST68761,Vikram Joshi,47,Female,North,Chandigarh,Furniture,Wardrobe,2,11894.06,0.21,23738.16,6286.41,70.91,EMI,4,FALSE,Cancelled,4
ORD-03896,13-08-2024,CUST78041,Sunita Nair,29,Male,North,Chandigarh,Electronics,Laptop,10,53218.56,0.27,530748.7,68296.39,20.81,Cash on Delivery,3,FALSE,Delivered,6
ORD-01526,17-11-2021,CUST64362,Rahul Verma,60,Male,South,Kochi,Books,Textbook,2,371.2,0.25,740.54,199.91,67.34,Cash on Delivery,2,FALSE,Delivered,4
ORD-02352,13-10-2022,CUST89546,Ananya Verma,26,Male,West,Mumbai,Clothing,Kurta,5,3741.86,0.22,18668.14,4735.93,53.44,UPI,4,TRUE,Returned,1
ORD-02347,10-12-2022,CUST24182,Kavya Singh,36,Male,Central,Raipur,Groceries,Cooking Oil,3,403.22,0.33,1205.67,82.5,62.33,Credit Card,3,FALSE,Delivered,9
ORD-02576,27-01-2023,CUST12074,Shreya Kapoor,38,Other,East,Patna,Clothing,Jacket,1,3316.89,0.02,3316.23,1124.49,73.41,UPI,5,FALSE,Cancelled,10
ORD-01246,16-07-2021,CUST93346,Rohan Iyer,52,Female,East,Patna,Groceries,Dal (1Kg),10,422.95,0.01,4229.08,403.1,74.58,Debit Card,4,FALSE,Delivered,6
ORD-01060,25-04-2021,CUST46841,Nikhil Nair,37,Male,North,Delhi,Sports,Cycle,5,8455.87,0.31,42148.28,8841.29,51.91,Debit Card,5,FALSE,Delivered,5
ORD-04120,27-11-2024,CUST60757,Deepa Singh,20,Female,South,Bangalore,Clothing,Dress,1,335.42,0.23,334.65,88.1,73.88,Debit Card,3,FALSE,Delivered,3
ORD-00589,20-09-2020,CUST18414,Sanjay Reddy,24,Other,North,Delhi,Clothing,Dress,4,3802.14,0.16,15184.23,4073.09,63.7,Credit Card,4,FALSE,Delivered,10
ORD-01686,21-01-2022,CUST44944,Rohan Singh,24,Male,Central,Raipur,Furniture,Chair,8,6492.13,0.09,51890.3,10060.56,52.57,Credit Card,3,FALSE,Delivered,10
ORD-02548,01-12-2023,CUST41169,Aditya Iyer,46,Male,East,Guwahati,Furniture,Sofa,10,14207.99,0.06,141994.65,39842.93,65.88,Cash on Delivery,4,FALSE,Delivered,3
ORD-02013,06-06-2022,CUST13762,Meera Chatterjee,44,Other,Central,Indore,Clothing,Jacket,6,3652.79,0.25,21861.95,1521.23,40.51,Debit Card,2,FALSE,Cancelled,8
ORD-01989,28-05-2022,CUST57444,Amit Bose,30,Female,North,Ludhiana,Clothing,Jeans,2,3929.54,0.16,7846.51,4050.34,67.09,Cash on Delivery,3,FALSE,Delivered,5
ORD-01306,08-10-2021,CUST62979,Pooja Mishra,36,Other,Central,Raipur,Electronics,Smartwatch,8,58571.61,0.28,467260.88,53027.1,56.37,EMI,4,TRUE,Returned,4
ORD-01519,15-11-2021,CUST43388,Aditya Shah,37,Other,West,Surat,Clothing,Jeans,7,1574.54,0.02,11019.58,2481.62,84.22,UPI,3,FALSE,Delivered,5
ORD-01823,16-03-2022,CUST35405,Pooja Mishra,35,Female,Central,Raipur,Sports,Cycle,4,5236.27,0.09,20926.23,4435.73,74.78,Cash on Delivery,1,FALSE,Shipped,8
ORD-03110,09-05-2023,CUST38634,Sanjay Reddy,50,Male,South,Hyderabad,Clothing,Kurta,7,3365.93,0.11,23535.59,13312.04,74.84,Debit Card,3,FALSE,Cancelled,4
ORD-02755,04-06-2023,CUST20559,Karan Mishra,46,Male,North,Chandigarh,Books,Biography,9,421.91,0.16,3791.11,2326.52,51.34,EMI,5,FALSE,Delivered,1
ORD-04088,11-08-2024,CUST96195,Amit Mishra,34,Other,East,Kolkata,Clothing,Saree,9,1665.92,0.18,14966.29,2273.36,91.64,Credit Card,3,FALSE,Delivered,1
ORD-01513,11-12-2021,CUST81406,Rahul Bose,58,Other,North,Amritsar,Sports,Cricket Bat,10,11652.14,0.17,116323.31,12791.68,49.96,EMI,1,FALSE,Delivered,10
ORD-03252,11-05-2023,CUST39721,Sunita Kapoor,32,Female,West,Surat,Sports,Cricket Bat,3,10070.36,0.29,30123.47,4777.96,40.78,UPI,4,FALSE,Delivered,3
ORD-02695,14-03-2023,CUST36599,Kavya Bhat,43,Female,West,Ahmedabad,Beauty,Shampoo,9,415.58,0.35,3727.13,1457.49,93.37,Debit Card,4,FALSE,Pending,3
ORD-03178,10-05-2023,CUST71971,Rohan Nair,34,Female,North,Delhi,Furniture,Bookshelf,6,11138.87,0.18,66712.92,14000.74,42.92,EMI,3,FALSE,Delivered,5
ORD-03336,14-12-2023,CUST95363,Aditya Gupta,35,Other,East,Patna,Groceries,Sugar,3,362.51,0.05,1086.99,58,84.62,Debit Card,3,FALSE,Cancelled,10
ORD-02782,20-04-2023,CUST50156,Rahul Kumar,23,Other,West,Ahmedabad,Sports,Dumbbells,6,3259.56,0.28,19502.6,3788.35,62.56,Cash on Delivery,2,FALSE,Delivered,9
ORD-04124,29-11-2024,CUST93821,Rahul Mehta,57,Other,South,Hyderabad,Clothing,Saree,7,2979.19,0.27,20798.02,6112.46,84.04,Cash on Delivery,1,FALSE,Delivered,7
ORD-01150,31-05-2021,CUST47277,Nisha Verma,43,Male,North,Ludhiana,Electronics,Smartwatch,5,5211.32,0.18,26009.7,5270.39,43.19,EMI,2,FALSE,Delivered,5
ORD-01578,12-05-2021,CUST75792,Karan Joshi,38,Other,West,Surat,Clothing,Jeans,3,3600.05,0.1,10789.35,3342.94,28.05,Credit Card,3,TRUE,Returned,1
ORD-00976,20-03-2021,CUST97597,Meera Reddy,34,Other,East,Bhubaneswar,Sports,Cricket Bat,5,14828.68,0.36,73876.48,7729.24,61.13,EMI,2,FALSE,Delivered,3
ORD-03133,15-09-2023,CUST10354,Sunita Reddy,37,Male,Central,Bhopal,Clothing,Jacket,9,1920.93,0.04,17281.45,7106.9,65.71,EMI,4,TRUE,Returned,9
ORD-03659,05-09-2024,CUST21485,Priya Shah,35,Female,West,Ahmedabad,Beauty,Sunscreen,8,1212.69,0.21,9681.15,6491.12,40.26,Credit Card,3,FALSE,Delivered,8
ORD-00385,13-06-2020,CUST64460,Aditya Singh,16,Other,Central,Bhopal,Electronics,Smartphone,3,71017.39,0.2,212626.07,23611.3,53.14,EMI,5,FALSE,Delivered,8
ORD-00162,03-09-2020,CUST45896,Aditya Reddy,26,Male,Central,Indore,Electronics,Tablet,6,79957.92,0.21,478740.05,54036.34,51.2,Cash on Delivery,3,FALSE,Delivered,10
ORD-02908,06-10-2023,CUST54563,Rahul Gupta,23,Other,East,Bhubaneswar,Electronics,Smartphone,2,65714.09,0.32,131007.61,16129.94,76.71,Net Banking,5,FALSE,Delivered,7
ORD-04026,14-10-2024,CUST78408,Ananya Singh,20,Male,North,Chandigarh,Groceries,Flour,10,171.99,0.18,1716.8,98.26,65.88,Debit Card,4,TRUE,Returned,3
ORD-02538,01-06-2023,CUST35874,Ananya Bose,30,Other,North,Delhi,Furniture,Bookshelf,6,12917.23,0.13,77402.63,2985.89,68.67,Cash on Delivery,2,FALSE,Delivered,10
ORD-03059,17-08-2023,CUST05600,Aarav Sharma,34,Male,Central,Indore,Furniture,Sofa,9,19162.75,0.32,171912.86,35608.13,38.92,Cash on Delivery,4,FALSE,Delivered,5
ORD-01736,10-02-2022,CUST73835,Aditya Reddy,27,Female,West,Mumbai,Clothing,Dress,2,3211.68,0.36,6400.24,1384.04,46.54,EMI,4,FALSE,Delivered,8
ORD-00478,31-07-2020,CUST17040,Ritu Shah,43,Other,West,Pune,Clothing,T-Shirt,10,2139.09,0.23,21341.7,8554.34,72.73,Cash on Delivery,2,FALSE,Delivered,8
ORD-01798,03-07-2022,CUST89556,Vikram Bose,31,Other,South,Kochi,Groceries,Rice (5Kg),3,323.91,0,971.73,88.05,64.99,Debit Card,1,FALSE,Cancelled,3
ORD-01006,31-03-2021,CUST48859,Ritu Mishra,42,Female,East,Guwahati,Beauty,Lipstick,3,1034.33,0.12,3099.27,1457.51,77.03,UPI,1,FALSE,Pending,9
ORD-01398,23-09-2021,CUST54951,Ritu Chatterjee,25,Other,East,Guwahati,Furniture,Desk,8,19149.45,0.14,152981.13,43339.07,77.26,UPI,2,FALSE,Delivered,4
ORD-02490,17-12-2022,CUST93354,Sanjay Verma,24,Male,Central,Raipur,Beauty,Face Cream,6,732.07,0.17,4384.95,246.04,48.93,EMI,1,FALSE,Shipped,2
ORD-00632,10-10-2020,CUST42307,Arjun Kumar,25,Female,Central,Bhopal,Furniture,Wardrobe,1,23097.37,0.34,23018.84,4344.32,107.34,Cash on Delivery,5,FALSE,Delivered,2
ORD-02026,06-12-2022,CUST80310,Deepa Kapoor,28,Other,Central,Bhopal,Groceries,Tea,8,115.46,0.22,921.65,105.86,42.35,EMI,4,FALSE,Cancelled,8
ORD-03540,18-03-2024,CUST79303,Amit Patel,46,Female,North,Delhi,Sports,Yoga Mat,2,7756.42,0.38,15453.89,2871.65,33.58,Credit Card,5,FALSE,Delivered,7
ORD-03972,09-09-2024,CUST81553,Rohan Patel,49,Female,East,Kolkata,Beauty,Sunscreen,8,1184.54,0.21,9456.42,2742.19,101.81,UPI,2,FALSE,Delivered,8
ORD-00640,13-10-2020,CUST33864,Sanjay Kumar,13,Other,Central,Indore,Books,Comic Book,3,785.45,0.12,2353.52,820.64,65.35,UPI,2,TRUE,Returned,1
ORD-01521,15-11-2021,CUST18819,Meera Singh,50,Female,North,Ludhiana,Electronics,Headphones,2,5798.1,0.24,11568.37,884.69,32.84,Cash on Delivery,3,FALSE,Delivered,3
ORD-03925,22-08-2024,CUST02732,Sunita Bhat,47,Male,West,Pune,Clothing,Dress,5,2368.82,0.16,11825.15,5184.45,68.4,Cash on Delivery,3,FALSE,Cancelled,1
ORD-03283,18-11-2023,CUST59848,Rohan Gupta,29,Male,East,Kolkata,Sports,Dumbbells,4,11596.28,0.22,46283.07,7605.77,87.57,Cash on Delivery,1,FALSE,Shipped,6
ORD-01399,23-09-2021,CUST57171,Nikhil Verma,34,Other,West,Mumbai,Groceries,Flour,5,69.28,0.31,345.33,18.67,64.9,Cash on Delivery,4,FALSE,Delivered,2
ORD-02772,16-04-2023,CUST77009,Shreya Kapoor,25,Female,West,Surat,Beauty,Shampoo,3,188.54,0.35,563.64,225.45,38.36,EMI,1,FALSE,Delivered,10
ORD-01016,04-04-2021,CUST99742,Karan Pillai,29,Female,East,Kolkata,Groceries,Cooking Oil,3,458.29,0.01,1374.73,127.44,59.96,Net Banking,1,FALSE,Delivered,2
ORD-00494,04-08-2020,CUST45768,Amit Joshi,34,Male,West,Pune,Books,Self-Help Book,3,679.81,0.14,2036.57,663.49,49.8,Net Banking,4,FALSE,Delivered,3
ORD-03483,23-02-2024,CUST88764,Sunita Nair,42,Other,East,Guwahati,Clothing,Dress,1,619.66,0.06,619.29,198.49,90.84,EMI,2,FALSE,Delivered,1
ORD-03710,06-05-2024,CUST62728,Amit Rao,39,Male,South,Hyderabad,Beauty,Perfume,1,2092.15,0.37,2084.41,949.86,60.48,UPI,2,TRUE,Returned,8
ORD-00119,02-12-2020,CUST18259,Shreya Patel,33,Other,North,Chandigarh,Beauty,Hair Oil,4,2389.73,0.01,9557.96,3856.93,52.24,EMI,1,TRUE,Returned,4
ORD-02329,10-08-2022,CUST96865,Kavya Pillai,49,Female,East,Kolkata,Clothing,Kurta,9,3350.21,0.13,30112.69,10933.1,73.04,Net Banking,2,FALSE,Delivered,5
ORD-03529,13-03-2024,CUST50939,Sunita Kapoor,40,Male,North,Delhi,Sports,Cycle,5,11392.54,0.06,56928.52,13710.8,63.48,Net Banking,5,FALSE,Cancelled,4
ORD-01091,05-07-2021,CUST96344,Priya Gupta,20,Other,West,Ahmedabad,Sports,Cricket Bat,7,9096.84,0.3,63486.85,17866.41,64.48,Credit Card,3,FALSE,Delivered,3
ORD-02938,28-06-2023,CUST95887,Priya Sharma,33,Male,South,Bangalore,Furniture,Sofa,7,20356.98,0.35,142000.11,54665.64,53.58,Net Banking,3,TRUE,Returned,3
ORD-03619,23-04-2024,CUST40038,Sanjay Reddy,34,Male,North,Amritsar,Beauty,Hair Oil,3,1353.96,0.07,4059.04,3585.71,52.08,Cash on Delivery,3,FALSE,Delivered,7
ORD-02463,12-05-2022,CUST17205,Aditya Iyer,47,Other,North,Chandigarh,Books,Fiction Novel,5,284.92,0.29,1420.47,345.16,60.96,UPI,3,FALSE,Delivered,8
ORD-02275,15-09-2022,CUST47583,Vikram Chatterjee,34,Other,Central,Indore,Groceries,Rice (5Kg),4,225.27,0.34,898.02,41.18,44.3,Debit Card,4,TRUE,Returned,9
ORD-03532,14-03-2024,CUST84608,Rahul Shah,49,Female,West,Mumbai,Groceries,Flour,10,360.93,0.14,3604.25,343.41,73.41,Credit Card,1,FALSE,Delivered,5
ORD-00771,15-12-2020,CUST07234,Pooja Mishra,31,Female,West,Pune,Furniture,Bed Frame,8,24311.3,0.16,194179.22,33354.08,85.08,Debit Card,5,FALSE,Delivered,6
ORD-02853,28-05-2023,CUST40777,Deepa Bose,62,Male,East,Guwahati,Furniture,Wardrobe,5,19873.59,0.26,99109.59,39055.48,94.68,Net Banking,1,FALSE,Delivered,5
ORD-02997,21-07-2023,CUST61924,Amit Reddy,23,Male,Central,Raipur,Electronics,Camera,4,45542.32,0.34,181549.9,17512.78,87.15,Credit Card,4,FALSE,Delivered,6
ORD-02918,16-06-2023,CUST30053,Rohan Gupta,45,Female,Central,Bhopal,Clothing,Kurta,6,1810.84,0.19,10844.4,6053.77,49.04,EMI,4,FALSE,Delivered,8
ORD-03324,12-10-2023,CUST12209,Aditya Rao,36,Male,Central,Indore,Books,Comic Book,5,1477.84,0.14,7378.86,2592.23,63.2,Net Banking,3,FALSE,Delivered,1
ORD-02621,02-10-2023,CUST65834,Shreya Bose,39,Female,West,Pune,Beauty,Shampoo,5,1976.24,0.28,9853.53,2566.15,88.96,Net Banking,4,FALSE,Shipped,9
ORD-01998,06-01-2022,CUST69572,Nisha Mehta,37,Female,South,Chennai,Groceries,Sugar,1,118.1,0.08,118.01,11.76,102.62,EMI,3,FALSE,Delivered,5
ORD-00206,04-01-2020,CUST71469,Aarav Sharma,48,Female,North,Amritsar,Clothing,Jeans,7,3924.19,0.02,27463.84,10552.45,38.12,Debit Card,5,FALSE,Delivered,2
ORD-01001,30-03-2021,CUST68864,Shreya Mehta,34,Male,North,Amritsar,Sports,Cycle,4,9021.23,0.02,36077.7,8090.36,36.19,Cash on Delivery,4,FALSE,Delivered,1
ORD-03978,09-11-2024,CUST67871,Meera Shah,42,Other,Central,Indore,Furniture,Wardrobe,10,28835.81,0.22,287723.71,85826.18,55.16,UPI,2,TRUE,Returned,3
ORD-02721,26-03-2023,CUST62341,Nisha Joshi,41,Male,East,Kolkata,Electronics,Headphones,10,66216.18,0.12,661367.21,34980.09,97.06,Cash on Delivery,4,FALSE,Delivered,5
ORD-01807,03-11-2022,CUST23271,Sanjay Shah,44,Other,Central,Indore,Electronics,Smartphone,7,73496.4,0.29,512982.82,42248.31,47.62,EMI,2,FALSE,Delivered,9
ORD-00400,21-06-2020,CUST59064,Ananya Kumar,16,Female,West,Mumbai,Furniture,Sofa,2,8336.76,0.19,16641.84,5843.93,71.81,Credit Card,1,FALSE,Delivered,2
ORD-01990,30-05-2022,CUST72810,Rohan Singh,38,Other,South,Bangalore,Furniture,Bed Frame,5,27081.62,0.21,135123.74,7915.89,55.71,Credit Card,3,FALSE,Delivered,6
ORD-01576,12-04-2021,CUST61202,Nisha Pillai,26,Other,South,Bangalore,Sports,Tennis Racket,7,8356.94,0.39,58270.44,5738.36,56.15,Net Banking,5,FALSE,Delivered,2
ORD-02600,02-03-2023,CUST31208,Nikhil Gupta,40,Female,South,Chennai,Books,Self-Help Book,1,355.01,0.23,354.19,130.5,51.82,EMI,1,FALSE,Delivered,7
ORD-01199,24-06-2021,CUST74206,Nisha Joshi,39,Other,West,Surat,Beauty,Shampoo,7,1377.5,0.18,9625.14,3493.6,34.58,EMI,4,FALSE,Delivered,6
ORD-02369,21-10-2022,CUST82609,Pooja Iyer,34,Female,East,Bhubaneswar,Electronics,Smartphone,3,37130.62,0.18,111191.35,8678.14,66.27,Net Banking,5,FALSE,Shipped,8
ORD-00470,26-07-2020,CUST56203,Rohan Mehta,47,Other,East,Patna,Books,Comic Book,8,744.9,0.28,5942.51,2337.37,84.44,Debit Card,2,FALSE,Delivered,5
ORD-04008,27-09-2024,CUST62705,Aditya Nair,30,Male,Central,Bhopal,Electronics,Camera,8,62831.2,0.12,502046.42,74470.32,76.77,Credit Card,3,FALSE,Delivered,3
ORD-00861,27-01-2021,CUST71748,Rohan Singh,20,Female,Central,Bhopal,Electronics,Laptop,9,25178.31,0.33,225856.99,15332.75,39.55,Debit Card,4,FALSE,Delivered,5
ORD-00867,30-01-2021,CUST45352,Rahul Das,46,Male,West,Pune,Beauty,Lipstick,6,1331.3,0.29,7964.64,283.77,47.57,Cash on Delivery,2,FALSE,Cancelled,6
ORD-02592,31-01-2023,CUST27366,Sunita Kumar,34,Male,Central,Raipur,Beauty,Hair Oil,9,1780.34,0.22,15987.81,5187.94,61.88,Net Banking,4,TRUE,Returned,1
ORD-00080,29-01-2020,CUST06153,Nisha Iyer,63,Female,Central,Raipur,Clothing,Kurta,8,2567.53,0.19,20501.21,3121.39,65.38,Credit Card,3,FALSE,Delivered,2
ORD-00534,23-08-2020,CUST02585,Sunita Mishra,51,Female,North,Delhi,Electronics,Laptop,6,8931.76,0.22,53472.66,6918.36,70.53,UPI,5,FALSE,Shipped,5
ORD-03992,20-09-2024,CUST28805,Rohan Singh,13,Female,South,Hyderabad,Clothing,Saree,2,3743.45,0.09,7480.16,3378.19,53.74,UPI,5,FALSE,Delivered,7
ORD-02506,24-12-2022,CUST74062,Shreya Patel,27,Male,South,Kochi,Sports,Football,4,10900.56,0.12,43549.92,6315.42,80.65,UPI,4,FALSE,Delivered,4
ORD-02339,10-10-2022,CUST12046,Kavya Verma,24,Other,Central,Nagpur,Furniture,Wardrobe,3,33100.17,0.31,98992.68,15026.15,64.31,UPI,2,TRUE,Returned,8
ORD-03898,14-08-2024,CUST55482,Ananya Bhat,19,Male,East,Patna,Books,Fiction Novel,9,1454.46,0.33,13046.94,4160.56,105.23,Debit Card,3,FALSE,Shipped,1
ORD-00371,06-08-2020,CUST29938,Nikhil Das,19,Male,South,Chennai,Electronics,Laptop,9,29863.15,0.39,267720.15,26498.37,80.91,EMI,2,FALSE,Delivered,8
ORD-00266,26-04-2020,CUST87993,Karan Pillai,16,Male,South,Bangalore,Books,Comic Book,10,1159.84,0.23,11571.72,4652.66,88.51,Debit Card,5,FALSE,Delivered,8
ORD-01613,22-12-2021,CUST60005,Sanjay Shah,27,Female,North,Amritsar,Furniture,Wardrobe,4,17068.97,0.24,68112.02,13207.2,37.21,Debit Card,4,FALSE,Delivered,1
ORD-01502,11-05-2021,CUST74727,Arjun Joshi,39,Male,South,Hyderabad,Books,Textbook,5,550.43,0.3,2743.89,832.54,75.82,UPI,2,FALSE,Delivered,9
ORD-03048,08-11-2023,CUST48774,Karan Mehta,30,Male,Central,Raipur,Electronics,Headphones,5,26972.55,0.09,134741.37,5130.8,54.1,Debit Card,3,FALSE,Shipped,2
ORD-00165,13-03-2020,CUST08515,Amit Mishra,25,Male,East,Bhubaneswar,Electronics,Headphones,3,21835.15,0.3,65308.93,6796.88,108.99,Net Banking,1,TRUE,Returned,3
ORD-03718,06-09-2024,CUST79815,Nisha Kumar,44,Female,West,Pune,Clothing,T-Shirt,6,3390.52,0.34,20273.95,7689.47,53.24,EMI,1,FALSE,Delivered,6
ORD-03497,29-02-2024,CUST77225,Pooja Bhat,34,Male,North,Amritsar,Clothing,Kurta,2,1408.43,0.15,2812.63,782.88,66.92,Debit Card,5,FALSE,Delivered,2
ORD-03924,20-08-2024,CUST08990,Karan Bhat,47,Male,North,Amritsar,Clothing,Dress,10,3414.65,0.11,34108.94,16823.06,54.44,Debit Card,1,FALSE,Delivered,4
ORD-00474,28-07-2020,CUST88672,Deepa Verma,34,Male,South,Bangalore,Beauty,Hair Oil,8,2272.77,0.07,18169.43,5229.53,85.45,Debit Card,1,FALSE,Shipped,6
ORD-00876,02-01-2021,CUST71642,Sunita Patel,36,Male,South,Hyderabad,Beauty,Face Cream,7,260.04,0.16,1817.37,549.29,93.31,Net Banking,2,FALSE,Delivered,1
ORD-02246,09-07-2022,CUST14634,Aditya Das,31,Female,South,Chennai,Beauty,Hair Oil,3,1422.97,0.38,4252.69,815.73,65.75,UPI,2,FALSE,Delivered,2
ORD-00186,23-03-2020,CUST86352,Meera Gupta,21,Female,Central,Indore,Sports,Cricket Bat,7,7173.46,0.37,50028.43,7608.14,52.84,Cash on Delivery,1,FALSE,Shipped,4
ORD-02166,08-08-2022,CUST56943,Ritu Verma,42,Male,West,Mumbai,Beauty,Hair Oil,6,2467.58,0.37,14750.7,6222.84,67.89,Debit Card,2,FALSE,Delivered,10
ORD-02470,12-06-2022,CUST80242,Kavya Chatterjee,42,Female,South,Kochi,Beauty,Shampoo,10,412.53,0.16,4118.7,1264.21,48.52,UPI,3,FALSE,Delivered,10
ORD-01476,25-10-2021,CUST09863,Sunita Singh,38,Male,East,Kolkata,Beauty,Hair Oil,9,2217.37,0.4,19876.5,6416.88,96.41,Cash on Delivery,4,FALSE,Delivered,6
ORD-02305,27-09-2022,CUST86884,Ritu Iyer,28,Other,West,Mumbai,Electronics,Tablet,9,29921.76,0.33,268407.16,25938.95,66.52,Debit Card,5,FALSE,Shipped,8
ORD-00136,23-02-2020,CUST28013,Sunita Joshi,43,Other,Central,Nagpur,Books,Textbook,3,1198.96,0.03,3595.8,747.26,90.86,Credit Card,3,FALSE,Cancelled,5
ORD-03818,19-07-2024,CUST64757,Sanjay Das,34,Female,East,Guwahati,Beauty,Lipstick,6,950.46,0.22,5690.21,2666.51,78.97,Credit Card,3,FALSE,Delivered,4
ORD-03611,20-04-2024,CUST86007,Amit Joshi,20,Male,South,Kochi,Furniture,Chair,4,16418.71,0.03,65655.14,29085.63,81.66,Net Banking,2,FALSE,Delivered,5
ORD-03760,24-06-2024,CUST08262,Sanjay Nair,33,Other,Central,Bhopal,Beauty,Face Cream,4,1104.29,0.03,4415.83,2641.46,62.74,Debit Card,5,FALSE,Shipped,2
ORD-03124,09-10-2023,CUST75413,Arjun Mishra,25,Male,South,Bangalore,Furniture,Chair,6,15400.65,0.09,92320.74,26834.22,79.25,Debit Card,1,FALSE,Cancelled,7
ORD-01855,31-03-2022,CUST85967,Karan Chatterjee,35,Other,South,Chennai,Furniture,Chair,9,10240.02,0.33,91856.05,10430.54,83.76,Net Banking,3,FALSE,Delivered,4
ORD-00327,22-05-2020,CUST35881,Priya Gupta,21,Female,Central,Indore,Electronics,Smartphone,4,62163.22,0.02,248603.15,39457.66,74.47,Credit Card,2,TRUE,Returned,9
ORD-02915,14-06-2023,CUST11665,Vikram Gupta,53,Other,Central,Raipur,Beauty,Hair Oil,4,1782.42,0.24,7112.57,3871.86,64.18,Credit Card,1,TRUE,Returned,7
ORD-00319,20-05-2020,CUST05463,Nisha Iyer,45,Male,Central,Bhopal,Clothing,Jeans,3,2323.36,0.25,6952.65,2847.01,61.23,Cash on Delivery,5,TRUE,Returned,4
ORD-02323,10-05-2022,CUST41015,Vikram Singh,42,Other,Central,Bhopal,Sports,Cricket Bat,5,5297.3,0.23,26425.58,5436.01,64.51,UPI,3,FALSE,Delivered,2
ORD-03086,26-08-2023,CUST94691,Aarav Singh,38,Other,East,Bhubaneswar,Furniture,Sofa,4,11999.53,0.22,47892.52,15284.4,99.04,Cash on Delivery,2,TRUE,Returned,1
ORD-02892,06-06-2023,CUST72155,Shreya Pillai,22,Male,South,Chennai,Sports,Tennis Racket,2,13875.51,0.32,27662.22,5955.69,81.72,UPI,3,FALSE,Delivered,4
ORD-02098,07-12-2022,CUST81045,Ananya Mishra,53,Female,East,Kolkata,Books,Comic Book,4,1230.08,0.31,4905.07,2225.06,92.84,Net Banking,1,FALSE,Delivered,3
ORD-03998,23-09-2024,CUST82276,Aarav Mishra,39,Male,Central,Indore,Groceries,Rice (5Kg),9,302.83,0.35,2715.93,127.02,50.82,Debit Card,3,FALSE,Delivered,1
ORD-03647,05-04-2024,CUST04161,Ritu Kapoor,30,Other,West,Surat,Beauty,Sunscreen,4,1294.1,0.26,5162.94,2481.74,34.77,Cash on Delivery,1,FALSE,Delivered,6
ORD-02575,27-01-2023,CUST52736,Deepa Nair,30,Male,East,Guwahati,Sports,Yoga Mat,3,5115.87,0.03,15343.01,2902.6,93.03,Net Banking,1,FALSE,Delivered,6
ORD-02501,22-12-2022,CUST59835,Aarav Kapoor,44,Other,South,Chennai,Sports,Dumbbells,6,5749.74,0.24,34415.64,4291.65,91.35,Credit Card,1,TRUE,Returned,10
ORD-02731,30-03-2023,CUST76690,Ananya Patel,38,Female,Central,Raipur,Clothing,Saree,2,2874,0.01,5747.43,2617.18,34.9,UPI,1,FALSE,Delivered,8
ORD-00463,23-07-2020,CUST44133,Karan Reddy,44,Other,Central,Raipur,Beauty,Perfume,2,988.43,0.35,1969.94,923.82,48.48,Credit Card,1,FALSE,Cancelled,5
ORD-01229,07-07-2021,CUST65693,Kavya Kumar,22,Female,Central,Raipur,Clothing,Jeans,8,789.72,0.39,6293.12,1627.79,54.89,EMI,3,FALSE,Delivered,8
ORD-02984,15-07-2023,CUST26170,Nikhil Reddy,34,Male,North,Delhi,Sports,Football,2,13289.2,0.35,26485.38,7213.39,70.83,EMI,1,FALSE,Shipped,5
ORD-03691,22-05-2024,CUST80711,Sanjay Nair,26,Male,West,Surat,Beauty,Sunscreen,8,1952.58,0.21,15587.84,9202.93,51.23,Debit Card,4,FALSE,Delivered,5
ORD-01372,09-11-2021,CUST56280,Pooja Kapoor,37,Female,East,Patna,Books,Biography,7,1359.26,0.12,9503.4,3844.26,63.94,Cash on Delivery,4,FALSE,Pending,6
ORD-01493,11-02-2021,CUST68139,Arjun Chatterjee,44,Other,East,Patna,Electronics,Headphones,5,44585.93,0.02,222885.06,13351.29,59.68,Credit Card,3,FALSE,Delivered,9
ORD-00648,15-10-2020,CUST23342,Kavya Pillai,22,Male,Central,Bhopal,Groceries,Rice (5Kg),10,420.55,0.39,4189.1,132.72,44.96,UPI,4,FALSE,Delivered,5
ORD-03922,20-08-2024,CUST63576,Vikram Nair,56,Male,South,Bangalore,Electronics,Smartphone,9,31920.16,0.01,287252.71,65871.22,59.99,Net Banking,3,FALSE,Delivered,9
ORD-03106,09-04-2023,CUST23467,Shreya Patel,31,Other,West,Surat,Beauty,Shampoo,6,1382.04,0.27,8269.85,2282.97,63.64,Cash on Delivery,3,FALSE,Delivered,10
ORD-03489,25-02-2024,CUST45144,Deepa Rao,34,Male,Central,Raipur,Furniture,Bed Frame,6,25605.89,0.22,153297.34,32672.46,59.3,UPI,4,TRUE,Returned,2
ORD-01834,24-03-2022,CUST37198,Rahul Rao,36,Female,South,Chennai,Electronics,Laptop,8,22164.74,0.1,177140.6,16671.94,82.01,Cash on Delivery,3,FALSE,Shipped,5
ORD-00860,27-01-2021,CUST94205,Rahul Nair,42,Female,North,Ludhiana,Clothing,Saree,2,2935.36,0.33,5851.35,1157.67,60.42,EMI,1,FALSE,Delivered,6
ORD-02296,23-09-2022,CUST31681,Ananya Rao,20,Other,South,Kochi,Sports,Tennis Racket,3,8809.72,0.38,26328.73,4538.4,76.08,Debit Card,5,TRUE,Returned,9
ORD-03039,08-07-2023,CUST18530,Pooja Verma,33,Male,North,Amritsar,Sports,Yoga Mat,5,10440.97,0.03,52189.19,13536.66,49.52,Debit Card,3,FALSE,Delivered,10
ORD-03228,28-10-2023,CUST27405,Meera Kumar,26,Male,East,Kolkata,Clothing,Kurta,9,1877.39,0.13,16874.54,3585.58,87.95,UPI,3,FALSE,Delivered,5
ORD-00692,11-09-2020,CUST74363,Kavya Iyer,55,Other,East,Bhubaneswar,Electronics,Camera,10,14628.81,0.19,146010.15,14366.56,79.44,Net Banking,4,FALSE,Delivered,5
ORD-01464,23-10-2021,CUST32032,Pooja Patel,31,Female,West,Surat,Sports,Cricket Bat,8,12621.58,0.23,100740.4,14256.86,73.6,Debit Card,4,FALSE,Delivered,2
ORD-04183,24-12-2024,CUST82683,Kavya Patel,60,Female,Central,Indore,Books,Biography,1,1309.19,0.23,1306.18,529.27,64.44,Debit Card,2,FALSE,Delivered,7
ORD-01582,12-09-2021,CUST72045,Rahul Mehta,51,Other,South,Hyderabad,Books,Biography,8,1131.49,0.18,9035.63,1566.98,88.17,Debit Card,5,FALSE,Delivered,4
ORD-02029,13-06-2022,CUST10164,Nisha Bose,49,Other,East,Bhubaneswar,Electronics,Smartphone,2,67980.1,0.22,135661.09,17621.96,84.59,Net Banking,3,FALSE,Delivered,9
ORD-00217,04-04-2020,CUST42012,Sanjay Joshi,34,Male,North,Chandigarh,Clothing,Jacket,4,3945.85,0.34,15729.74,5301.46,63.9,Cash on Delivery,4,FALSE,Cancelled,7
ORD-02288,20-09-2022,CUST89351,Rohan Kapoor,24,Male,South,Bangalore,Groceries,Tea,3,191.26,0.21,572.58,53.03,74,Net Banking,4,FALSE,Delivered,6
ORD-01277,30-07-2021,CUST53909,Nikhil Iyer,50,Other,North,Ludhiana,Books,Fiction Novel,4,307.81,0.35,1226.93,466.48,57.12,Debit Card,3,FALSE,Delivered,6
ORD-00544,29-08-2020,CUST71958,Kavya Mehta,14,Other,North,Ludhiana,Electronics,Laptop,2,15493.36,0.01,30983.62,4274.11,76.48,Net Banking,3,FALSE,Delivered,9
ORD-02759,04-09-2023,CUST42106,Arjun Kumar,48,Female,East,Kolkata,Clothing,Saree,4,2774.33,0.19,11076.24,5152.2,71.4,Cash on Delivery,2,FALSE,Shipped,6
ORD-03566,29-03-2024,CUST08471,Sanjay Rao,41,Male,East,Patna,Beauty,Hair Oil,9,1290.81,0.38,11573.14,4065.85,94.19,EMI,2,TRUE,Returned,8
ORD-02046,19-06-2022,CUST75262,Ananya Mehta,22,Female,Central,Raipur,Electronics,Laptop,1,40586.06,0.03,40573.88,7068.43,52.63,Debit Card,4,FALSE,Delivered,10
ORD-01489,31-10-2021,CUST74341,Kavya Mehta,38,Male,West,Mumbai,Electronics,Headphones,10,42792.45,0.2,427068.65,52367.87,70.74,EMI,3,FALSE,Delivered,6
ORD-03464,02-09-2024,CUST68181,Shreya Singh,40,Other,West,Mumbai,Furniture,Bed Frame,7,31279,0.14,218646.47,59242.7,61.6,Net Banking,3,FALSE,Delivered,9
ORD-01683,20-01-2022,CUST56977,Nikhil Mehta,31,Female,North,Ludhiana,Sports,Football,8,4915.85,0.4,39169.49,3522.42,71.09,Debit Card,2,FALSE,Delivered,10
ORD-02487,15-12-2022,CUST10552,Ritu Mehta,58,Female,North,Chandigarh,Beauty,Sunscreen,2,197.14,0.08,393.96,162.97,48.37,EMI,4,TRUE,Returned,8
ORD-03858,08-03-2024,CUST58224,Sunita Kumar,61,Female,East,Patna,Sports,Football,6,5613.7,0.28,33587.89,7893.42,61.84,Debit Card,3,FALSE,Delivered,6
ORD-01986,27-05-2022,CUST51062,Vikram Kumar,22,Male,West,Ahmedabad,Groceries,Tea,2,190.58,0.32,379.94,33.13,70.16,Cash on Delivery,4,FALSE,Delivered,8
ORD-01269,27-07-2021,CUST63654,Rohan Das,53,Male,North,Chandigarh,Electronics,Smartwatch,10,16086.67,0.09,160721.92,28383.36,48.31,Credit Card,2,FALSE,Delivered,3
ORD-02909,06-10-2023,CUST79344,Rohan Bose,37,Female,South,Chennai,Clothing,T-Shirt,5,2719.24,0.37,13545.89,4858.06,78.07,UPI,5,FALSE,Delivered,6
ORD-02999,22-07-2023,CUST67583,Rohan Nair,47,Other,South,Chennai,Furniture,Desk,4,17215.86,0.38,68601.76,21312.1,63.55,EMI,1,FALSE,Delivered,2
ORD-02375,25-10-2022,CUST02280,Sunita Bhat,32,Female,North,Ludhiana,Clothing,Saree,8,1627.94,0.2,12997.47,3552.18,57.07,Net Banking,4,FALSE,Delivered,10
ORD-00227,04-08-2020,CUST25419,Amit Mishra,22,Male,West,Ahmedabad,Sports,Dumbbells,9,3135.91,0.3,28138.52,2904.35,58.58,UPI,3,FALSE,Delivered,2
ORD-04119,27-11-2024,CUST78271,Rahul Reddy,14,Female,East,Guwahati,Clothing,Saree,8,612.16,0.05,4894.83,845.36,119.57,UPI,2,FALSE,Delivered,6
ORD-03538,17-03-2024,CUST92378,Amit Shah,43,Female,West,Pune,Electronics,Camera,10,37177.59,0.24,370883.64,54735.8,107.23,Cash on Delivery,1,FALSE,Delivered,3
ORD-00554,09-03-2020,CUST69638,Deepa Das,25,Other,North,Amritsar,Beauty,Lipstick,9,644.98,0.25,5790.31,1995.62,37.32,Credit Card,5,FALSE,Delivered,5
ORD-00062,23-01-2020,CUST64715,Aarav Rao,37,Female,North,Delhi,Sports,Football,1,2554.77,0.07,2552.98,376.62,65.44,Credit Card,2,FALSE,Delivered,2
ORD-02933,27-06-2023,CUST17587,Pooja Gupta,46,Female,Central,Bhopal,Books,Fiction Novel,10,1124.31,0.12,11229.61,7672.21,80.41,EMI,2,FALSE,Delivered,2
ORD-01443,14-10-2021,CUST23949,Vikram Sharma,48,Male,North,Delhi,Beauty,Perfume,5,314.26,0.28,1566.9,376.78,62.97,Debit Card,5,FALSE,Delivered,6
ORD-03901,14-08-2024,CUST08531,Kavya Nair,52,Female,South,Bangalore,Furniture,Sofa,10,5838.04,0.07,58339.53,23848.22,71.75,Debit Card,4,TRUE,Returned,3
ORD-01733,02-09-2022,CUST23490,Arjun Rao,18,Female,East,Patna,Sports,Football,10,10915.19,0.25,108879.02,19642.68,96.46,Debit Card,3,FALSE,Delivered,10
ORD-02060,27-06-2022,CUST37656,Karan Sharma,36,Male,Central,Nagpur,Furniture,Wardrobe,10,30431.62,0.19,303738,123711.59,58.75,Debit Card,4,FALSE,Delivered,10
ORD-02021,06-10-2022,CUST00211,Arjun Nair,33,Male,East,Bhubaneswar,Books,Fiction Novel,3,1203.89,0.18,3605.17,1744.9,74.42,Net Banking,3,FALSE,Cancelled,4
ORD-02204,19-08-2022,CUST80382,Priya Verma,40,Other,North,Ludhiana,Books,Biography,3,692.33,0.14,2074.08,747.75,48.08,Debit Card,4,FALSE,Delivered,4
ORD-04074,31-10-2024,CUST06369,Arjun Reddy,31,Other,East,Guwahati,Sports,Dumbbells,9,9910.87,0.36,88876.72,17622.75,89.02,Debit Card,4,FALSE,Delivered,9
ORD-03947,29-08-2024,CUST85906,Deepa Shah,35,Other,Central,Raipur,Groceries,Sugar,3,109.12,0.03,327.26,36.82,55.62,Cash on Delivery,4,FALSE,Delivered,9
ORD-01840,26-03-2022,CUST17949,Ananya Patel,34,Female,Central,Indore,Furniture,Chair,4,31307.38,0.26,124903.92,26306.21,72.12,Cash on Delivery,4,FALSE,Delivered,4
ORD-04071,30-10-2024,CUST56219,Ananya Pillai,68,Female,South,Kochi,Clothing,T-Shirt,6,974.77,0.36,5827.56,1906.51,61.51,UPI,2,FALSE,Delivered,10
ORD-04107,18-11-2024,CUST81738,Meera Verma,57,Female,North,Ludhiana,Sports,Cycle,6,8448.34,0.29,50543.04,8591.2,72.43,Cash on Delivery,5,FALSE,Delivered,10
ORD-03652,05-06-2024,CUST85147,Aditya Singh,35,Female,South,Hyderabad,Clothing,Kurta,2,1717.4,0.17,3428.96,1161.98,84.39,Credit Card,5,TRUE,Returned,5
ORD-03439,30-01-2024,CUST18731,Rohan Kumar,23,Other,South,Hyderabad,Electronics,Laptop,2,59225.94,0.08,118357.12,9990.22,76.36,Credit Card,3,FALSE,Delivered,10
ORD-00662,28-10-2020,CUST45940,Ritu Shah,34,Other,West,Pune,Beauty,Sunscreen,10,2019.64,0.36,20123.69,6282.66,64.79,Credit Card,5,FALSE,Delivered,6
ORD-01636,30-12-2021,CUST55664,Vikram Mishra,41,Female,South,Chennai,Clothing,Saree,7,691.98,0.26,4831.27,740.52,59.13,Cash on Delivery,1,FALSE,Delivered,1
ORD-00349,30-05-2020,CUST70625,Aarav Bose,15,Other,South,Chennai,Clothing,Kurta,8,1005.57,0.3,8020.43,3467.63,54.2,Net Banking,4,FALSE,Delivered,7
ORD-01575,12-04-2021,CUST95435,Arjun Pillai,35,Female,West,Surat,Books,Textbook,4,505.02,0.2,2016.04,718.98,63.47,UPI,2,FALSE,Delivered,7
ORD-00298,10-05-2020,CUST02510,Ritu Reddy,25,Male,East,Bhubaneswar,Electronics,Headphones,1,66715.81,0.34,66488.98,5606.38,96.92,Net Banking,5,FALSE,Cancelled,10
ORD-02215,25-08-2022,CUST27310,Amit Das,32,Male,East,Guwahati,Groceries,Rice (5Kg),5,285.26,0.18,1423.73,120.43,93.11,UPI,5,FALSE,Delivered,5
ORD-01881,04-10-2022,CUST82347,Priya Sharma,36,Male,West,Surat,Electronics,Laptop,6,65974.79,0.29,394700.78,7317.9,57.21,EMI,1,FALSE,Delivered,8
ORD-03970,09-08-2024,CUST76992,Rohan Patel,20,Male,West,Pune,Groceries,Tea,3,339.07,0.26,1014.57,101.3,52.75,Net Banking,2,FALSE,Delivered,2
ORD-02584,28-01-2023,CUST37196,Ritu Verma,31,Female,North,Amritsar,Books,Fiction Novel,5,1098.64,0.36,5473.42,261.79,27.79,EMI,4,FALSE,Delivered,9
ORD-00205,31-03-2020,CUST44095,Aarav Nair,24,Female,Central,Bhopal,Groceries,Flour,9,122.54,0.04,1102.42,82.76,60.82,UPI,3,FALSE,Delivered,1
ORD-03618,23-04-2024,CUST86304,Shreya Sharma,42,Male,Central,Nagpur,Clothing,Jeans,8,1645.72,0.24,13134.16,5514.74,71.7,Debit Card,2,FALSE,Shipped,5
ORD-01734,02-09-2022,CUST30760,Arjun Singh,39,Male,North,Delhi,Electronics,Camera,3,40157.94,0.22,120208.78,10891.28,9.92,UPI,3,FALSE,Delivered,3
ORD-00907,02-10-2021,CUST43384,Rahul Kumar,45,Female,South,Hyderabad,Furniture,Desk,10,12241.28,0.02,122388.32,23149.32,45.07,Credit Card,5,TRUE,Returned,8
ORD-00914,16-02-2021,CUST19648,Priya Mishra,41,Female,West,Surat,Sports,Yoga Mat,6,4631.44,0.05,27774.75,4924.69,43.93,Credit Card,3,TRUE,Returned,4
ORD-02403,11-05-2022,CUST08149,Aarav Pillai,58,Male,East,Kolkata,Clothing,Jacket,9,1523.81,0.17,13690.98,3848.37,99.28,Net Banking,2,FALSE,Shipped,8
ORD-02235,09-01-2022,CUST46304,Nisha Mehta,16,Female,South,Bangalore,Books,Biography,5,950.08,0.25,4738.52,264.5,51.2,EMI,5,FALSE,Shipped,1
ORD-02826,14-05-2023,CUST61527,Arjun Reddy,18,Male,North,Chandigarh,Electronics,Camera,8,72567.78,0.22,579265.05,91039.07,44.56,EMI,2,FALSE,Delivered,6
ORD-00269,28-04-2020,CUST87129,Nikhil Reddy,34,Male,Central,Raipur,Clothing,T-Shirt,1,1990.76,0.12,1988.37,834.05,42.24,UPI,1,FALSE,Delivered,4
ORD-02648,18-02-2023,CUST20141,Nikhil Reddy,31,Female,East,Patna,Books,Self-Help Book,10,431.41,0.34,4299.43,1442.99,89.87,Credit Card,4,FALSE,Delivered,10
ORD-01034,13-04-2021,CUST31839,Pooja Gupta,41,Male,West,Surat,Furniture,Bed Frame,7,9355.68,0.1,65424.27,22032.09,59.02,Debit Card,2,FALSE,Delivered,2
ORD-02059,27-06-2022,CUST09208,Deepa Nair,48,Male,West,Pune,Groceries,Sugar,3,357.08,0.33,1067.7,100.4,57.72,Debit Card,4,FALSE,Delivered,8
ORD-01305,08-10-2021,CUST05596,Rohan Kumar,47,Male,South,Hyderabad,Beauty,Sunscreen,2,1000.16,0.16,1997.12,712.46,67.43,Cash on Delivery,1,FALSE,Delivered,5
ORD-01771,23-02-2022,CUST86918,Nikhil Kapoor,29,Other,South,Bangalore,Books,Fiction Novel,5,911.92,0.33,4544.55,215.7,83.81,Debit Card,2,FALSE,Delivered,6
ORD-01234,07-11-2021,CUST39513,Sunita Das,26,Male,West,Surat,Beauty,Lipstick,9,2103.23,0.21,18889.32,8778.09,74.94,EMI,1,FALSE,Delivered,6
ORD-04077,03-11-2024,CUST21632,Aarav Sharma,31,Other,East,Guwahati,Furniture,Desk,8,29867.23,0.2,238459.96,42863.03,81.97,Credit Card,2,TRUE,Returned,6
ORD-02604,02-05-2023,CUST18095,Arjun Bhat,41,Other,East,Bhubaneswar,Sports,Cycle,6,10564.85,0.34,63173.58,10694.73,90.4,Net Banking,2,TRUE,Returned,4
ORD-02338,10-10-2022,CUST94097,Aarav Joshi,60,Other,East,Guwahati,Electronics,Smartphone,8,29640.05,0.34,236314.19,15304.08,53.3,EMI,5,FALSE,Shipped,9
ORD-02476,12-10-2022,CUST15322,Rohan Mishra,42,Other,West,Mumbai,Groceries,Cooking Oil,2,228.14,0.19,455.41,21.59,38.62,UPI,5,FALSE,Delivered,1
ORD-01586,12-10-2021,CUST03363,Ananya Das,32,Other,North,Chandigarh,Sports,Tennis Racket,8,8526.34,0.2,68074.3,15373.18,43.24,UPI,1,FALSE,Cancelled,4
ORD-01818,15-03-2022,CUST25648,Rahul Rao,40,Other,West,Mumbai,Electronics,Smartphone,7,62327.01,0.11,435809.15,49721.96,38.92,Credit Card,2,FALSE,Delivered,5
ORD-01947,05-10-2022,CUST34455,Meera Rao,35,Male,South,Kochi,Sports,Tennis Racket,3,9576.43,0.23,28663.21,9543.5,20.04,UPI,2,FALSE,Delivered,2
ORD-02138,27-07-2022,CUST43306,Rohan Chatterjee,49,Other,West,Surat,Electronics,Laptop,5,69337.89,0.18,346065.41,39925.8,31.5,Debit Card,4,FALSE,Delivered,4
ORD-03371,30-12-2023,CUST02058,Rohan Bose,36,Other,Central,Bhopal,Groceries,Tea,8,60.17,0.13,480.73,26.13,33.6,Debit Card,2,FALSE,Delivered,6
ORD-01592,12-11-2021,CUST98096,Priya Mishra,25,Female,Central,Raipur,Clothing,Jeans,5,3611.23,0.37,17989.34,2810.97,31.7,Debit Card,3,TRUE,Returned,5
ORD-00122,16-02-2020,CUST06829,Amit Bhat,37,Male,West,Ahmedabad,Books,Cook Book,7,1374.83,0.2,9604.56,3464.94,67.73,Net Banking,5,FALSE,Delivered,7
ORD-00657,22-10-2020,CUST19779,Ananya Patel,38,Female,South,Kochi,Clothing,Saree,5,1598.2,0.1,7983.01,588.35,57.89,Net Banking,4,FALSE,Delivered,6
ORD-03787,07-04-2024,CUST66442,Rohan Pillai,26,Other,East,Guwahati,Electronics,Tablet,1,47324.8,0.16,47249.08,9570.12,90.13,Credit Card,5,TRUE,Returned,9
ORD-01792,03-05-2022,CUST77726,Meera Kapoor,57,Other,South,Chennai,Electronics,Tablet,1,19912.96,0.27,19859.2,2309.9,49.5,Cash on Delivery,3,FALSE,Delivered,5
ORD-02200,17-08-2022,CUST75677,Rahul Iyer,33,Other,Central,Nagpur,Clothing,Kurta,9,3159.45,0.11,28403.77,9057.31,53.6,Cash on Delivery,3,FALSE,Delivered,3
ORD-04155,12-09-2024,CUST98534,Rohan Bhat,49,Other,Central,Indore,Beauty,Lipstick,7,2138.83,0.26,14932.88,4567.68,39.39,Debit Card,2,FALSE,Cancelled,7
ORD-03185,10-09-2023,CUST29728,Shreya Das,45,Male,West,Surat,Sports,Football,2,14208.99,0.13,28381.04,7074.23,73.52,EMI,3,FALSE,Delivered,7
ORD-02108,17-07-2022,CUST78376,Shreya Das,44,Male,West,Ahmedabad,Furniture,Bed Frame,5,7769.34,0.25,38749.58,11912.85,60.21,UPI,2,FALSE,Delivered,8
ORD-01897,17-04-2022,CUST32469,Sanjay Nair,35,Other,West,Ahmedabad,Beauty,Shampoo,2,1778.44,0.11,3552.97,1648.35,93.12,Debit Card,1,TRUE,Returned,7
ORD-01939,05-05-2022,CUST93870,Rohan Joshi,18,Female,Central,Raipur,Books,Cook Book,3,536.6,0.2,1606.58,1137.1,73.3,Net Banking,3,FALSE,Pending,6
ORD-03559,27-03-2024,CUST69010,Aditya Bose,42,Female,West,Surat,Books,Self-Help Book,4,335.65,0.2,1339.91,425.54,35.66,Credit Card,3,FALSE,Delivered,6
ORD-00131,20-02-2020,CUST95462,Pooja Iyer,24,Female,North,Delhi,Groceries,Rice (5Kg),10,378.08,0.08,3777.78,204.71,40.81,Debit Card,1,FALSE,Cancelled,2
ORD-01486,29-10-2021,CUST45840,Aditya Patel,25,Male,South,Bangalore,Electronics,Laptop,9,55078.73,0.36,493924.02,41096.21,50.4,Cash on Delivery,3,FALSE,Delivered,3
ORD-01723,02-05-2022,CUST24447,Kavya Verma,51,Other,South,Chennai,Books,Comic Book,2,429.2,0.19,856.77,159.72,70.44,UPI,1,FALSE,Delivered,1
ORD-02899,06-07-2023,CUST41852,Priya Rao,43,Male,Central,Indore,Groceries,Sugar,8,165.82,0.26,1323.11,135.43,36.72,Debit Card,5,FALSE,Delivered,2
ORD-00134,22-02-2020,CUST26802,Sunita Nair,45,Female,North,Chandigarh,Clothing,Jacket,5,1949.23,0.3,9716.91,1667.61,64.71,Debit Card,5,FALSE,Delivered,9
ORD-00001,01-01-2020,CUST20767,Amit Mishra,67,Female,Central,Indore,Sports,Cricket Bat,4,2355.25,0.33,9389.91,1080.08,44.79,Credit Card,3,FALSE,Delivered,8
ORD-02520,29-12-2022,CUST01597,Sanjay Patel,30,Male,East,Bhubaneswar,Sports,Cricket Bat,2,11228.63,0.34,22380.91,2694.57,54.4,Credit Card,5,FALSE,Delivered,2
ORD-00252,21-04-2020,CUST23212,Rahul Pillai,29,Other,North,Delhi,Beauty,Shampoo,6,802.39,0.36,4797.01,993.67,47.04,Debit Card,3,FALSE,Delivered,6
ORD-01070,29-04-2021,CUST11655,Pooja Sharma,16,Other,North,Chandigarh,Beauty,Shampoo,1,1408.28,0.13,1406.45,752.5,53.14,Net Banking,2,TRUE,Returned,6
ORD-01888,14-04-2022,CUST48280,Aarav Pillai,38,Female,West,Ahmedabad,Groceries,Sugar,7,366.53,0.01,2565.45,335.94,46.6,Cash on Delivery,2,FALSE,Delivered,2
ORD-00700,13-11-2020,CUST93667,Meera Shah,17,Male,North,Chandigarh,Groceries,Cooking Oil,10,434.1,0.35,4325.81,191.3,61.51,UPI,1,TRUE,Returned,6
ORD-03792,07-06-2024,CUST55522,Rohan Mehta,25,Male,South,Bangalore,Electronics,Headphones,10,63505.68,0.16,634040.71,141319.32,64.82,Debit Card,3,FALSE,Delivered,5
ORD-03711,06-05-2024,CUST44263,Meera Sharma,34,Male,West,Mumbai,Books,Comic Book,7,753.13,0.03,5270.33,4965.83,51.61,EMI,1,FALSE,Delivered,4
ORD-03144,22-09-2023,CUST69784,Amit Bhat,23,Male,West,Pune,Clothing,Kurta,2,2227.31,0.04,4452.84,2748,71.3,UPI,1,FALSE,Delivered,10
ORD-00239,14-04-2020,CUST33340,Ananya Chatterjee,18,Male,West,Ahmedabad,Furniture,Bookshelf,9,32644.01,0.28,292973.46,68294.46,41.37,UPI,4,FALSE,Shipped,7
ORD-01436,10-09-2021,CUST45016,Pooja Rao,47,Male,North,Chandigarh,Clothing,Dress,2,3097.01,0.13,6185.97,2443.96,50.68,Net Banking,3,FALSE,Delivered,6
ORD-02371,21-10-2022,CUST84615,Pooja Rao,25,Female,South,Hyderabad,Beauty,Lipstick,6,253.65,0.18,1519.16,436.8,47.29,Cash on Delivery,5,FALSE,Delivered,3
ORD-02050,21-06-2022,CUST02327,Sunita Mehta,23,Male,West,Mumbai,Clothing,Dress,3,1462.24,0.05,4384.53,2494.41,69.71,Credit Card,3,FALSE,Shipped,7
ORD-03748,21-06-2024,CUST36188,Amit Joshi,34,Other,West,Pune,Electronics,Headphones,5,21665.65,0.39,107905.77,16051.87,62.8,Net Banking,2,FALSE,Pending,9
ORD-03508,03-04-2024,CUST35702,Shreya Mehta,31,Female,West,Surat,Clothing,Dress,4,1975.33,0.05,7897.37,3033.4,27.67,Net Banking,1,FALSE,Delivered,6
ORD-00957,10-03-2021,CUST38291,Priya Sharma,45,Male,West,Ahmedabad,Electronics,Headphones,8,35444.35,0.36,282534,25280.12,40.75,Cash on Delivery,4,FALSE,Delivered,8
ORD-01477,25-10-2021,CUST96715,Meera Kapoor,47,Other,West,Pune,Beauty,Shampoo,4,2037.17,0.05,8144.61,3811.89,53.93,UPI,3,FALSE,Shipped,4
ORD-01063,26-04-2021,CUST94026,Shreya Mehta,45,Other,East,Bhubaneswar,Electronics,Smartphone,4,9948.67,0.03,39782.74,5774.74,85.65,UPI,1,TRUE,Returned,10
ORD-02232,30-08-2022,CUST33157,Shreya Rao,49,Female,South,Bangalore,Clothing,T-Shirt,10,3789.09,0.2,37815.12,11567.08,53.05,UPI,5,FALSE,Pending,1
ORD-01954,14-05-2022,CUST34853,Sanjay Das,29,Other,West,Surat,Groceries,Tea,5,218.21,0.33,1087.45,113.46,55.11,Credit Card,5,FALSE,Shipped,9
ORD-01904,21-04-2022,CUST84621,Pooja Kumar,31,Other,East,Guwahati,Electronics,Tablet,5,7801.31,0.4,38850.52,4169.84,72.94,Credit Card,5,FALSE,Delivered,7
ORD-03290,23-11-2023,CUST79601,Aarav Mishra,47,Other,West,Mumbai,Groceries,Tea,6,481.93,0.39,2880.3,135.01,54.04,EMI,2,FALSE,Delivered,2
ORD-03722,06-12-2024,CUST72927,Amit Bhat,48,Female,West,Ahmedabad,Sports,Tennis Racket,6,701.76,0.12,4205.51,1409.13,70.25,Net Banking,4,FALSE,Delivered,7
ORD-03949,31-08-2024,CUST95140,Pooja Verma,49,Female,West,Mumbai,Beauty,Face Cream,7,981.95,0.06,6869.53,4480.42,63.36,UPI,5,FALSE,Delivered,9
ORD-01879,04-08-2022,CUST41248,Shreya Bose,18,Female,North,Amritsar,Groceries,Rice (5Kg),6,160.93,0.38,961.91,49.52,43.23,UPI,4,FALSE,Delivered,5
ORD-02355,16-10-2022,CUST25582,Rahul Rao,31,Other,Central,Indore,Sports,Yoga Mat,2,963.86,0.4,1920.01,250.23,44.87,Credit Card,4,FALSE,Shipped,7
ORD-00730,30-11-2020,CUST84330,Meera Iyer,37,Female,West,Mumbai,Furniture,Chair,8,18836.47,0.39,150104.06,18480.41,25.75,Net Banking,4,FALSE,Delivered,7
ORD-01465,23-10-2021,CUST31162,Vikram Reddy,42,Other,North,Chandigarh,Furniture,Chair,2,31609.28,0.3,63028.9,8697.26,37.83,Cash on Delivery,3,FALSE,Delivered,5
ORD-01010,04-01-2021,CUST49434,Deepa Mishra,39,Other,Central,Bhopal,Books,Cook Book,3,748.48,0.39,2236.68,545.32,53.58,Cash on Delivery,4,FALSE,Delivered,4
ORD-00550,31-08-2020,CUST21538,Rahul Rao,55,Male,South,Hyderabad,Sports,Dumbbells,4,9806.37,0.07,39198.02,11804.27,84.11,Credit Card,2,FALSE,Delivered,3
ORD-01338,24-08-2021,CUST96831,Priya Das,43,Male,South,Kochi,Furniture,Sofa,10,19934.48,0.04,199265.06,85875.92,55.37,Debit Card,2,FALSE,Delivered,3
ORD-00970,18-03-2021,CUST04940,Aditya Bhat,44,Other,East,Kolkata,Electronics,Laptop,6,40340.61,0.36,241172.3,15451.73,92.09,Debit Card,2,FALSE,Delivered,10
ORD-01360,09-04-2021,CUST90904,Ananya Gupta,46,Male,North,Amritsar,Groceries,Tea,9,259.9,0.13,2336.06,151.85,60.98,Cash on Delivery,1,FALSE,Delivered,7
ORD-01725,02-07-2022,CUST13925,Sanjay Nair,34,Female,Central,Raipur,Furniture,Sofa,5,26645.28,0.03,133186.43,47367.72,56.14,Debit Card,4,FALSE,Delivered,2
ORD-03404,13-01-2024,CUST89207,Pooja Nair,30,Other,North,Chandigarh,Groceries,Cooking Oil,4,252.07,0.15,1006.77,72.2,40.96,Debit Card,2,FALSE,Delivered,1
ORD-03109,09-05-2023,CUST93512,Priya Sharma,35,Other,West,Mumbai,Books,Textbook,3,482.83,0.14,1446.46,752.92,50.18,Cash on Delivery,4,FALSE,Pending,4
ORD-00111,02-10-2020,CUST10397,Pooja Chatterjee,67,Female,East,Guwahati,Furniture,Chair,7,2426.56,0.27,16940.06,2367.69,93.56,Credit Card,3,FALSE,Delivered,8
ORD-00160,03-08-2020,CUST53976,Sanjay Kapoor,35,Female,South,Kochi,Groceries,Rice (5Kg),1,430.25,0.17,429.52,25.31,56.91,Credit Card,2,TRUE,Returned,5
ORD-02937,28-06-2023,CUST46894,Nisha Iyer,49,Female,East,Guwahati,Electronics,Smartwatch,10,13230.15,0.38,131798.75,16653.59,74.38,EMI,5,FALSE,Delivered,10
ORD-00610,29-09-2020,CUST16419,Nisha Mehta,31,Male,South,Chennai,Beauty,Sunscreen,6,1767.5,0.05,10599.7,6354.06,91.71,Cash on Delivery,3,FALSE,Delivered,10
ORD-00916,17-02-2021,CUST66419,Sanjay Singh,44,Male,South,Chennai,Groceries,Sugar,7,245.03,0.09,1713.67,97.99,69.71,UPI,3,FALSE,Delivered,7
ORD-00292,05-08-2020,CUST37047,Nikhil Mishra,43,Male,North,Chandigarh,Beauty,Perfume,1,258.67,0.13,258.33,82.38,62.33,Net Banking,5,FALSE,Delivered,5
ORD-02975,07-11-2023,CUST47576,Sunita Rao,27,Male,West,Pune,Sports,Football,1,8472.58,0.37,8441.23,1056.58,42.85,UPI,5,FALSE,Delivered,10
ORD-00746,12-05-2020,CUST77230,Aarav Sharma,52,Other,West,Pune,Electronics,Smartphone,1,55374.2,0.03,55357.59,4332.69,42.92,Net Banking,4,TRUE,Returned,9
ORD-03832,24-07-2024,CUST67339,Vikram Bhat,31,Other,North,Delhi,Books,Fiction Novel,9,592.57,0.31,5316.6,2593.15,60.15,Net Banking,4,TRUE,Returned,10
ORD-00776,18-12-2020,CUST87733,Rahul Chatterjee,60,Other,East,Bhubaneswar,Books,Textbook,4,1126.12,0.11,4499.53,1167.52,87.28,Cash on Delivery,3,FALSE,Shipped,5
ORD-03789,07-04-2024,CUST30468,Shreya Patel,42,Other,Central,Bhopal,Clothing,T-Shirt,4,766.4,0.12,3061.92,1156.28,41.96,Net Banking,3,FALSE,Delivered,10
ORD-03071,19-08-2023,CUST66429,Arjun Bose,52,Other,West,Mumbai,Books,Textbook,8,1135.99,0.33,9057.93,3707.82,66.97,Cash on Delivery,4,TRUE,Returned,6
ORD-00578,15-09-2020,CUST42662,Kavya Bhat,43,Female,East,Guwahati,Beauty,Perfume,8,590.22,0.03,4720.34,1500.51,63.44,EMI,3,FALSE,Delivered,9
ORD-01458,22-10-2021,CUST39952,Sanjay Iyer,27,Other,Central,Bhopal,Electronics,Camera,7,38149.2,0.2,266510.31,21290.22,53.93,Cash on Delivery,4,TRUE,Returned,8
ORD-03236,31-10-2023,CUST98300,Arjun Das,28,Male,Central,Bhopal,Sports,Dumbbells,3,3481.8,0.38,10405.71,1681.91,55.2,UPI,5,FALSE,Delivered,8
ORD-00264,26-04-2020,CUST64327,Nikhil Joshi,14,Other,South,Kochi,Groceries,Dal (1Kg),2,208.29,0.04,416.41,50.37,77.65,Cash on Delivery,3,TRUE,Returned,6
ORD-01256,20-07-2021,CUST36428,Ritu Singh,50,Female,North,Ludhiana,Sports,Cricket Bat,10,8620.94,0.04,86174.92,29243.76,63.69,EMI,1,FALSE,Cancelled,3
ORD-00303,05-11-2020,CUST62197,Amit Mehta,34,Male,North,Ludhiana,Groceries,Dal (1Kg),4,87.62,0.26,349.57,30.3,56.98,Net Banking,3,TRUE,Returned,4
ORD-01772,23-02-2022,CUST66243,Sanjay Mehta,36,Other,South,Chennai,Clothing,T-Shirt,4,3567.47,0.14,14249.9,2952.33,90.15,Cash on Delivery,4,FALSE,Cancelled,4
ORD-02976,07-11-2023,CUST38282,Arjun Reddy,34,Male,East,Kolkata,Electronics,Tablet,10,46486.3,0.35,463235.98,46106.98,68.33,EMI,2,FALSE,Delivered,10
ORD-01200,25-06-2021,CUST04926,Meera Mishra,32,Female,East,Kolkata,Groceries,Dal (1Kg),8,243.87,0.24,1946.28,159.38,107.16,EMI,4,FALSE,Delivered,8
ORD-03952,09-01-2024,CUST83301,Ananya Gupta,34,Female,West,Mumbai,Sports,Cricket Bat,1,14106.55,0.03,14102.32,4828.67,41.95,Debit Card,2,FALSE,Delivered,10
ORD-00150,03-02-2020,CUST65041,Sunita Shah,28,Other,North,Delhi,Beauty,Shampoo,8,2402.3,0.14,19191.49,7864.22,28.34,Credit Card,2,FALSE,Delivered,5
ORD-03495,28-02-2024,CUST83702,Meera Chatterjee,57,Other,North,Chandigarh,Furniture,Wardrobe,10,7864.24,0.07,78587.35,26334.69,41.39,UPI,3,FALSE,Delivered,8
ORD-00815,01-08-2021,CUST16348,Priya Singh,29,Female,West,Ahmedabad,Groceries,Tea,3,124.54,0.06,373.4,27.23,67.18,Credit Card,1,FALSE,Shipped,10
ORD-00072,28-01-2020,CUST86139,Nisha Mishra,35,Male,South,Bangalore,Beauty,Hair Oil,3,464.07,0.37,1387.06,342.46,60.75,UPI,5,FALSE,Delivered,5
ORD-02504,22-12-2022,CUST98767,Aarav Sharma,53,Other,East,Kolkata,Electronics,Headphones,8,77398.42,0.26,617577.47,33920.05,94.39,Net Banking,3,FALSE,Cancelled,10
ORD-00090,05-02-2020,CUST87850,Ananya Joshi,34,Female,East,Patna,Clothing,Kurta,7,1318.24,0.06,9222.14,2866.08,77.9,Net Banking,5,FALSE,Delivered,5
ORD-00118,02-12-2020,CUST27542,Rahul Shah,32,Female,North,Chandigarh,Sports,Cricket Bat,2,9059.97,0.28,18069.2,2775.6,59.56,EMI,3,FALSE,Delivered,7
ORD-01512,11-12-2021,CUST69324,Kavya Kapoor,19,Female,Central,Nagpur,Clothing,Saree,7,2886.34,0.25,20153.87,3851.17,58.88,Debit Card,4,FALSE,Delivered,3
ORD-02370,21-10-2022,CUST09289,Nisha Bose,28,Other,North,Ludhiana,Sports,Tennis Racket,3,10631.58,0.1,31862.85,4472.16,31.86,Debit Card,4,FALSE,Delivered,5
ORD-04173,17-12-2024,CUST95025,Aditya Kapoor,18,Female,North,Ludhiana,Furniture,Sofa,6,29938.75,0.17,179327.12,44922.96,34.46,Cash on Delivery,1,FALSE,Delivered,9
ORD-04038,17-10-2024,CUST48507,Deepa Mehta,34,Other,South,Chennai,Sports,Cycle,5,8321.61,0.29,41487.39,7415.49,82.48,EMI,2,FALSE,Delivered,2
ORD-00460,21-07-2020,CUST75610,Amit Shah,41,Female,North,Delhi,Sports,Cycle,5,14409.79,0.06,72005.72,14684.99,44.5,EMI,5,FALSE,Delivered,8
ORD-02218,26-08-2022,CUST37517,Ritu Bhat,33,Other,South,Chennai,Sports,Football,3,4765.92,0.05,14290.61,4889.44,59.58,Net Banking,2,FALSE,Delivered,9
ORD-03885,08-09-2024,CUST10547,Vikram Shah,36,Other,Central,Raipur,Groceries,Cooking Oil,5,230.1,0.23,1147.85,74.15,44.66,Debit Card,5,FALSE,Delivered,1
ORD-03646,05-04-2024,CUST63505,Karan Bose,52,Female,South,Kochi,Clothing,Jeans,3,2490.42,0.12,7462.29,4135.15,56.66,Debit Card,5,FALSE,Cancelled,8
ORD-00242,15-04-2020,CUST17001,Ananya Kumar,31,Male,Central,Nagpur,Furniture,Desk,3,14067.89,0.13,42148.81,8649.34,64.02,EMI,1,FALSE,Delivered,10
ORD-02747,04-04-2023,CUST34843,Sanjay Verma,21,Male,South,Hyderabad,Beauty,Lipstick,9,1568.38,0.02,14112.6,9913.18,96.17,Debit Card,5,FALSE,Delivered,7
ORD-00842,20-01-2021,CUST65032,Rahul Patel,35,Female,North,Ludhiana,Furniture,Desk,6,10881.01,0.28,65103.26,13223.63,78.19,Debit Card,3,FALSE,Cancelled,5
ORD-01938,05-05-2022,CUST09891,Ananya Rao,42,Female,Central,Indore,Books,Fiction Novel,7,1019.7,0.33,7114.34,3242.6,49.01,Credit Card,5,FALSE,Delivered,6
ORD-00745,12-04-2020,CUST39674,Meera Rao,32,Male,West,Mumbai,Electronics,Tablet,7,63547.4,0.18,444031.1,44746.11,73.72,Debit Card,1,FALSE,Shipped,7
ORD-02751,04-06-2023,CUST41956,Ritu Gupta,58,Male,Central,Raipur,Furniture,Sofa,7,21084.54,0.39,147016.17,29805.11,42.37,EMI,5,TRUE,Returned,8
ORD-03004,24-07-2023,CUST37873,Karan Shah,24,Female,Central,Bhopal,Groceries,Sugar,7,223.54,0.05,1564,183.01,54.19,Debit Card,1,FALSE,Delivered,10
ORD-02633,15-02-2023,CUST27793,Nikhil Kumar,34,Male,Central,Indore,Sports,Cycle,7,8623.2,0.18,60253.75,15740.76,32.22,Cash on Delivery,1,TRUE,Returned,1
ORD-03028,08-04-2023,CUST60297,Arjun Gupta,31,Female,West,Mumbai,Books,Cook Book,6,210.75,0.19,1262.1,408.37,45.71,Cash on Delivery,4,FALSE,Delivered,2
ORD-02319,10-05-2022,CUST10347,Aditya Nair,24,Other,Central,Raipur,Sports,Yoga Mat,2,14531.26,0.22,28998.58,2388.6,58.71,UPI,5,FALSE,Delivered,1
ORD-03184,08-10-2023,CUST43954,Nikhil Joshi,60,Other,North,Chandigarh,Books,Biography,5,652.44,0.01,3261.87,1220.85,35.83,Debit Card,1,FALSE,Delivered,9
ORD-02644,17-02-2023,CUST02050,Deepa Pillai,23,Male,North,Amritsar,Beauty,Sunscreen,4,800.18,0.19,3194.64,1136.84,57.24,Net Banking,5,FALSE,Pending,10
ORD-00786,25-12-2020,CUST94074,Nikhil Singh,47,Female,Central,Raipur,Furniture,Bed Frame,5,4377.66,0.24,21835.77,2557.64,49.31,Debit Card,5,FALSE,Delivered,7
ORD-03589,04-10-2024,CUST32659,Meera Pillai,23,Female,South,Bangalore,Clothing,Kurta,10,2503.17,0.04,25021.69,12461.38,67.3,UPI,4,FALSE,Delivered,3
ORD-03299,27-11-2023,CUST51100,Ananya Bose,45,Other,West,Mumbai,Clothing,Dress,10,1349.67,0.11,13481.85,4637.25,55.35,Debit Card,3,FALSE,Delivered,10
ORD-00497,08-05-2020,CUST61540,Deepa Gupta,22,Male,Central,Indore,Furniture,Wardrobe,9,9703.47,0.12,87226.43,20614.96,74.73,Credit Card,1,FALSE,Delivered,7
ORD-01866,04-03-2022,CUST49530,Rohan Nair,29,Female,West,Pune,Electronics,Laptop,7,64794.43,0.05,453334.23,75066.29,73.84,Debit Card,2,TRUE,Returned,5
ORD-01523,16-11-2021,CUST70600,Sanjay Patel,51,Male,Central,Bhopal,Electronics,Smartwatch,6,17253.71,0.18,103335.92,9312.1,57.28,Cash on Delivery,3,FALSE,Delivered,1
ORD-00221,04-05-2020,CUST73936,Kavya Singh,19,Male,East,Patna,Sports,Cricket Bat,3,10399.3,0.02,31191.66,7236.11,59.2,Debit Card,5,FALSE,Delivered,2
ORD-00405,25-06-2020,CUST07439,Vikram Pillai,58,Female,North,Ludhiana,Groceries,Cooking Oil,2,68.21,0.21,136.13,7.79,51.11,Cash on Delivery,2,FALSE,Delivered,6
ORD-03268,11-11-2023,CUST08884,Meera Chatterjee,34,Other,East,Patna,Sports,Tennis Racket,8,517.73,0.16,4135.21,738.99,109.47,Net Banking,3,FALSE,Delivered,7
ORD-01361,09-04-2021,CUST40439,Ananya Patel,30,Female,North,Ludhiana,Beauty,Face Cream,6,1406.05,0.34,8407.62,521.93,51.51,EMI,2,TRUE,Returned,7
ORD-02926,20-06-2023,CUST07282,Nisha Nair,31,Female,East,Patna,Beauty,Face Cream,8,203.71,0.16,1627.07,1078.45,40.28,Debit Card,3,FALSE,Delivered,9
ORD-00921,21-02-2021,CUST77784,Aditya Reddy,46,Other,Central,Raipur,Books,Comic Book,6,1150.62,0.16,6892.67,376.47,51.2,Cash on Delivery,5,FALSE,Delivered,6
ORD-04146,12-06-2024,CUST52053,Nikhil Joshi,18,Male,South,Hyderabad,Beauty,Face Cream,2,1657.33,0.02,3314,1521.99,48.9,UPI,5,FALSE,Shipped,4
ORD-00985,24-03-2021,CUST89273,Sunita Sharma,34,Other,West,Pune,Groceries,Tea,7,150.71,0.21,1052.75,76.54,48,UPI,4,FALSE,Delivered,4
ORD-03965,09-06-2024,CUST16673,Ritu Kapoor,18,Other,North,Chandigarh,Groceries,Flour,8,144.95,0.02,1159.37,135.23,33.74,Net Banking,5,FALSE,Delivered,2
ORD-01334,23-08-2021,CUST72253,Ananya Verma,34,Other,Central,Indore,Furniture,Wardrobe,6,14866.07,0.15,89062.63,34155.92,69.82,UPI,2,FALSE,Delivered,9
ORD-01916,27-04-2022,CUST40084,Aarav Rao,47,Male,South,Chennai,Groceries,Tea,4,288.13,0.01,1152.4,122.61,62.28,Net Banking,2,FALSE,Shipped,7
ORD-03210,20-10-2023,CUST36370,Deepa Chatterjee,43,Female,East,Bhubaneswar,Beauty,Hair Oil,3,1474.43,0.4,4405.6,1120.36,85.55,UPI,1,FALSE,Delivered,3
ORD-00313,17-05-2020,CUST46769,Meera Reddy,51,Female,West,Pune,Groceries,Dal (1Kg),6,476.07,0.37,2845.85,258.13,45,Debit Card,3,FALSE,Delivered,1
ORD-03601,16-04-2024,CUST84390,Ritu Verma,31,Female,South,Hyderabad,Books,Textbook,8,1069.54,0.23,8536.64,3761.19,77.99,Credit Card,3,FALSE,Delivered,1
ORD-03038,08-07-2023,CUST42431,Vikram Iyer,10,Female,East,Guwahati,Books,Cook Book,4,846.94,0.1,3384.37,1830.29,103.8,Credit Card,3,FALSE,Delivered,10
ORD-02556,13-01-2023,CUST44541,Priya Iyer,45,Other,South,Chennai,Clothing,T-Shirt,7,3456.76,0.34,24115.05,3634.35,86.38,Credit Card,1,FALSE,Delivered,3
ORD-03214,21-10-2023,CUST26653,Priya Verma,34,Female,South,Hyderabad,Beauty,Perfume,2,2318.99,0.34,4622.21,1825.36,54.61,UPI,1,FALSE,Pending,6
ORD-02442,26-11-2022,CUST44235,Rahul Iyer,58,Other,East,Patna,Groceries,Flour,6,487.77,0.31,2917.55,120.68,82.58,Credit Card,5,FALSE,Delivered,6
ORD-03455,02-07-2024,CUST85337,Nisha Patel,37,Male,North,Chandigarh,Clothing,Kurta,3,497.57,0.15,1490.47,481.63,64.84,Cash on Delivery,5,FALSE,Delivered,8
ORD-03294,25-11-2023,CUST10406,Shreya Sharma,46,Female,East,Kolkata,Clothing,Saree,8,2163.34,0.09,17291.14,6967.35,86.07,Debit Card,4,TRUE,Returned,2
ORD-02458,12-01-2022,CUST84016,Meera Verma,12,Male,East,Patna,Books,Self-Help Book,5,374.99,0.2,1871.2,579.51,83.9,Cash on Delivery,3,FALSE,Delivered,8
ORD-00678,11-02-2020,CUST41806,Kavya Pillai,45,Male,West,Ahmedabad,Electronics,Tablet,10,57547.36,0,575473.6,38336.33,95.34,EMI,1,FALSE,Shipped,1
ORD-03001,23-07-2023,CUST72975,Deepa Singh,22,Female,North,Delhi,Sports,Dumbbells,7,5217.82,0.38,36385.95,4891.91,48.5,Cash on Delivery,2,FALSE,Delivered,4
ORD-00166,13-03-2020,CUST75367,Nisha Patel,45,Female,East,Kolkata,Books,Self-Help Book,8,518.2,0.01,4145.19,1853.7,90.45,Debit Card,3,FALSE,Delivered,6
ORD-00329,23-05-2020,CUST33284,Vikram Mishra,35,Male,West,Mumbai,Electronics,Camera,8,66799.88,0,534399.04,86189.72,63.99,Debit Card,1,FALSE,Delivered,2
ORD-01037,15-04-2021,CUST43607,Nikhil Kapoor,51,Other,West,Ahmedabad,Books,Biography,7,529.64,0.15,3701.92,1663.96,71.05,EMI,3,FALSE,Delivered,10
ORD-02134,25-07-2022,CUST70079,Aditya Shah,33,Male,West,Mumbai,Beauty,Shampoo,2,879.32,0.11,1756.71,1051.59,52.42,Cash on Delivery,5,FALSE,Delivered,5
ORD-02132,24-07-2022,CUST62399,Rohan Bose,45,Other,South,Chennai,Furniture,Sofa,4,25587.02,0.31,102030.8,24161.7,68.96,Debit Card,2,FALSE,Delivered,2
ORD-02255,09-09-2022,CUST86286,Amit Verma,23,Female,North,Delhi,Sports,Yoga Mat,1,10374.72,0.04,10370.57,2109.69,63.95,Cash on Delivery,3,FALSE,Cancelled,3
ORD-00104,02-09-2020,CUST30691,Ritu Mishra,47,Other,Central,Indore,Sports,Tennis Racket,9,13043.73,0.25,117100.09,18187.78,74.92,Debit Card,3,FALSE,Delivered,3
ORD-03382,01-03-2024,CUST08459,Nikhil Mishra,35,Male,West,Ahmedabad,Sports,Tennis Racket,8,13871.72,0.03,110940.47,20681.46,87.71,UPI,5,FALSE,Shipped,8
ORD-03267,11-11-2023,CUST39102,Meera Kapoor,31,Other,East,Kolkata,Electronics,Laptop,10,19168.2,0.09,191509.49,15931.28,92.38,UPI,1,TRUE,Returned,10
ORD-00735,12-01-2020,CUST45620,Aditya Patel,59,Female,East,Patna,Clothing,Kurta,6,2055.61,0.19,12310.23,2436.42,87.2,Debit Card,3,FALSE,Pending,7
ORD-03738,18-06-2024,CUST81515,Shreya Reddy,44,Female,West,Ahmedabad,Clothing,Saree,8,318.72,0.2,2544.66,1361.66,66.35,Cash on Delivery,3,FALSE,Delivered,6
ORD-01205,29-06-2021,CUST52200,Nisha Bhat,28,Male,West,Pune,Books,Fiction Novel,3,332.5,0.1,996.5,733.38,62.24,Debit Card,5,FALSE,Delivered,2
ORD-00695,11-11-2020,CUST09687,Karan Bose,25,Male,North,Chandigarh,Clothing,Dress,4,1315.54,0.06,5259,1168.41,30.16,Net Banking,4,FALSE,Cancelled,6
ORD-03238,11-01-2023,CUST14045,Sunita Kumar,59,Other,West,Mumbai,Groceries,Rice (5Kg),8,147.66,0.12,1179.86,78.45,58.97,Debit Card,1,TRUE,Returned,10
ORD-00498,08-06-2020,CUST22854,Arjun Patel,37,Female,South,Chennai,Beauty,Lipstick,4,1620.93,0,6483.72,3625.25,54.81,UPI,4,FALSE,Cancelled,6
ORD-01341,26-08-2021,CUST78913,Meera Sharma,25,Female,South,Bangalore,Electronics,Headphones,6,33295.33,0.22,199332.48,28846.6,81.68,EMI,3,FALSE,Delivered,4
ORD-01166,07-06-2021,CUST18237,Nikhil Reddy,59,Male,East,Kolkata,Electronics,Tablet,7,15552.34,0.22,108626.87,22699.93,46.69,Credit Card,5,TRUE,Returned,6
ORD-01349,30-08-2021,CUST06490,Shreya Shah,21,Female,North,Chandigarh,Clothing,Dress,4,2556.35,0.19,10205.97,1946.08,45.36,UPI,5,FALSE,Delivered,2
ORD-02376,25-10-2022,CUST02576,Pooja Verma,38,Other,East,Patna,Beauty,Shampoo,9,2282.24,0.27,20484.7,5898.92,86.96,UPI,3,FALSE,Cancelled,7
ORD-02709,21-03-2023,CUST89135,Vikram Gupta,45,Other,South,Chennai,Electronics,Smartphone,5,8426.05,0.4,41961.73,5271.23,43.17,Net Banking,3,TRUE,Returned,6
ORD-00347,29-05-2020,CUST36973,Nikhil Das,38,Male,Central,Bhopal,Furniture,Wardrobe,9,15163.14,0.05,136400.03,45730.93,52.98,Credit Card,4,FALSE,Delivered,4
ORD-01853,30-03-2022,CUST27427,Ritu Reddy,49,Female,East,Patna,Books,Cook Book,7,1034.3,0.21,7224.9,2536.09,60.36,Credit Card,5,FALSE,Delivered,4
ORD-02259,09-10-2022,CUST42519,Meera Reddy,46,Male,Central,Nagpur,Sports,Football,2,2331.76,0,4663.52,1433.92,38.85,Debit Card,5,FALSE,Delivered,1
ORD-02616,02-10-2023,CUST89095,Karan Kumar,33,Male,East,Bhubaneswar,Books,Cook Book,2,1201.89,0.2,2398.97,1451.59,59.47,Net Banking,4,FALSE,Delivered,5
ORD-02191,15-08-2022,CUST30252,Amit Rao,53,Female,South,Bangalore,Books,Self-Help Book,5,1366.96,0.33,6812.25,2062.06,90.56,Cash on Delivery,1,FALSE,Delivered,8
ORD-00515,15-08-2020,CUST29764,Ritu Patel,58,Female,North,Amritsar,Clothing,Jacket,9,3838.67,0.38,34416.75,9320.76,35.65,Credit Card,2,TRUE,Returned,8
ORD-03435,29-01-2024,CUST98330,Ananya Nair,65,Female,East,Bhubaneswar,Furniture,Bookshelf,6,10083.15,0.15,60408.15,1999.65,46.72,Net Banking,4,FALSE,Delivered,1
ORD-01029,04-11-2021,CUST37505,Nikhil Patel,41,Female,West,Ahmedabad,Sports,Dumbbells,5,1145.45,0.11,5720.95,222.57,56.78,Debit Card,1,FALSE,Delivered,8
ORD-03117,09-08-2023,CUST41510,Arjun Rao,31,Female,North,Delhi,Beauty,Lipstick,8,1386.11,0.36,11048.96,3833.84,80.48,UPI,3,FALSE,Delivered,7
ORD-00865,30-01-2021,CUST81979,Kavya Nair,47,Other,South,Chennai,Sports,Football,4,4061.87,0.15,16223.11,2369.95,68.59,EMI,2,FALSE,Shipped,1
ORD-03354,21-12-2023,CUST67353,Sunita Nair,40,Other,West,Mumbai,Groceries,Dal (1Kg),8,133.54,0.25,1065.65,48.03,54.62,Cash on Delivery,2,FALSE,Delivered,7
ORD-02940,29-06-2023,CUST98397,Priya Patel,33,Male,East,Kolkata,Furniture,Desk,7,29626.67,0.25,206868.22,54990.37,89.07,Credit Card,3,FALSE,Delivered,2
ORD-01227,07-07-2021,CUST51884,Kavya Iyer,29,Female,South,Chennai,Clothing,Jeans,8,3027.66,0.22,24167.99,8111.2,67.06,Cash on Delivery,3,TRUE,Returned,9
ORD-02863,30-05-2023,CUST63160,Meera Mehta,39,Other,South,Bangalore,Books,Self-Help Book,8,786.23,0.23,6275.37,2889.1,89.79,Cash on Delivery,4,TRUE,Returned,3
ORD-03937,26-08-2024,CUST26174,Sunita Mishra,26,Female,North,Ludhiana,Clothing,Dress,2,2273.43,0.19,4538.22,2166.56,65.89,Credit Card,1,FALSE,Delivered,5
ORD-03431,26-01-2024,CUST60027,Sunita Kapoor,20,Female,North,Chandigarh,Groceries,Rice (5Kg),5,293.8,0.38,1463.42,60.61,39.26,Net Banking,2,FALSE,Delivered,1
ORD-00564,09-07-2020,CUST18845,Sunita Reddy,37,Male,Central,Nagpur,Sports,Cricket Bat,8,1081.89,0.17,8640.41,1691.65,68.34,Net Banking,3,FALSE,Delivered,7
ORD-03849,29-07-2024,CUST29433,Priya Chatterjee,25,Male,West,Surat,Beauty,Shampoo,8,142.19,0.04,1137.06,820.61,75.73,EMI,3,FALSE,Delivered,5
ORD-02420,11-11-2022,CUST51531,Vikram Verma,15,Female,Central,Nagpur,Groceries,Cooking Oil,8,125.37,0.31,999.85,40.34,44.85,EMI,1,TRUE,Returned,5
ORD-03230,29-10-2023,CUST12331,Nikhil Singh,28,Other,West,Ahmedabad,Furniture,Bed Frame,2,28320.84,0.09,56590.7,12726.17,51.84,EMI,2,FALSE,Delivered,4
ORD-01012,04-03-2021,CUST71352,Priya Pillai,38,Other,West,Pune,Clothing,T-Shirt,7,3514.94,0.24,24545.53,8841.56,59.33,Net Banking,4,FALSE,Delivered,10
ORD-01304,08-10-2021,CUST66175,Aarav Das,26,Male,Central,Raipur,Furniture,Sofa,8,29112.08,0.18,232477.43,75733.79,27.35,EMI,1,FALSE,Delivered,3
ORD-00891,02-04-2021,CUST89847,Pooja Sharma,35,Other,South,Chennai,Beauty,Face Cream,9,616.58,0.36,5529.24,1300.95,91.17,Cash on Delivery,4,FALSE,Delivered,10
ORD-02792,23-04-2023,CUST84330,Kavya Verma,32,Female,South,Bangalore,Clothing,Jacket,6,3592.92,0.21,21512.25,12889.05,58.05,Cash on Delivery,4,TRUE,Returned,3
ORD-01262,23-07-2021,CUST53403,Karan Shah,29,Female,Central,Indore,Sports,Cricket Bat,6,4001.67,0.03,24002.82,7434.44,68.1,UPI,5,FALSE,Delivered,7
ORD-04030,15-10-2024,CUST64389,Shreya Joshi,38,Other,South,Bangalore,Books,Textbook,6,1347.11,0.05,8078.62,738.02,52.55,Net Banking,5,FALSE,Delivered,4
ORD-02732,30-03-2023,CUST23366,Priya Kumar,32,Male,North,Amritsar,Clothing,Jacket,8,1060.79,0.16,8472.74,2159.2,51.46,UPI,4,FALSE,Pending,7
ORD-03346,18-12-2023,CUST20166,Sunita Das,34,Other,East,Kolkata,Furniture,Bed Frame,9,33868,0.31,303867.08,31658.39,110.02,EMI,2,FALSE,Delivered,7
ORD-03461,02-09-2024,CUST10511,Priya Das,52,Other,East,Guwahati,Groceries,Tea,8,465.1,0.31,3709.27,258.85,68.06,Debit Card,4,FALSE,Delivered,6
ORD-00633,10-11-2020,CUST53440,Nisha Sharma,44,Male,East,Kolkata,Groceries,Dal (1Kg),4,311.1,0.01,1244.28,92.22,75.24,UPI,2,FALSE,Delivered,1
ORD-00195,27-03-2020,CUST10870,Deepa Bhat,26,Female,Central,Raipur,Beauty,Shampoo,10,2466.88,0.25,24607.13,5973.34,34.92,Net Banking,4,FALSE,Delivered,9
ORD-00514,15-08-2020,CUST86166,Shreya Rao,48,Other,Central,Indore,Furniture,Bed Frame,2,17924.25,0.15,35794.73,13769.68,75.45,Cash on Delivery,5,FALSE,Delivered,10
ORD-01639,31-12-2021,CUST37611,Aditya Sharma,48,Female,North,Amritsar,Furniture,Bookshelf,10,33336.04,0.22,332627.01,62738.27,43.07,EMI,2,FALSE,Delivered,10
ORD-01456,21-10-2021,CUST75629,Vikram Kapoor,38,Male,Central,Raipur,Groceries,Dal (1Kg),1,229.1,0.04,229.01,15.48,70.47,Net Banking,5,FALSE,Delivered,5
ORD-03747,21-06-2024,CUST30878,Karan Kumar,42,Male,East,Bhubaneswar,Electronics,Smartphone,6,72110.58,0.37,431062.63,65004.31,70.74,Cash on Delivery,3,FALSE,Pending,9
ORD-03842,27-07-2024,CUST75870,Meera Mishra,20,Other,East,Patna,Groceries,Cooking Oil,7,75.8,0.05,530.33,70.98,62.63,Net Banking,4,FALSE,Delivered,8
ORD-00210,04-01-2020,CUST41794,Arjun Kapoor,29,Female,Central,Raipur,Electronics,Headphones,7,48050.22,0.32,335275.22,29156.24,35.88,Debit Card,4,FALSE,Cancelled,3
ORD-03049,08-12-2023,CUST94965,Amit Joshi,26,Other,East,Bhubaneswar,Sports,Tennis Racket,9,905.34,0.05,8143.99,2301.49,59.24,Net Banking,1,FALSE,Delivered,6
ORD-01187,17-06-2021,CUST93071,Vikram Joshi,22,Female,West,Ahmedabad,Electronics,Smartphone,3,76896.61,0.07,230528.35,37948.79,73.13,Cash on Delivery,3,FALSE,Shipped,5
ORD-00636,10-11-2020,CUST37768,Vikram Iyer,10,Female,Central,Indore,Books,Comic Book,1,1078.1,0.04,1077.67,356.63,30.25,UPI,4,FALSE,Delivered,6
ORD-03962,09-05-2024,CUST29392,Aditya Das,26,Female,East,Guwahati,Groceries,Cooking Oil,7,461.68,0.21,3224.97,381.32,109.75,Debit Card,1,FALSE,Pending,7
ORD-04094,11-11-2024,CUST70447,Rohan Kumar,38,Other,Central,Nagpur,Electronics,Smartphone,6,32962.49,0.19,197399.17,2696.36,60.59,EMI,2,FALSE,Cancelled,2
ORD-03583,04-08-2024,CUST63387,Priya Bose,23,Female,East,Guwahati,Groceries,Tea,6,392.2,0.26,2347.08,207.12,70.3,UPI,3,FALSE,Delivered,9
ORD-00088,02-04-2020,CUST25625,Meera Kapoor,34,Other,North,Delhi,Electronics,Camera,7,60474.12,0.04,423149.51,37668.94,62.96,Net Banking,4,FALSE,Shipped,7
ORD-01370,09-09-2021,CUST44583,Aarav Rao,48,Male,East,Bhubaneswar,Electronics,Headphones,5,77055.5,0.09,384930.75,51765.01,68.43,EMI,5,FALSE,Delivered,6
ORD-04005,26-09-2024,CUST65030,Nisha Rao,35,Male,South,Hyderabad,Clothing,T-Shirt,7,1062.11,0.24,7416.93,1296.33,57.64,UPI,3,TRUE,Returned,3
ORD-01980,25-05-2022,CUST69864,Vikram Iyer,31,Male,South,Kochi,Groceries,Dal (1Kg),6,181.78,0.38,1086.54,43.28,64.13,UPI,3,FALSE,Delivered,9
ORD-02958,07-05-2023,CUST02784,Sunita Gupta,25,Male,North,Amritsar,Sports,Cycle,3,13054.7,0.2,39085.77,9740.83,41.44,UPI,2,TRUE,Returned,9
ORD-03790,07-05-2024,CUST81850,Karan Das,34,Other,East,Guwahati,Beauty,Lipstick,3,1906.13,0.35,5698.38,2206.08,75.13,UPI,5,FALSE,Delivered,6
ORD-00191,26-03-2020,CUST37196,Pooja Chatterjee,37,Other,South,Chennai,Clothing,T-Shirt,2,2822.43,0.32,5626.8,1101.47,41.8,Cash on Delivery,2,FALSE,Delivered,4
ORD-03825,21-07-2024,CUST88226,Aditya Verma,47,Male,West,Surat,Groceries,Tea,7,488.22,0.38,3404.55,163.37,60.37,EMI,1,TRUE,Returned,8
ORD-00179,19-03-2020,CUST72035,Ritu Pillai,39,Male,South,Chennai,Beauty,Hair Oil,2,691.8,0.4,1378.07,369.92,65.91,Debit Card,5,FALSE,Delivered,9
ORD-03841,27-07-2024,CUST55175,Pooja Verma,36,Female,North,Ludhiana,Sports,Cycle,4,4702.62,0.3,18754.05,3762.63,66.86,Net Banking,2,FALSE,Delivered,5
ORD-02605,02-05-2023,CUST70348,Sanjay Chatterjee,33,Other,East,Guwahati,Groceries,Dal (1Kg),2,458.79,0.24,915.38,59.83,86.04,EMI,3,FALSE,Cancelled,6
ORD-02589,30-01-2023,CUST13119,Priya Bose,39,Other,West,Ahmedabad,Furniture,Bookshelf,8,8213.91,0.21,65573.29,12928.63,87.38,Net Banking,3,FALSE,Delivered,9
ORD-03465,02-09-2024,CUST56248,Aarav Bhat,42,Female,Central,Indore,Groceries,Cooking Oil,7,359.97,0.04,2518.78,337.93,52.95,UPI,5,FALSE,Cancelled,5
ORD-02024,06-11-2022,CUST02250,Rahul Verma,33,Female,North,Ludhiana,Books,Fiction Novel,1,910.26,0.04,909.9,558.58,27.4,Net Banking,3,FALSE,Delivered,3
ORD-02104,15-07-2022,CUST15485,Sanjay Iyer,49,Female,North,Ludhiana,Groceries,Cooking Oil,4,363.4,0.33,1448.8,153.17,55.45,Cash on Delivery,1,FALSE,Delivered,3
ORD-01688,22-01-2022,CUST53680,Amit Shah,18,Other,North,Delhi,Electronics,Smartphone,5,65121.61,0,325608.05,33377.09,75.22,Net Banking,3,FALSE,Shipped,2
ORD-03916,19-08-2024,CUST33656,Ritu Rao,50,Male,East,Patna,Groceries,Cooking Oil,4,169.97,0.11,679.13,86.75,73.04,Debit Card,1,FALSE,Delivered,9
ORD-02793,24-04-2023,CUST32818,Kavya Kumar,34,Other,West,Surat,Clothing,Dress,4,882.01,0.05,3526.28,1032.3,65.21,Credit Card,2,FALSE,Delivered,3
ORD-03322,12-09-2023,CUST90480,Nisha Patel,31,Other,East,Kolkata,Groceries,Rice (5Kg),8,314.32,0.03,2513.81,180.84,99.45,Debit Card,1,FALSE,Cancelled,2
ORD-01129,25-05-2021,CUST51027,Nikhil Bose,14,Other,West,Surat,Books,Cook Book,10,363.79,0.14,3632.81,1879.15,43.41,Net Banking,3,FALSE,Cancelled,8
ORD-03068,18-08-2023,CUST89345,Deepa Iyer,30,Other,East,Guwahati,Beauty,Shampoo,1,133.98,0.16,133.77,64.55,59.05,Credit Card,5,FALSE,Delivered,4
ORD-03146,25-09-2023,CUST78079,Meera Gupta,27,Male,South,Bangalore,Electronics,Smartwatch,3,40582.57,0.22,121479.87,13936.96,91.9,Debit Card,3,FALSE,Cancelled,4
ORD-01813,03-12-2022,CUST37116,Nisha Das,47,Other,Central,Nagpur,Clothing,T-Shirt,1,1385.37,0.08,1384.26,661.84,62.19,Credit Card,2,FALSE,Delivered,5
ORD-02560,14-01-2023,CUST90788,Kavya Kapoor,34,Female,South,Kochi,Electronics,Tablet,5,18619.45,0,93097.25,2445648.43,82.19,EMI,1,FALSE,Delivered,5
ORD-04019,10-07-2024,CUST33185,Aditya Bose,30,Female,Central,Nagpur,Sports,Cycle,8,11748.72,0.34,93670.19,16805.64,44.93,UPI,2,TRUE,Returned,10
ORD-03512,03-07-2024,CUST61863,Shreya Nair,41,Female,East,Kolkata,Clothing,Jeans,10,1320.43,0.25,13171.29,5671.18,74.31,Debit Card,2,FALSE,Shipped,6
ORD-01024,04-08-2021,CUST22670,Sanjay Joshi,49,Female,East,Patna,Furniture,Bed Frame,10,14892.78,0.21,148615.05,64660.74,118.18,Credit Card,2,FALSE,Shipped,8
ORD-01753,17-02-2022,CUST62689,Ananya Das,32,Female,North,Delhi,Clothing,Jeans,3,3289.49,0.2,9848.73,2606.38,68.78,UPI,5,FALSE,Delivered,6
ORD-00472,27-07-2020,CUST21284,Aarav Joshi,44,Other,East,Patna,Groceries,Flour,1,117.22,0.26,116.92,11.08,84.2,Credit Card,2,FALSE,Delivered,5
ORD-00399,21-06-2020,CUST01014,Aditya Chatterjee,27,Other,West,Pune,Sports,Dumbbells,9,14879.68,0.25,133582.33,28846.04,60,Credit Card,3,FALSE,Delivered,10
ORD-03499,29-02-2024,CUST16184,Rahul Kumar,39,Female,West,Surat,Electronics,Tablet,8,22744.84,0.03,181904.13,15125.76,75.81,EMI,1,FALSE,Shipped,3
ORD-00036,14-01-2020,CUST38423,Kavya Nair,26,Female,East,Patna,Furniture,Desk,3,12822.15,0.01,38462.6,10599.17,86.21,UPI,2,TRUE,Returned,9
ORD-02254,09-09-2022,CUST33459,Nisha Sharma,33,Female,North,Delhi,Furniture,Desk,10,5472.78,0.24,54596.45,15999.21,73.94,Debit Card,4,FALSE,Delivered,9
ORD-02657,24-02-2023,CUST66904,Kavya Chatterjee,41,Other,East,Kolkata,Groceries,Cooking Oil,5,97.04,0.07,484.86,48.71,82.24,Net Banking,1,FALSE,Delivered,3
ORD-00253,22-04-2020,CUST11397,Aarav Verma,50,Male,East,Patna,Books,Comic Book,8,724.91,0.39,5776.66,1441.05,80.32,Net Banking,3,FALSE,Pending,1
ORD-02656,24-02-2023,CUST34846,Vikram Singh,46,Female,North,Chandigarh,Furniture,Bookshelf,8,24561.25,0.33,195841.58,31348.77,47.2,Credit Card,2,FALSE,Delivered,1
ORD-01068,28-04-2021,CUST93899,Meera Kapoor,49,Male,South,Hyderabad,Furniture,Chair,8,13756.55,0.36,109656.21,31183.12,80.06,Credit Card,2,FALSE,Delivered,10
ORD-01286,08-03-2021,CUST73360,Nisha Sharma,30,Female,West,Surat,Electronics,Smartwatch,5,53420.53,0.16,266675.29,18234.55,49.75,Debit Card,4,FALSE,Delivered,3
ORD-03221,24-10-2023,CUST96034,Rohan Singh,30,Male,North,Chandigarh,Books,Textbook,6,452.9,0.01,2717.13,1043.1,58.82,Net Banking,1,FALSE,Delivered,3
ORD-02478,12-12-2022,CUST02396,Karan Sharma,32,Male,South,Hyderabad,Electronics,Tablet,3,58643.55,0.18,175613.97,10501.29,67.56,Credit Card,3,FALSE,Cancelled,2
ORD-02941,29-06-2023,CUST16576,Aditya Mehta,53,Female,North,Amritsar,Books,Fiction Novel,4,254.4,0.04,1017.19,765.6,70.91,Cash on Delivery,4,FALSE,Delivered,7
ORD-01876,04-07-2022,CUST64959,Aditya Sharma,47,Other,East,Patna,Books,Fiction Novel,5,1466.44,0.02,7330.73,587.73,74.59,Net Banking,3,FALSE,Delivered,6
ORD-00229,04-10-2020,CUST23370,Kavya Pillai,37,Female,West,Surat,Books,Self-Help Book,2,979.23,0.26,1953.37,565.67,57.1,Cash on Delivery,3,TRUE,Returned,9
ORD-03052,13-08-2023,CUST62695,Vikram Bhat,38,Other,East,Guwahati,Sports,Dumbbells,7,13199.66,0.23,92185.11,23525.51,75.76,Cash on Delivery,4,FALSE,Delivered,9
ORD-01749,15-02-2022,CUST77699,Deepa Joshi,17,Other,South,Chennai,Sports,Football,5,5142.95,0.05,25701.89,4000.08,50.97,EMI,1,TRUE,Returned,3
ORD-03078,21-08-2023,CUST46478,Aarav Nair,32,Female,East,Bhubaneswar,Books,Textbook,3,761.02,0.23,2277.81,1183.07,118.86,Credit Card,3,FALSE,Delivered,7
ORD-01645,01-03-2022,CUST58522,Priya Kumar,27,Male,South,Bangalore,Beauty,Sunscreen,1,277.9,0.12,277.57,81.58,50.51,EMI,4,FALSE,Cancelled,5
ORD-04194,28-12-2024,CUST18508,Sunita Sharma,56,Male,North,Ludhiana,Books,Biography,2,709.51,0.08,1417.88,481.53,18.48,Net Banking,5,FALSE,Cancelled,5
ORD-01610,20-12-2021,CUST76313,Arjun Pillai,40,Other,Central,Bhopal,Books,Textbook,7,1347.81,0.14,9421.46,1992.64,32.85,Credit Card,2,FALSE,Delivered,9
ORD-02776,16-04-2023,CUST86061,Kavya Rao,45,Male,Central,Indore,Sports,Football,8,8715.32,0.2,69583.11,22685.06,74.22,Cash on Delivery,1,FALSE,Delivered,8
ORD-02367,20-10-2022,CUST71730,Meera Kapoor,33,Female,East,Patna,Books,Biography,6,353.19,0.37,2111.3,640.89,87.77,Net Banking,3,FALSE,Delivered,7
ORD-00630,10-09-2020,CUST57628,Rohan Chatterjee,42,Female,South,Kochi,Furniture,Wardrobe,7,31760.09,0.22,221831.52,77339.31,62.01,Debit Card,3,FALSE,Delivered,3
ORD-00926,23-02-2021,CUST42894,Sanjay Patel,30,Male,West,Ahmedabad,Clothing,Jeans,9,1846.99,0.32,16569.72,3194.01,82.33,Debit Card,3,FALSE,Delivered,6
ORD-02942,30-06-2023,CUST41370,Amit Verma,40,Male,North,Delhi,Groceries,Dal (1Kg),5,306.51,0.18,1529.79,174.67,63.22,Cash on Delivery,3,FALSE,Delivered,3
ORD-01020,04-05-2021,CUST24177,Rohan Reddy,40,Male,South,Chennai,Furniture,Sofa,6,2090.33,0.29,12505.61,304.35,82.39,Cash on Delivery,2,FALSE,Pending,5
ORD-02083,07-07-2022,CUST58154,Karan Chatterjee,33,Other,West,Surat,Furniture,Bookshelf,6,6433.11,0.05,38579.36,11059.52,68.21,Net Banking,1,FALSE,Delivered,7
ORD-03385,01-04-2024,CUST57537,Meera Reddy,23,Male,East,Guwahati,Books,Textbook,9,1151.99,0.36,10330.59,2458.52,80.27,EMI,5,FALSE,Delivered,6
ORD-01787,03-03-2022,CUST70372,Deepa Verma,16,Female,West,Surat,Beauty,Hair Oil,8,1468.81,0.02,11748.13,4798.36,35.31,Cash on Delivery,4,FALSE,Delivered,8
ORD-02124,23-07-2022,CUST24923,Karan Mishra,23,Male,West,Pune,Books,Cook Book,6,1164.68,0.35,6963.62,1561.14,57.35,Debit Card,2,TRUE,Returned,5
ORD-02222,28-08-2022,CUST57957,Rohan Iyer,33,Male,Central,Raipur,Beauty,Face Cream,5,1366.62,0.31,6811.92,4061.59,45.32,Net Banking,4,FALSE,Shipped,7
ORD-01076,05-02-2021,CUST34738,Ananya Kapoor,49,Female,South,Bangalore,Furniture,Bookshelf,1,28157.96,0.28,28079.12,7988.88,86.82,Credit Card,2,TRUE,Returned,5
ORD-03624,25-04-2024,CUST39929,Pooja Bose,50,Male,Central,Indore,Sports,Yoga Mat,6,7799.14,0.34,46635.74,1529.95,45.36,Debit Card,2,FALSE,Delivered,2
ORD-02950,07-01-2023,CUST02564,Nisha Gupta,57,Other,Central,Raipur,Furniture,Wardrobe,7,7949.66,0.29,55486.24,13411.24,66.87,Credit Card,4,FALSE,Delivered,2
ORD-03861,08-04-2024,CUST90757,Arjun Verma,46,Male,East,Kolkata,Furniture,Bookshelf,8,7679.41,0.39,61195.68,15647.23,83.32,Cash on Delivery,3,FALSE,Shipped,1
ORD-04181,23-12-2024,CUST34843,Rohan Chatterjee,34,Male,South,Bangalore,Beauty,Sunscreen,4,270.17,0.27,1077.76,297.01,54.45,UPI,2,FALSE,Pending,3
ORD-03904,15-08-2024,CUST28988,Meera Das,29,Other,West,Mumbai,Groceries,Tea,6,212.91,0.28,1273.88,97.83,63.02,Debit Card,3,FALSE,Delivered,10
ORD-01850,30-03-2022,CUST64792,Amit Kumar,38,Male,South,Hyderabad,Sports,Cycle,4,14204.71,0.27,56665.43,13383.31,93.83,UPI,1,TRUE,Returned,10
ORD-02796,27-04-2023,CUST56780,Arjun Chatterjee,24,Other,East,Guwahati,Groceries,Cooking Oil,8,132.4,0.32,1055.81,93.32,91.9,Debit Card,2,FALSE,Delivered,2
ORD-01245,16-07-2021,CUST94664,Aarav Pillai,51,Female,East,Guwahati,Sports,Tennis Racket,3,14773.91,0.31,44184.33,11423.75,63.56,Net Banking,3,FALSE,Delivered,4
ORD-03321,12-09-2023,CUST48101,Sanjay Kumar,38,Male,East,Patna,Clothing,Jacket,7,2311.75,0.14,16159.59,4064.18,93.86,Net Banking,4,FALSE,Delivered,10
ORD-00509,13-08-2020,CUST37820,Pooja Bhat,22,Other,Central,Bhopal,Books,Textbook,7,286.07,0.28,1996.88,474.55,52.35,Cash on Delivery,3,FALSE,Delivered,4
ORD-00711,21-11-2020,CUST81896,Meera Gupta,51,Male,West,Mumbai,Clothing,Jeans,5,3038.32,0.08,15179.45,4520.11,46.38,UPI,3,FALSE,Delivered,8
ORD-01145,30-05-2021,CUST43834,Ritu Joshi,20,Male,North,Delhi,Sports,Cricket Bat,7,14524.03,0.17,101495.37,28871.78,52.9,EMI,4,FALSE,Delivered,9
ORD-00608,28-09-2020,CUST06194,Nisha Joshi,24,Male,North,Chandigarh,Groceries,Dal (1Kg),6,56.45,0.07,338.46,22.1,41.2,UPI,2,TRUE,Returned,6
ORD-00388,14-06-2020,CUST45393,Rahul Pillai,37,Male,East,Patna,Beauty,Lipstick,9,2334.19,0.05,20997.21,9468.13,62.79,Credit Card,3,FALSE,Delivered,10
ORD-03166,10-03-2023,CUST06674,Sanjay Pillai,47,Female,Central,Bhopal,Furniture,Bookshelf,9,22760.46,0.37,204086.22,39767.62,72.02,EMI,1,FALSE,Shipped,3
ORD-00868,31-01-2021,CUST94965,Kavya Sharma,38,Female,South,Hyderabad,Electronics,Smartwatch,3,42838.23,0.09,128399.03,14607.13,87.84,Debit Card,1,TRUE,Returned,1
ORD-02800,29-04-2023,CUST56256,Ananya Patel,45,Female,East,Patna,Sports,Cycle,4,10550.62,0.36,42050.55,7286.48,64.73,Net Banking,2,TRUE,Returned,3
ORD-00912,13-02-2021,CUST49621,Kavya Pillai,31,Male,Central,Nagpur,Furniture,Chair,7,16795.84,0.36,117147.62,12491.37,56.62,Cash on Delivery,2,TRUE,Returned,2
ORD-03990,18-09-2024,CUST81510,Ritu Chatterjee,50,Other,West,Ahmedabad,Clothing,Jeans,10,3403.06,0.39,33897.88,4900.02,44.69,EMI,3,FALSE,Shipped,1
ORD-01922,30-04-2022,CUST64561,Deepa Das,55,Other,South,Hyderabad,Groceries,Rice (5Kg),1,116.8,0.34,116.4,7.87,74.41,Credit Card,4,FALSE,Delivered,3
ORD-03724,13-06-2024,CUST07562,Aditya Verma,29,Male,East,Patna,Furniture,Bookshelf,4,29351.23,0.19,117181.85,36069.54,82.28,Net Banking,4,FALSE,Delivered,9
ORD-00149,03-01-2020,CUST13333,Deepa Iyer,32,Male,West,Pune,Furniture,Bookshelf,5,31560.75,0.37,157219.88,35282.21,38.48,Cash on Delivery,4,FALSE,Delivered,5
ORD-00754,12-08-2020,CUST33308,Meera Rao,46,Other,East,Kolkata,Electronics,Headphones,9,9975.05,0.28,89524.08,3991.52,83.83,EMI,1,TRUE,Returned,5
ORD-03555,24-03-2024,CUST21921,Vikram Verma,44,Female,Central,Indore,Clothing,Dress,8,825.43,0.3,6583.63,2481.12,48.12,Net Banking,1,FALSE,Delivered,2
ORD-02451,28-11-2022,CUST04161,Arjun Singh,58,Female,West,Pune,Sports,Dumbbells,9,13538.61,0.04,121798.75,24598.22,64.82,Credit Card,3,FALSE,Delivered,1
ORD-01274,28-07-2021,CUST42513,Deepa Joshi,29,Female,East,Bhubaneswar,Furniture,Chair,2,3092.5,0.03,6183.14,2113.54,62.46,Credit Card,4,FALSE,Delivered,3
ORD-00341,28-05-2020,CUST77930,Nisha Das,34,Male,Central,Nagpur,Groceries,Sugar,7,369.81,0.4,2578.32,92.88,65.27,Credit Card,2,FALSE,Shipped,4
ORD-04110,20-11-2024,CUST48614,Sanjay Bose,31,Female,South,Bangalore,Groceries,Tea,1,281.65,0.11,281.34,27.01,73.96,UPI,1,TRUE,Returned,7
ORD-03036,08-05-2023,CUST13591,Nikhil Reddy,57,Female,Central,Indore,Electronics,Smartwatch,4,5288.54,0.19,21113.97,3492.82,95.83,Debit Card,3,FALSE,Delivered,5
ORD-02249,08-09-2022,CUST22912,Aarav Bhat,22,Female,East,Bhubaneswar,Groceries,Cooking Oil,6,129.66,0.08,777.34,60.96,63.39,Net Banking,5,FALSE,Delivered,3
ORD-03715,06-08-2024,CUST55215,Karan Das,30,Other,West,Ahmedabad,Furniture,Chair,6,11535.35,0.32,68990.62,3991.87,54.19,Credit Card,5,FALSE,Delivered,3
ORD-01116,18-05-2021,CUST04558,Karan Kapoor,15,Male,North,Chandigarh,Sports,Cycle,2,4814.42,0.29,9600.92,1987.38,50.43,EMI,3,FALSE,Cancelled,5
ORD-02781,18-04-2023,CUST33751,Nikhil Singh,43,Other,Central,Raipur,Groceries,Cooking Oil,7,287.94,0.34,2008.73,168.82,48.27,Credit Card,4,FALSE,Delivered,5
ORD-00541,29-08-2020,CUST83050,Nikhil Bhat,31,Male,South,Chennai,Furniture,Bed Frame,10,26964.22,0.21,269075.95,62330.58,62.72,Cash on Delivery,5,FALSE,Pending,7
ORD-02740,31-03-2023,CUST90154,Arjun Rao,39,Female,West,Mumbai,Beauty,Sunscreen,3,1932.05,0.12,5789.19,2983.29,47.16,UPI,1,FALSE,Pending,5
ORD-03657,05-08-2024,CUST04582,Kavya Kumar,43,Female,East,Bhubaneswar,Furniture,Chair,7,16570.92,0.33,115613.65,40801.29,111.73,Net Banking,1,FALSE,Shipped,9
ORD-01467,23-10-2021,CUST97904,Sanjay Bhat,36,Male,West,Ahmedabad,Clothing,Kurta,10,2394.19,0.18,23898.8,6424.53,80.64,Cash on Delivery,4,FALSE,Delivered,5
ORD-02658,25-02-2023,CUST50190,Aarav Mehta,29,Female,Central,Bhopal,Clothing,T-Shirt,4,2095.6,0.36,8352.22,1469.25,50.22,Net Banking,4,FALSE,Delivered,6
ORD-02096,07-11-2022,CUST11002,Ritu Reddy,43,Other,South,Bangalore,Furniture,Bookshelf,8,32713.93,0.21,261161.85,94752.3,78.56,EMI,3,FALSE,Delivered,6
ORD-00956,03-10-2021,CUST26332,Karan Bhat,38,Male,West,Pune,Books,Fiction Novel,10,1207.23,0.16,12052.98,2840.09,56.99,Cash on Delivery,2,FALSE,Delivered,6
ORD-00281,05-05-2020,CUST57517,Pooja Joshi,36,Male,West,Ahmedabad,Groceries,Flour,2,306.74,0.09,612.93,44.87,67.78,Credit Card,3,FALSE,Delivered,4
ORD-02459,12-02-2022,CUST97641,Ananya Reddy,33,Male,South,Hyderabad,Clothing,T-Shirt,4,1231.26,0.07,4921.59,1397.23,42.37,Debit Card,3,FALSE,Delivered,9
ORD-00511,14-08-2020,CUST50410,Nikhil Verma,44,Male,North,Delhi,Furniture,Wardrobe,6,6721.75,0.19,40253.87,1506.36,22.19,Credit Card,5,FALSE,Shipped,9
ORD-02650,21-02-2023,CUST24055,Ananya Mehta,47,Female,East,Bhubaneswar,Clothing,Saree,6,3972.74,0.19,23791.15,9997.37,46.75,Debit Card,2,FALSE,Delivered,1
ORD-01593,12-12-2021,CUST14125,Sunita Singh,37,Female,North,Amritsar,Groceries,Sugar,5,225.72,0.01,1128.49,110.9,57.3,Cash on Delivery,2,TRUE,Returned,7
ORD-02606,02-05-2023,CUST20519,Aarav Rao,48,Other,South,Kochi,Clothing,T-Shirt,9,1032.03,0.33,9257.62,1554.99,79.74,UPI,4,TRUE,Returned,7
ORD-03767,27-06-2024,CUST10979,Pooja Kapoor,41,Female,East,Guwahati,Furniture,Sofa,1,31109.85,0.22,31041.41,11000.78,97.57,Debit Card,3,FALSE,Delivered,3
ORD-01515,13-11-2021,CUST36636,Arjun Kumar,34,Other,East,Bhubaneswar,Sports,Cycle,10,8236.27,0.04,82329.75,10958.97,69.62,Debit Card,3,TRUE,Returned,7
ORD-00688,11-08-2020,CUST98974,Shreya Reddy,22,Female,North,Ludhiana,Furniture,Desk,6,21919.09,0.17,131290.97,19787.94,53.3,Debit Card,5,FALSE,Delivered,9
ORD-00336,25-05-2020,CUST51371,Sanjay Shah,27,Female,Central,Nagpur,Furniture,Desk,5,6765.44,0.33,33715.57,6138.52,54.05,UPI,2,FALSE,Cancelled,6
ORD-02363,18-10-2022,CUST91997,Karan Bose,38,Male,West,Surat,Electronics,Laptop,5,5729.21,0.26,28571.57,2258.77,47.72,Net Banking,4,FALSE,Cancelled,8
ORD-02028,13-06-2022,CUST57353,Meera Singh,28,Male,Central,Bhopal,Groceries,Tea,1,431.51,0.26,430.39,23.26,56.68,UPI,3,FALSE,Delivered,5
ORD-00783,21-12-2020,CUST34065,Nikhil Nair,42,Other,West,Pune,Furniture,Desk,8,14923.8,0.19,119163.56,25405.51,42.54,Credit Card,2,FALSE,Delivered,4
ORD-04016,10-02-2024,CUST07018,Sanjay Kumar,39,Male,Central,Bhopal,Electronics,Tablet,2,24384.77,0.4,48574.46,4904.58,40.95,Credit Card,3,FALSE,Delivered,9
ORD-00061,22-01-2020,CUST42186,Priya Mehta,10,Female,West,Mumbai,Sports,Football,9,6264.59,0.37,56172.7,6986.91,56.65,Net Banking,2,TRUE,Returned,4
ORD-00622,10-05-2020,CUST27267,Kavya Pillai,27,Male,North,Delhi,Beauty,Shampoo,2,662.8,0.3,1321.62,508.29,51.48,Credit Card,2,FALSE,Delivered,10
ORD-03579,04-04-2024,CUST20050,Rohan Sharma,31,Male,North,Amritsar,Electronics,Laptop,3,40441.12,0.06,121250.57,15922.46,37.81,Credit Card,3,FALSE,Shipped,3
ORD-03323,12-09-2023,CUST01601,Sanjay Singh,43,Other,North,Amritsar,Books,Biography,6,816.54,0.12,4893.36,1793.27,39.88,Net Banking,2,FALSE,Pending,7
ORD-01158,06-04-2021,CUST43022,Ananya Mishra,41,Other,South,Chennai,Clothing,Kurta,2,838.89,0.15,1675.26,829.82,52.06,Cash on Delivery,4,TRUE,Returned,2
ORD-02141,28-07-2022,CUST81398,Ananya Reddy,53,Female,North,Delhi,Books,Comic Book,10,772.14,0.4,7690.51,2969.03,72.12,Cash on Delivery,2,FALSE,Cancelled,4
ORD-00835,17-01-2021,CUST51769,Amit Das,23,Male,East,Bhubaneswar,Groceries,Rice (5Kg),9,358.92,0.08,3227.7,122.29,84.03,Debit Card,4,FALSE,Delivered,6
ORD-02641,17-02-2023,CUST93173,Rahul Shah,30,Female,West,Surat,Clothing,Kurta,8,3934.14,0.01,31469.97,9818.15,59.66,Credit Card,1,FALSE,Delivered,5
ORD-02580,27-01-2023,CUST20280,Priya Patel,46,Other,West,Surat,Beauty,Hair Oil,4,1660.82,0.21,6629.33,2444.92,41.4,Debit Card,3,FALSE,Delivered,7
ORD-02044,18-06-2022,CUST01603,Kavya Verma,30,Female,South,Chennai,Furniture,Desk,8,25000.7,0.06,199885.6,76789.22,67.03,Debit Card,4,FALSE,Delivered,1
ORD-01451,18-10-2021,CUST83181,Priya Sharma,48,Male,North,Delhi,Clothing,T-Shirt,8,983.33,0.33,7840.68,1956.84,48,Debit Card,1,TRUE,Returned,9
ORD-00395,18-06-2020,CUST69444,Rohan Das,16,Female,South,Bangalore,Beauty,Hair Oil,2,572.31,0.23,1141.99,658.78,88.09,Credit Card,1,FALSE,Delivered,6
ORD-00846,21-01-2021,CUST86953,Karan Kumar,31,Other,Central,Nagpur,Beauty,Face Cream,2,2449.97,0.36,4882.3,882.12,63.24,UPI,5,FALSE,Delivered,5
ORD-03118,09-09-2023,CUST99970,Meera Kumar,32,Female,North,Amritsar,Sports,Cycle,4,4072.52,0.37,16229.81,2649.18,60.13,Net Banking,3,FALSE,Delivered,4
ORD-02624,02-12-2023,CUST85938,Aarav Reddy,28,Female,East,Guwahati,Electronics,Headphones,1,34782.2,0.31,34674.38,2943.23,73.54,UPI,5,FALSE,Delivered,4
ORD-02622,02-11-2023,CUST47032,Deepa Rao,34,Male,Central,Indore,Clothing,Jeans,9,1137.56,0.16,10221.66,1704.37,70.39,Cash on Delivery,1,FALSE,Delivered,3
ORD-03351,20-12-2023,CUST68480,Rahul Pillai,37,Male,North,Delhi,Clothing,Saree,6,3307.09,0.32,19779.04,4025.44,56.56,Net Banking,3,FALSE,Delivered,1
ORD-02784,20-04-2023,CUST25444,Priya Mehta,52,Male,Central,Bhopal,Beauty,Perfume,8,2413.19,0.25,19257.26,6413.01,55.59,EMI,3,FALSE,Delivered,10
ORD-00950,03-07-2021,CUST77157,Vikram Shah,25,Female,East,Bhubaneswar,Clothing,Jeans,1,2017.09,0.05,2016.08,823.03,84.95,Credit Card,2,FALSE,Pending,1
ORD-01762,19-02-2022,CUST02740,Kavya Gupta,41,Female,West,Ahmedabad,Electronics,Smartphone,9,9157.81,0.33,82148.3,7761.83,67.23,EMI,3,FALSE,Delivered,3
ORD-02328,10-08-2022,CUST09166,Ananya Mishra,21,Male,West,Pune,Groceries,Dal (1Kg),5,142.7,0.29,711.43,25.3,26.87,EMI,5,FALSE,Delivered,8
ORD-03712,06-05-2024,CUST26187,Arjun Nair,28,Female,South,Hyderabad,Electronics,Headphones,4,12995.6,0.3,51826.45,5983.03,50.54,UPI,3,TRUE,Returned,6
ORD-00338,26-05-2020,CUST54853,Deepa Mehta,12,Male,Central,Indore,Groceries,Cooking Oil,4,446.87,0.37,1780.87,134.17,55.36,Net Banking,1,TRUE,Returned,1
ORD-02276,16-09-2022,CUST27939,Aarav Pillai,37,Female,North,Delhi,Sports,Yoga Mat,4,590.58,0.26,2356.18,376.29,74.83,Cash on Delivery,1,FALSE,Pending,5
ORD-03771,29-06-2024,CUST79702,Priya Sharma,38,Female,South,Hyderabad,Clothing,Jacket,6,3840.34,0.23,22989.04,12918.61,69.58,Cash on Delivery,3,FALSE,Pending,1
ORD-02057,25-06-2022,CUST88172,Pooja Sharma,44,Female,East,Bhubaneswar,Furniture,Bed Frame,4,34052.07,0.07,136112.93,69009.61,65.24,UPI,2,FALSE,Pending,2
ORD-01110,15-05-2021,CUST00210,Pooja Patel,29,Female,North,Delhi,Electronics,Smartphone,6,48230.85,0.35,288372.25,22881.08,68.73,Debit Card,1,FALSE,Shipped,9
ORD-04156,12-09-2024,CUST37501,Rohan Bose,40,Other,Central,Raipur,Electronics,Tablet,4,23593.16,0.39,94004.59,6623.39,41.37,Net Banking,4,FALSE,Delivered,9
ORD-00294,05-09-2020,CUST22246,Ananya Kumar,23,Female,East,Kolkata,Books,Textbook,9,1441.87,0.09,12965.15,6061.53,61.52,Debit Card,4,FALSE,Shipped,1
ORD-02117,20-07-2022,CUST85337,Ananya Bose,50,Female,North,Delhi,Clothing,Jeans,5,3757.22,0.03,18780.46,1762.91,46.04,Cash on Delivery,3,FALSE,Delivered,3
ORD-02206,19-08-2022,CUST90477,Amit Nair,41,Male,East,Bhubaneswar,Books,Fiction Novel,2,766.12,0.18,1529.48,403.99,94.88,Cash on Delivery,2,FALSE,Delivered,7
ORD-03169,10-04-2023,CUST57585,Karan Kapoor,36,Male,West,Pune,Sports,Tennis Racket,7,11959.3,0.06,83664.87,18319.5,55.16,Cash on Delivery,1,FALSE,Shipped,1
ORD-03414,18-01-2024,CUST92259,Pooja Verma,28,Female,East,Guwahati,Beauty,Shampoo,10,103.75,0.26,1034.8,473.48,78.5,Credit Card,1,FALSE,Cancelled,7
ORD-03194,14-10-2023,CUST46133,Sunita Patel,35,Female,Central,Nagpur,Groceries,Rice (5Kg),1,466.8,0.37,465.07,17.47,67.52,EMI,4,FALSE,Delivered,7
ORD-03229,28-10-2023,CUST44015,Nisha Shah,34,Other,North,Amritsar,Sports,Cricket Bat,4,10506.22,0.26,41915.62,4266.19,51.99,Credit Card,1,TRUE,Returned,10
ORD-02594,02-01-2023,CUST20482,Karan Das,35,Female,Central,Nagpur,Sports,Cricket Bat,10,856.51,0.39,8531.7,1385.75,57.74,Net Banking,3,FALSE,Delivered,4
ORD-02682,03-08-2023,CUST50033,Ritu Joshi,51,Other,South,Bangalore,Clothing,Dress,8,3911.66,0.3,31199.4,11329.49,76.96,Debit Card,3,FALSE,Cancelled,3
ORD-00471,26-07-2020,CUST70383,Vikram Bose,46,Female,North,Delhi,Electronics,Smartphone,7,64119.9,0.37,447178.59,27779.3,23.56,Credit Card,4,FALSE,Shipped,3
ORD-00558,09-05-2020,CUST39230,Amit Gupta,33,Female,Central,Bhopal,Electronics,Smartphone,4,61889.58,0.28,246865.16,30756.01,79.61,EMI,2,FALSE,Delivered,5
ORD-02039,17-06-2022,CUST14314,Karan Singh,38,Other,East,Patna,Sports,Yoga Mat,6,14693.99,0.23,87961.16,22834.62,68.94,Debit Card,2,FALSE,Delivered,4
ORD-03796,07-07-2024,CUST82853,Sanjay Chatterjee,18,Other,Central,Raipur,Clothing,Dress,10,1784.51,0.18,17812.98,11474.7,69.08,Cash on Delivery,4,FALSE,Delivered,8
ORD-02342,10-11-2022,CUST03284,Pooja Bhat,31,Male,East,Kolkata,Electronics,Headphones,9,58781.51,0.2,527975.52,43776.4,94.29,EMI,4,FALSE,Delivered,2
ORD-02821,05-10-2023,CUST76939,Ananya Bose,56,Other,North,Delhi,Electronics,Smartphone,8,29764.18,0.21,237613.4,24851.54,45.84,Cash on Delivery,2,FALSE,Delivered,2
ORD-01439,10-10-2021,CUST93212,Priya Mishra,37,Male,Central,Nagpur,Sports,Dumbbells,3,13108.91,0.14,39271.67,8326.51,55.08,Credit Card,1,FALSE,Delivered,10
ORD-01263,24-07-2021,CUST75667,Pooja Pillai,63,Male,West,Mumbai,Sports,Cricket Bat,10,5417.12,0.21,54057.44,15661.22,56.55,UPI,1,FALSE,Cancelled,5
ORD-03237,31-10-2023,CUST62193,Ananya Rao,48,Other,East,Kolkata,Beauty,Perfume,3,434.81,0.39,1299.34,365.96,77.89,Debit Card,2,FALSE,Delivered,5
ORD-01023,04-07-2021,CUST74961,Kavya Iyer,28,Female,East,Patna,Beauty,Hair Oil,4,1885.47,0.39,7512.47,2097.44,72.41,Cash on Delivery,4,FALSE,Delivered,10
ORD-00121,16-02-2020,CUST87494,Deepa Verma,62,Male,South,Hyderabad,Beauty,Shampoo,4,965.04,0.32,3847.81,1209.88,58.85,EMI,1,TRUE,Returned,6
ORD-00906,02-09-2021,CUST56644,Sanjay Iyer,50,Other,North,Delhi,Electronics,Headphones,7,10081.67,0.03,70550.52,4993.59,16.94,Credit Card,5,FALSE,Delivered,7
ORD-03769,28-06-2024,CUST52834,Priya Shah,43,Other,West,Mumbai,Furniture,Bed Frame,3,20889.94,0.28,62494.34,15914.76,86.28,UPI,5,FALSE,Delivered,2
ORD-01307,08-11-2021,CUST83913,Rohan Rao,28,Male,North,Delhi,Books,Comic Book,4,268,0.31,1068.68,397.26,58.22,UPI,4,FALSE,Cancelled,4
ORD-01389,19-09-2021,CUST70094,Deepa Joshi,29,Other,East,Guwahati,Sports,Dumbbells,5,5472.78,0.09,27339.27,5839.8,85.38,Net Banking,3,FALSE,Shipped,7
ORD-03819,19-07-2024,CUST71900,Amit Kapoor,48,Male,East,Kolkata,Furniture,Chair,3,10939.89,0.37,32698.24,7992.14,99.95,Cash on Delivery,1,FALSE,Delivered,9
ORD-01335,23-08-2021,CUST27800,Meera Shah,38,Other,Central,Indore,Furniture,Sofa,8,27002.71,0.1,215805.66,75880.4,107.71,UPI,1,FALSE,Delivered,3
ORD-02559,14-01-2023,CUST02955,Aarav Sharma,46,Female,East,Patna,Beauty,Hair Oil,1,1511.99,0.39,1506.09,402.56,88.69,UPI,1,FALSE,Cancelled,7
ORD-02228,29-08-2022,CUST45867,Pooja Gupta,53,Other,Central,Raipur,Furniture,Bed Frame,5,16148.89,0.31,80494.14,17083.16,56.19,Cash on Delivery,5,FALSE,Delivered,1
ORD-01936,05-05-2022,CUST63093,Nikhil Gupta,35,Other,West,Mumbai,Electronics,Laptop,4,35805.64,0.22,142907.47,16761.62,64.56,Net Banking,2,FALSE,Cancelled,9
ORD-03882,08-09-2024,CUST84457,Sanjay Singh,30,Female,Central,Raipur,Electronics,Camera,1,8508.27,0.12,8498.06,1416.52,82.74,UPI,3,FALSE,Pending,1
ORD-03893,08-12-2024,CUST06918,Amit Nair,33,Female,West,Mumbai,Groceries,Sugar,9,346.57,0.2,3112.89,352.44,77.75,Credit Card,4,FALSE,Delivered,6
ORD-01094,05-08-2021,CUST74740,Karan Chatterjee,43,Other,West,Surat,Electronics,Smartwatch,10,65812.2,0.14,657200.63,101212.3,48.25,Net Banking,4,FALSE,Delivered,8
ORD-03856,08-02-2024,CUST67383,Arjun Singh,30,Female,Central,Bhopal,Clothing,Jeans,10,978.2,0.29,9753.63,4868.18,34.04,Debit Card,3,FALSE,Delivered,1
ORD-01560,30-11-2021,CUST99753,Sunita Singh,58,Female,West,Pune,Sports,Football,10,12971.47,0.35,129260.7,15914.47,51.11,Credit Card,3,FALSE,Delivered,7
ORD-03232,29-10-2023,CUST26327,Arjun Mishra,10,Female,North,Chandigarh,Electronics,Tablet,5,29580.52,0.4,147310.99,15663.51,86.48,Cash on Delivery,4,FALSE,Delivered,2
ORD-03877,08-08-2024,CUST87297,Sanjay Rao,44,Other,Central,Indore,Electronics,Smartwatch,3,21470.45,0.02,64398.47,5457.16,77.05,Credit Card,5,FALSE,Delivered,9
ORD-00816,01-09-2021,CUST98871,Aarav Rao,48,Female,East,Guwahati,Clothing,Jeans,4,1333.04,0.15,5324.16,1576,89.29,Net Banking,5,FALSE,Delivered,9
ORD-00864,30-01-2021,CUST83666,Priya Bhat,42,Female,West,Surat,Furniture,Wardrobe,2,7904.49,0.29,15763.13,2246.83,58.23,Credit Card,4,FALSE,Delivered,3
ORD-01083,05-04-2021,CUST10450,Sunita Iyer,21,Male,North,Amritsar,Groceries,Sugar,6,195,0.01,1169.88,163.31,46.08,Net Banking,2,FALSE,Cancelled,7
ORD-01209,29-06-2021,CUST12905,Rahul Shah,36,Other,West,Surat,Electronics,Smartwatch,6,35685.36,0.3,213469.82,21541.19,65.92,EMI,4,FALSE,Delivered,2
ORD-01290,08-04-2021,CUST20750,Rohan Joshi,34,Male,Central,Bhopal,Groceries,Cooking Oil,9,271.01,0.02,2438.6,289.77,60.94,UPI,3,FALSE,Delivered,5
ORD-01858,04-01-2022,CUST00213,Arjun Verma,34,Male,South,Chennai,Beauty,Hair Oil,4,1182.99,0.03,4730.54,3103.03,94.88,Debit Card,2,FALSE,Pending,1
ORD-00096,02-07-2020,CUST66932,Shreya Reddy,38,Other,North,Amritsar,Sports,Dumbbells,3,2728.31,0.24,8165.29,802.54,36.26,Credit Card,1,TRUE,Returned,10
ORD-04184,24-12-2024,CUST57246,Shreya Patel,34,Male,East,Guwahati,Furniture,Chair,9,17949.6,0.08,161417.16,41301.73,79.91,UPI,5,FALSE,Delivered,3
ORD-02429,16-11-2022,CUST34276,Sanjay Verma,35,Female,North,Amritsar,Furniture,Desk,4,9446.44,0.3,37672.4,5513.68,58.8,Debit Card,5,FALSE,Cancelled,9
ORD-00605,26-09-2020,CUST07202,Amit Shah,39,Other,South,Hyderabad,Beauty,Shampoo,7,387.9,0.09,2712.86,1269.63,57.88,EMI,1,FALSE,Pending,3
ORD-03112,09-05-2023,CUST75819,Aarav Gupta,48,Other,South,Hyderabad,Clothing,Dress,8,771.59,0.37,6149.88,1547,66.22,Net Banking,5,FALSE,Delivered,2
ORD-02115,19-07-2022,CUST34821,Sunita Mehta,58,Female,East,Kolkata,Furniture,Wardrobe,8,6806.19,0.1,54395.07,26754.18,63.82,Net Banking,5,FALSE,Delivered,1
ORD-00551,09-01-2020,CUST09601,Sunita Gupta,21,Other,East,Guwahati,Groceries,Flour,4,119.74,0.19,478.05,24.64,108.57,EMI,3,FALSE,Delivered,6
ORD-03220,24-10-2023,CUST05571,Vikram Mehta,44,Other,West,Ahmedabad,Books,Fiction Novel,6,1199.21,0.09,7188.78,3776.83,61.99,EMI,5,FALSE,Shipped,3
ORD-02300,24-09-2022,CUST99451,Nikhil Joshi,30,Other,North,Amritsar,Books,Fiction Novel,5,1447.1,0.07,7230.44,589.91,58.15,Cash on Delivery,3,FALSE,Delivered,2
ORD-00476,29-07-2020,CUST99185,Rahul Das,46,Female,West,Surat,Clothing,T-Shirt,7,359.64,0.12,2514.46,1271.43,58.05,Debit Card,3,FALSE,Delivered,3
ORD-01500,11-03-2021,CUST23783,Meera Nair,34,Female,Central,Bhopal,Books,Comic Book,7,1014.7,0.07,7097.93,1716.12,31.99,Debit Card,2,FALSE,Delivered,8
ORD-00213,04-02-2020,CUST16925,Rohan Sharma,33,Male,Central,Nagpur,Beauty,Lipstick,3,538.36,0.03,1614.6,978.3,42,UPI,1,FALSE,Delivered,10
ORD-03513,03-08-2024,CUST75619,Rahul Joshi,45,Other,East,Guwahati,Electronics,Smartwatch,7,70949.08,0.21,495600.61,58300.98,79.98,Cash on Delivery,4,FALSE,Shipped,4
ORD-04144,12-05-2024,CUST34339,Rahul Shah,46,Other,West,Pune,Groceries,Dal (1Kg),3,461.92,0.09,1384.51,111.05,92.19,Net Banking,3,FALSE,Cancelled,1
ORD-01589,12-10-2021,CUST24981,Rohan Mehta,29,Female,East,Patna,Sports,Dumbbells,8,14455.23,0.07,115560.89,14095.31,69.38,Credit Card,1,FALSE,Delivered,1
ORD-02025,06-11-2022,CUST09860,Vikram Mehta,39,Female,West,Pune,Books,Fiction Novel,7,1326.05,0.17,9266.57,5604.53,48.98,Net Banking,3,TRUE,Returned,5
ORD-02379,27-10-2022,CUST74898,Sanjay Bose,34,Other,South,Kochi,Electronics,Laptop,6,35566.78,0.17,213037.9,27899.28,65.72,Cash on Delivery,5,FALSE,Pending,3
ORD-02481,12-12-2022,CUST18007,Arjun Patel,30,Other,West,Mumbai,Groceries,Tea,10,93.18,0.11,930.78,61.36,39.09,Net Banking,1,FALSE,Delivered,8
ORD-00277,05-03-2020,CUST65185,Nisha Reddy,59,Other,South,Chennai,Groceries,Dal (1Kg),10,217.3,0.05,2171.91,142.65,53.01,Debit Card,5,FALSE,Delivered,7
ORD-00506,08-12-2020,CUST53218,Vikram Gupta,23,Other,North,Chandigarh,Electronics,Headphones,8,61264.42,0.05,489870.3,82726.06,50.65,Credit Card,2,TRUE,Returned,7
ORD-01336,23-08-2021,CUST25698,Pooja Patel,20,Female,West,Pune,Beauty,Face Cream,10,547,0.32,5452.5,2513.67,65.08,Cash on Delivery,2,FALSE,Cancelled,7
ORD-02340,10-10-2022,CUST46573,Sunita Mishra,43,Male,East,Kolkata,Books,Comic Book,1,269.23,0.35,268.29,51.64,77.26,Debit Card,2,FALSE,Delivered,8
ORD-00902,02-09-2021,CUST55154,Priya Verma,56,Male,North,Chandigarh,Electronics,Tablet,1,39881.71,0.04,39865.76,2984.54,21.56,Net Banking,3,FALSE,Delivered,1
ORD-00449,16-07-2020,CUST70202,Aditya Gupta,41,Male,Central,Nagpur,Clothing,Dress,8,1227.51,0.31,9789.64,2117.53,55.16,Credit Card,5,FALSE,Delivered,2
ORD-01410,27-09-2021,CUST74811,Aditya Rao,32,Other,East,Patna,Beauty,Face Cream,7,1026.47,0.07,7180.26,2747.24,58.92,Cash on Delivery,1,TRUE,Returned,9
ORD-02535,01-05-2023,CUST40704,Karan Singh,36,Female,North,Delhi,Furniture,Wardrobe,1,10813.51,0.12,10800.53,1573.05,58.09,UPI,1,TRUE,Returned,1
ORD-03597,13-04-2024,CUST83582,Aditya Shah,32,Other,West,Ahmedabad,Sports,Cricket Bat,2,10269.18,0.09,20519.88,5686.61,76.3,Cash on Delivery,3,FALSE,Delivered,10
ORD-00990,28-03-2021,CUST08092,Meera Bose,34,Other,Central,Raipur,Books,Comic Book,9,742.78,0.23,6669.64,3038.08,76.92,Debit Card,4,FALSE,Delivered,8
ORD-00304,05-12-2020,CUST28932,Arjun Kumar,41,Male,Central,Bhopal,Books,Fiction Novel,7,513.52,0.38,3580.98,1015.8,35.5,Net Banking,2,FALSE,Delivered,10
ORD-03560,27-03-2024,CUST76119,Kavya Mehta,14,Female,East,Kolkata,Groceries,Tea,7,422.63,0.39,2946.87,251.22,58.49,UPI,1,FALSE,Delivered,3
ORD-04148,12-07-2024,CUST97586,Ananya Mishra,33,Female,North,Ludhiana,Clothing,T-Shirt,5,614.15,0.17,3065.53,981.99,65.63,UPI,1,TRUE,Returned,8
ORD-00824,01-12-2021,CUST93771,Ananya Mishra,25,Female,East,Bhubaneswar,Electronics,Smartwatch,10,62379.19,0.06,623417.62,44865.32,83.61,Debit Card,3,FALSE,Delivered,4
ORD-02989,18-07-2023,CUST00835,Kavya Patel,38,Other,North,Ludhiana,Electronics,Camera,2,77260.63,0.28,154088.6,27038.61,72.59,UPI,4,FALSE,Delivered,4
ORD-01997,06-01-2022,CUST56393,Sunita Rao,32,Male,North,Chandigarh,Groceries,Dal (1Kg),9,493.26,0.08,4435.79,506.13,45.11,UPI,3,FALSE,Cancelled,9
ORD-02116,20-07-2022,CUST15879,Amit Pillai,26,Female,South,Kochi,Clothing,T-Shirt,6,711.19,0.24,4256.9,2124.71,82.5,Net Banking,3,FALSE,Delivered,3
ORD-02068,07-02-2022,CUST60687,Rahul Joshi,40,Female,West,Surat,Furniture,Sofa,9,33837.01,0.22,303863.12,116653.75,42.65,Net Banking,1,FALSE,Delivered,4
ORD-01902,20-04-2022,CUST14081,Nikhil Reddy,26,Other,Central,Bhopal,Electronics,Laptop,5,8793.32,0.25,43856.68,6647.66,30.21,UPI,1,FALSE,Delivered,10
ORD-00325,22-05-2020,CUST90197,Ananya Sharma,38,Male,East,Patna,Electronics,Headphones,2,5256.57,0.26,10485.81,822.2,111.69,Net Banking,4,FALSE,Delivered,4
ORD-03333,12-12-2023,CUST27128,Karan Verma,36,Other,East,Patna,Groceries,Tea,8,244.23,0.21,1949.74,127.92,76.52,Debit Card,3,FALSE,Delivered,6
ORD-01155,06-03-2021,CUST00350,Deepa Iyer,32,Other,East,Kolkata,Electronics,Tablet,1,29383.37,0.06,29365.74,3473.46,76.02,Cash on Delivery,3,TRUE,Returned,2
ORD-01434,10-08-2021,CUST32355,Priya Verma,31,Male,South,Chennai,Clothing,T-Shirt,9,2943.22,0.02,26483.68,7881.59,58.83,EMI,5,FALSE,Shipped,5
ORD-03473,16-02-2024,CUST92267,Aarav Sharma,49,Female,East,Bhubaneswar,Sports,Cycle,10,5314.23,0.11,53083.84,10849.9,99,UPI,2,FALSE,Delivered,4
ORD-01474,25-10-2021,CUST18611,Sunita Shah,27,Male,East,Guwahati,Electronics,Smartphone,6,6119.98,0.29,36613.39,3137.93,74.62,Debit Card,1,TRUE,Returned,5
ORD-02103,14-07-2022,CUST67925,Sanjay Gupta,32,Other,North,Delhi,Beauty,Perfume,7,920.5,0.1,6437.06,4006.12,47.75,Debit Card,1,FALSE,Shipped,4
ORD-03012,28-07-2023,CUST28387,Aditya Bose,42,Male,East,Patna,Electronics,Headphones,3,73866.57,0.26,221023.55,33151.92,88.4,Cash on Delivery,4,FALSE,Delivered,5
ORD-02980,15-07-2023,CUST27360,Pooja Mishra,58,Other,West,Pune,Groceries,Sugar,6,290.29,0.28,1736.86,197.15,73.31,Cash on Delivery,3,FALSE,Delivered,8
ORD-00151,03-02-2020,CUST17244,Pooja Verma,36,Male,Central,Raipur,Furniture,Chair,3,5678.86,0.33,16980.36,3430.87,66.63,Debit Card,5,FALSE,Delivered,6
ORD-04118,26-11-2024,CUST48264,Aarav Chatterjee,56,Other,North,Amritsar,Clothing,Saree,9,2252.16,0.09,20251.2,4417.35,42.65,Net Banking,5,FALSE,Shipped,5
ORD-01697,28-01-2022,CUST17647,Nikhil Joshi,30,Male,North,Amritsar,Clothing,Kurta,8,670.37,0.4,5341.51,886.76,85.42,Cash on Delivery,1,TRUE,Returned,7
ORD-01122,22-05-2021,CUST22847,Arjun Sharma,45,Male,East,Guwahati,Groceries,Rice (5Kg),7,261.15,0.3,1822.57,126.72,75.32,UPI,3,FALSE,Delivered,3
ORD-04123,28-11-2024,CUST56868,Ananya Pillai,17,Other,East,Patna,Books,Comic Book,9,1408.86,0.16,12659.45,3795.39,79.06,EMI,4,FALSE,Delivered,2
ORD-04075,11-01-2024,CUST56692,Vikram Chatterjee,14,Male,Central,Raipur,Groceries,Rice (5Kg),8,109.34,0.02,874.55,59.29,46.15,UPI,4,FALSE,Delivered,3
ORD-01131,25-05-2021,CUST55050,Nikhil Pillai,31,Female,North,Chandigarh,Groceries,Rice (5Kg),5,356.64,0.39,1776.25,17.29,74.52,Net Banking,3,FALSE,Delivered,5
ORD-03955,02-09-2024,CUST57188,Amit Nair,21,Other,West,Mumbai,Electronics,Laptop,5,63280.32,0.01,316369.96,55973.13,51.92,EMI,3,FALSE,Delivered,10
ORD-02798,28-04-2023,CUST05716,Arjun Nair,35,Male,North,Amritsar,Electronics,Tablet,4,22399.3,0.34,89292.57,10309.74,54.13,EMI,4,FALSE,Cancelled,8
ORD-02804,30-04-2023,CUST37928,Arjun Chatterjee,24,Female,North,Delhi,Books,Textbook,8,1123.69,0.12,8978.73,3534.73,78.68,EMI,3,FALSE,Delivered,2
ORD-01049,20-04-2021,CUST90241,Sanjay Bhat,54,Other,North,Ludhiana,Beauty,Shampoo,5,2321.44,0.34,11567.74,3661.06,74.83,Cash on Delivery,4,FALSE,Delivered,8
ORD-00812,01-07-2021,CUST90877,Sanjay Kumar,37,Female,South,Chennai,Electronics,Smartwatch,10,60534.21,0.01,605281.57,79842.6,52,Debit Card,4,FALSE,Delivered,2
ORD-02710,22-03-2023,CUST02291,Sanjay Mehta,34,Male,East,Guwahati,Electronics,Smartwatch,2,10193.98,0.38,20310.49,1174.9,86.74,EMI,4,FALSE,Pending,5
ORD-03911,16-08-2024,CUST56239,Arjun Bose,51,Male,North,Amritsar,Sports,Dumbbells,10,786.71,0.03,7864.74,1750.05,48.55,Net Banking,1,FALSE,Delivered,8
ORD-01558,29-11-2021,CUST50687,Rahul Nair,21,Female,East,Patna,Books,Fiction Novel,10,722.86,0.15,7217.76,2442.73,55.76,UPI,1,FALSE,Delivered,4
ORD-01064,27-04-2021,CUST14319,Aarav Shah,27,Male,Central,Nagpur,Beauty,Lipstick,6,2416.31,0.13,14479.01,7768.7,37.54,Cash on Delivery,4,FALSE,Delivered,4
ORD-03155,29-09-2023,CUST59557,Meera Chatterjee,25,Other,South,Chennai,Clothing,Jacket,6,2996.07,0.39,17906.31,6275.03,75.18,Cash on Delivery,2,FALSE,Delivered,1
ORD-02304,27-09-2022,CUST81774,Meera Iyer,34,Male,East,Guwahati,Beauty,Hair Oil,8,1956.04,0.05,15640.5,7683.48,90.07,EMI,1,FALSE,Cancelled,4
ORD-02983,15-07-2023,CUST47590,Aarav Kumar,25,Male,East,Patna,Beauty,Shampoo,8,524.72,0.11,4193.14,3302.07,74.59,Net Banking,3,FALSE,Delivered,9
ORD-00893,02-05-2021,CUST82516,Aarav Kapoor,48,Other,South,Hyderabad,Groceries,Tea,4,405.74,0.06,1621.99,140.36,111.98,Credit Card,5,FALSE,Shipped,7
ORD-02922,18-06-2023,CUST45653,Aditya Reddy,27,Male,East,Kolkata,Furniture,Bed Frame,6,18974.28,0.32,113481.37,7548.58,78.91,Net Banking,3,FALSE,Delivered,6
ORD-01101,05-11-2021,CUST25632,Rohan Mehta,23,Other,East,Bhubaneswar,Beauty,Perfume,4,2455.13,0.04,9816.59,5429.24,86.94,EMI,5,FALSE,Delivered,2
ORD-02437,22-11-2022,CUST57020,Rahul Bhat,35,Other,East,Guwahati,Furniture,Bed Frame,10,5117.29,0.35,50993.79,8052.09,61.97,UPI,3,FALSE,Delivered,8
ORD-02985,15-07-2023,CUST52758,Meera Pillai,42,Male,East,Guwahati,Sports,Tennis Racket,3,13447.87,0.03,40331.51,14051.98,89.88,Credit Card,1,TRUE,Returned,1
ORD-01316,15-08-2021,CUST62751,Vikram Mishra,27,Female,East,Kolkata,Sports,Tennis Racket,2,11208.34,0.18,22376.33,5448.35,65.42,EMI,3,FALSE,Delivered,10
ORD-01649,01-05-2022,CUST44360,Vikram Iyer,28,Other,North,Amritsar,Furniture,Bed Frame,10,9788.59,0.18,97709.71,15796.43,48.09,Net Banking,1,TRUE,Returned,7
ORD-03104,03-09-2023,CUST21518,Karan Pillai,26,Male,West,Ahmedabad,Clothing,Saree,1,1916.17,0.22,1911.95,598.99,47.98,Net Banking,4,FALSE,Delivered,10
ORD-00796,28-12-2020,CUST33825,Aarav Reddy,44,Other,West,Pune,Clothing,T-Shirt,8,1635.94,0.17,13065.27,1973.68,58.56,EMI,4,FALSE,Delivered,7
ORD-00590,21-09-2020,CUST39103,Aditya Reddy,34,Other,Central,Raipur,Groceries,Flour,6,197.31,0.38,1179.36,50.36,60.78,Credit Card,1,FALSE,Delivered,3
ORD-00074,28-01-2020,CUST91087,Meera Shah,40,Female,East,Patna,Furniture,Chair,8,33648.87,0.27,268464.14,58848.22,90.58,Net Banking,4,TRUE,Returned,9
ORD-00461,21-07-2020,CUST87839,Priya Kumar,36,Other,North,Ludhiana,Sports,Yoga Mat,6,11043.66,0.36,66023.42,10394.78,45.19,UPI,1,FALSE,Delivered,3
ORD-00487,08-03-2020,CUST82166,Shreya Gupta,36,Female,North,Amritsar,Clothing,Jeans,1,2218.42,0.01,2218.2,885.38,25.22,Net Banking,2,FALSE,Delivered,6
ORD-02139,28-07-2022,CUST46079,Ananya Chatterjee,40,Other,North,Delhi,Beauty,Hair Oil,8,1990.6,0.37,15865.88,5997.36,71.99,UPI,2,FALSE,Delivered,9
ORD-01230,07-08-2021,CUST23256,Vikram Shah,13,Male,South,Kochi,Groceries,Rice (5Kg),2,347.75,0.37,692.93,48.84,91.05,UPI,4,FALSE,Cancelled,7
ORD-00493,08-04-2020,CUST79400,Meera Shah,52,Other,West,Mumbai,Furniture,Wardrobe,3,14320.7,0.28,42841.81,8980.94,51.39,Debit Card,1,FALSE,Delivered,3
ORD-03694,23-05-2024,CUST98806,Nisha Reddy,25,Other,East,Kolkata,Furniture,Bed Frame,5,30173.9,0.19,150582.85,9793.25,81.77,Net Banking,1,TRUE,Returned,4
ORD-02105,16-07-2022,CUST23451,Rahul Reddy,28,Other,West,Mumbai,Books,Comic Book,10,1326.18,0.2,13235.28,5803.82,73.42,Cash on Delivery,3,FALSE,Delivered,5
ORD-01266,25-07-2021,CUST72321,Arjun Iyer,13,Other,North,Ludhiana,Clothing,T-Shirt,5,1881.57,0.4,9370.22,1842.91,43.33,UPI,1,FALSE,Delivered,2
ORD-03419,22-01-2024,CUST03566,Pooja Joshi,37,Other,South,Chennai,Sports,Cricket Bat,6,548.7,0.13,3287.92,795.42,59.32,EMI,3,FALSE,Delivered,2
ORD-00098,02-07-2020,CUST47981,Arjun Kumar,45,Female,Central,Raipur,Furniture,Chair,4,14589.56,0.2,58241.52,18143.47,60.59,Cash on Delivery,5,FALSE,Delivered,6
ORD-03274,16-11-2023,CUST59021,Nisha Iyer,34,Other,East,Bhubaneswar,Electronics,Smartwatch,10,61623.34,0.1,615617.17,41031.36,69,UPI,4,FALSE,Delivered,5
ORD-02528,01-02-2023,CUST85727,Nisha Pillai,38,Female,South,Bangalore,Clothing,Jacket,9,2765.83,0.09,24870.07,7174.59,83.41,Cash on Delivery,5,FALSE,Cancelled,4
ORD-01773,23-02-2022,CUST06303,Arjun Shah,44,Female,North,Chandigarh,Furniture,Bed Frame,10,18135.2,0.08,181206.92,36601.82,42.09,Cash on Delivery,2,FALSE,Shipped,7
ORD-01468,23-10-2021,CUST62484,Karan Gupta,24,Female,West,Pune,Groceries,Cooking Oil,9,63.47,0.15,570.37,35.42,44.96,Credit Card,3,FALSE,Delivered,8
ORD-01750,16-02-2022,CUST58944,Sunita Verma,12,Male,West,Mumbai,Furniture,Sofa,6,15789.89,0.27,94483.54,13231.78,66.76,Credit Card,1,TRUE,Returned,2
ORD-01479,26-10-2021,CUST30026,Vikram Gupta,28,Male,South,Kochi,Beauty,Face Cream,1,703.89,0.12,703.05,209.92,68.12,Credit Card,1,TRUE,Returned,4
ORD-01891,15-04-2022,CUST26370,Deepa Mishra,23,Other,West,Pune,Furniture,Desk,8,34992.04,0.11,279628.39,82342.39,35.17,EMI,4,FALSE,Pending,1
ORD-03141,20-09-2023,CUST51444,Rohan Kapoor,34,Female,Central,Indore,Sports,Cricket Bat,9,3722.56,0.09,33472.89,8661.64,41.2,UPI,4,FALSE,Cancelled,2
ORD-02345,10-11-2022,CUST71392,Kavya Shah,21,Male,South,Chennai,Books,Self-Help Book,4,1497.67,0.21,5978.1,1329.44,68.06,Net Banking,5,FALSE,Delivered,7
ORD-02951,07-01-2023,CUST74188,Aarav Singh,46,Male,West,Mumbai,Sports,Football,2,10865.46,0.25,21676.59,6993.08,49.79,Cash on Delivery,1,TRUE,Returned,7
ORD-00602,26-09-2020,CUST38438,Priya Das,50,Other,South,Bangalore,Groceries,Flour,9,60.08,0.36,538.77,13.3,67.3,UPI,4,FALSE,Delivered,3
ORD-03943,27-08-2024,CUST79156,Ritu Bhat,26,Female,South,Hyderabad,Groceries,Rice (5Kg),5,228.28,0.29,1138.09,93.76,62.68,Net Banking,4,FALSE,Delivered,8
ORD-03222,25-10-2023,CUST90239,Pooja Patel,31,Female,East,Kolkata,Books,Comic Book,9,224.99,0.21,2020.66,489.85,81.53,EMI,3,FALSE,Shipped,1
ORD-00396,20-06-2020,CUST01484,Priya Reddy,51,Male,West,Surat,Books,Textbook,4,579.35,0.35,2309.29,1058.65,60.19,EMI,2,FALSE,Shipped,7
ORD-00427,07-08-2020,CUST70997,Nisha Iyer,46,Male,South,Hyderabad,Sports,Cycle,8,14501.84,0.35,115608.67,25057.46,74.64,Debit Card,1,FALSE,Delivered,5
ORD-00022,01-09-2020,CUST85754,Meera Bose,54,Male,South,Kochi,Groceries,Sugar,1,454.8,0.36,453.16,21.68,67.9,Cash on Delivery,2,FALSE,Delivered,6
ORD-01039,15-04-2021,CUST90995,Aditya Joshi,33,Other,South,Kochi,Electronics,Smartphone,10,76400.64,0.21,762401.99,80532.82,72.35,Credit Card,2,FALSE,Pending,9
ORD-02301,25-09-2022,CUST94749,Aarav Patel,52,Other,South,Hyderabad,Beauty,Hair Oil,3,1334.72,0.14,3998.55,1517.77,68.86,Net Banking,1,FALSE,Delivered,5
ORD-00845,20-01-2021,CUST66370,Sanjay Kumar,43,Other,South,Hyderabad,Sports,Tennis Racket,7,12247.06,0.07,85669.41,11670.83,87.17,Credit Card,4,FALSE,Pending,5
ORD-03358,23-12-2023,CUST82460,Nikhil Pillai,34,Other,East,Guwahati,Electronics,Smartwatch,9,17538.79,0.28,157407.13,9279.29,93.75,EMI,1,FALSE,Delivered,9
ORD-02894,06-06-2023,CUST87652,Nikhil Patel,25,Other,East,Bhubaneswar,Beauty,Shampoo,1,123.79,0.17,123.58,67.47,49.95,Credit Card,3,FALSE,Delivered,3
ORD-02603,02-04-2023,CUST47968,Vikram Pillai,27,Female,North,Amritsar,Beauty,Shampoo,5,1931.12,0.02,9653.67,3362.6,79.88,Net Banking,1,FALSE,Delivered,9
ORD-03418,22-01-2024,CUST18997,Arjun Verma,47,Other,South,Chennai,Groceries,Dal (1Kg),7,317.18,0.04,2219.37,216.78,80.19,Cash on Delivery,4,FALSE,Delivered,9
ORD-01670,15-01-2022,CUST23703,Aditya Kapoor,29,Female,North,Chandigarh,Clothing,Saree,2,2248.1,0.26,4484.51,1599.72,34.36,Cash on Delivery,4,TRUE,Returned,5
ORD-03485,23-02-2024,CUST71463,Kavya Rao,34,Other,East,Bhubaneswar,Clothing,Jeans,2,3938.35,0.27,7855.43,2710.16,80.77,Credit Card,4,FALSE,Delivered,2
ORD-03503,03-03-2024,CUST59996,Sunita Mehta,43,Female,Central,Nagpur,Clothing,Jacket,6,1168.05,0.04,7005.5,611.4,51.85,Credit Card,3,TRUE,Returned,8
ORD-01315,14-08-2021,CUST19293,Ananya Joshi,44,Other,South,Kochi,Furniture,Bed Frame,3,6100.73,0.35,18238.13,4667.9,82.45,Cash on Delivery,5,FALSE,Shipped,2
ORD-01847,27-03-2022,CUST23650,Sanjay Patel,43,Male,South,Bangalore,Electronics,Headphones,6,36964.92,0.07,221634.27,22543.08,71.02,UPI,3,FALSE,Delivered,6
ORD-03089,28-08-2023,CUST94322,Shreya Kapoor,19,Other,East,Patna,Books,Textbook,7,1441.05,0.29,10058.1,2820.94,86.34,Debit Card,3,TRUE,Returned,10
ORD-00244,17-04-2020,CUST99038,Shreya Verma,40,Female,East,Kolkata,Groceries,Rice (5Kg),3,211.24,0.18,632.58,55.71,90.81,Credit Card,3,FALSE,Delivered,10
ORD-04163,12-11-2024,CUST00013,Rahul Nair,29,Female,South,Hyderabad,Books,Self-Help Book,5,294.33,0.19,1468.85,77.47,95.45,Net Banking,2,FALSE,Delivered,2
ORD-00934,25-02-2021,CUST57153,Nikhil Mishra,33,Other,South,Chennai,Electronics,Camera,10,39470.47,0.03,394586.29,61665.08,68.19,Debit Card,1,TRUE,Returned,9
ORD-02408,11-06-2022,CUST35312,Aarav Joshi,45,Male,South,Chennai,Books,Biography,6,922.08,0.39,5510.9,1193.45,101.28,UPI,5,FALSE,Delivered,9
ORD-02144,30-07-2022,CUST57185,Aditya Pillai,45,Other,West,Ahmedabad,Clothing,Jacket,3,1239.18,0.11,3713.45,1338.61,61.11,EMI,1,FALSE,Cancelled,10
ORD-01529,18-11-2021,CUST01982,Meera Rao,34,Male,Central,Bhopal,Clothing,Dress,6,574.04,0.07,3441.83,810.17,68.91,Credit Card,3,FALSE,Delivered,5
ORD-01497,11-02-2021,CUST49401,Ritu Mehta,52,Other,West,Mumbai,Groceries,Sugar,3,398.14,0.25,1191.43,46.49,38.92,EMI,1,TRUE,Returned,10
ORD-02570,24-01-2023,CUST14169,Deepa Gupta,33,Male,Central,Indore,Books,Cook Book,6,1149.86,0.21,6884.67,2215.79,26.1,Debit Card,4,TRUE,Returned,8
ORD-01555,28-11-2021,CUST84373,Deepa Gupta,32,Male,East,Kolkata,Beauty,Hair Oil,8,1512.26,0.29,12063,1712.58,87.62,Net Banking,3,FALSE,Delivered,3
ORD-03023,08-01-2023,CUST97888,Deepa Gupta,16,Female,East,Kolkata,Sports,Cricket Bat,4,2506.3,0.16,10009.16,3383.09,80.27,Net Banking,3,FALSE,Delivered,2
ORD-03224,26-10-2023,CUST38211,Ananya Pillai,37,Male,Central,Indore,Clothing,Saree,4,594.33,0.07,2375.66,786.24,84.06,UPI,1,FALSE,Delivered,8
ORD-03400,13-01-2024,CUST16290,Shreya Gupta,34,Female,West,Ahmedabad,Beauty,Shampoo,4,1042.68,0.12,4165.72,1923.69,43.55,Net Banking,4,FALSE,Delivered,4
ORD-03329,12-11-2023,CUST84812,Amit Singh,29,Male,North,Amritsar,Beauty,Hair Oil,7,1649.29,0.18,11524.25,3544.75,37.21,Net Banking,2,FALSE,Delivered,2
ORD-02360,17-10-2022,CUST30543,Meera Patel,35,Female,East,Bhubaneswar,Furniture,Wardrobe,7,26524.4,0.29,185132.35,31637.28,92.09,Credit Card,4,FALSE,Shipped,4
ORD-01809,03-11-2022,CUST33015,Sunita Iyer,25,Other,South,Bangalore,Electronics,Headphones,9,15199.01,0.23,136476.47,19098.67,60.16,Cash on Delivery,1,FALSE,Delivered,6
ORD-02891,06-05-2023,CUST13778,Amit Pillai,41,Female,South,Hyderabad,Beauty,Sunscreen,2,1297.33,0.22,2588.95,1518.57,46.51,Debit Card,1,FALSE,Delivered,9
ORD-02462,12-03-2022,CUST93409,Kavya Sharma,51,Female,South,Chennai,Clothing,Kurta,4,3481.94,0.35,13879.01,2804.01,71.75,EMI,3,FALSE,Delivered,9
ORD-02507,24-12-2022,CUST89268,Amit Sharma,36,Other,Central,Indore,Sports,Dumbbells,9,5484.95,0.09,49320.12,5646.17,31.22,Debit Card,3,FALSE,Delivered,9
ORD-01186,17-06-2021,CUST18863,Nikhil Iyer,28,Female,South,Kochi,Books,Comic Book,10,1470.66,0,14706.6,8438.27,64.66,Credit Card,2,FALSE,Delivered,5
ORD-02388,30-10-2022,CUST96079,Kavya Bose,33,Male,West,Ahmedabad,Clothing,Kurta,8,3591.12,0.04,28717.47,6348.6,50.27,Cash on Delivery,2,FALSE,Cancelled,8
ORD-02554,01-12-2023,CUST72987,Sanjay Verma,32,Male,North,Ludhiana,Beauty,Lipstick,5,1481.3,0.31,7383.54,1360.74,44.59,Cash on Delivery,2,FALSE,Pending,2
ORD-03926,22-08-2024,CUST32277,Priya Shah,14,Other,North,Ludhiana,Electronics,Tablet,7,56616.08,0.37,394846.2,52669.59,72.56,Net Banking,1,FALSE,Delivered,9
ORD-01761,19-02-2022,CUST42165,Vikram Joshi,60,Female,East,Kolkata,Clothing,Saree,1,944.02,0.18,942.32,181.9,78.51,Credit Card,5,FALSE,Delivered,3
ORD-03280,17-11-2023,CUST58917,Rohan Joshi,40,Other,East,Kolkata,Books,Cook Book,6,1395.75,0.22,8356.08,2066.28,73.1,Debit Card,2,FALSE,Delivered,7
ORD-01966,18-05-2022,CUST97427,Priya Bose,15,Female,North,Amritsar,Sports,Tennis Racket,1,2681.34,0.12,2678.12,587.09,75.5,UPI,3,TRUE,Returned,4
ORD-02949,07-01-2023,CUST29456,Priya Sharma,20,Other,East,Bhubaneswar,Groceries,Flour,3,108.19,0.4,323.27,18.29,82.45,Cash on Delivery,2,FALSE,Cancelled,5
ORD-03143,21-09-2023,CUST43908,Nisha Iyer,31,Male,Central,Bhopal,Electronics,Laptop,3,56628.56,0.32,169342.05,15624.65,47.88,Credit Card,1,FALSE,Shipped,8
ORD-00445,16-07-2020,CUST52068,Deepa Reddy,48,Male,East,Guwahati,Electronics,Smartphone,10,19028.6,0.16,189981.54,15185.24,90.95,UPI,4,FALSE,Delivered,7
ORD-02088,07-09-2022,CUST29896,Amit Verma,43,Other,West,Mumbai,Beauty,Sunscreen,6,2056.5,0.18,12316.79,5400.15,38.67,Net Banking,5,FALSE,Cancelled,5
ORD-01265,25-07-2021,CUST61301,Rohan Singh,43,Male,West,Pune,Furniture,Bed Frame,3,6493.94,0.18,19446.75,5074.92,35.8,Net Banking,4,FALSE,Shipped,8
ORD-02754,04-06-2023,CUST60353,Aarav Kumar,52,Female,East,Patna,Sports,Cycle,5,12633.19,0.18,63052.25,19171.82,62.92,Cash on Delivery,2,TRUE,Returned,8
ORD-02566,17-01-2023,CUST73248,Sunita Nair,18,Other,North,Amritsar,Clothing,Kurta,5,3294.49,0.36,16413.15,4457.73,69.79,Cash on Delivery,3,FALSE,Delivered,3
ORD-03930,23-08-2024,CUST89734,Aditya Kapoor,15,Female,Central,Nagpur,Electronics,Smartwatch,10,30417.77,0.12,303812.69,59491.68,54,Debit Card,3,FALSE,Shipped,5
ORD-01077,05-02-2021,CUST86865,Amit Pillai,29,Female,West,Mumbai,Groceries,Rice (5Kg),2,413.27,0.22,824.72,59.92,45.09,UPI,1,FALSE,Delivered,8
ORD-02888,06-04-2023,CUST23652,Kavya Mehta,39,Male,West,Mumbai,Sports,Football,9,3434.17,0.08,30882.8,10782.3,55.14,UPI,2,FALSE,Delivered,5
ORD-03271,14-11-2023,CUST54392,Aarav Mishra,31,Male,Central,Raipur,Groceries,Dal (1Kg),6,470.13,0.34,2811.19,145.53,73.23,Debit Card,4,FALSE,Delivered,2
ORD-01228,07-07-2021,CUST18110,Karan Rao,31,Female,East,Patna,Books,Self-Help Book,3,453.81,0.14,1359.52,658.01,88.97,Cash on Delivery,2,FALSE,Delivered,6
ORD-01152,06-01-2021,CUST51781,Karan Verma,50,Female,West,Ahmedabad,Books,Fiction Novel,10,736.78,0.05,7364.12,3354.33,65.76,Credit Card,3,FALSE,Delivered,9
ORD-03728,13-06-2024,CUST36060,Aditya Bose,48,Female,South,Bangalore,Beauty,Face Cream,3,1059.55,0.29,3169.43,1778.64,88.2,Credit Card,4,FALSE,Shipped,6
ORD-04031,16-10-2024,CUST16901,Aarav Singh,36,Other,Central,Raipur,Sports,Cycle,4,10043.46,0.01,40169.82,8765.23,45.62,EMI,4,FALSE,Cancelled,2
ORD-03935,25-08-2024,CUST84410,Ananya Pillai,37,Female,South,Kochi,Beauty,Sunscreen,3,1547.78,0.27,4630.8,2149.21,79.74,Debit Card,4,FALSE,Delivered,6
ORD-00418,07-04-2020,CUST85780,Rahul Pillai,28,Female,North,Ludhiana,Groceries,Flour,6,88.16,0.25,527.64,8.41,26.09,Cash on Delivery,1,FALSE,Delivered,7
ORD-01243,14-07-2021,CUST88419,Amit Pillai,39,Female,North,Delhi,Sports,Cycle,9,8547.46,0.01,76919.45,14504.29,50.6,Net Banking,3,FALSE,Delivered,1
ORD-01867,04-03-2022,CUST11136,Meera Gupta,39,Other,East,Kolkata,Sports,Cricket Bat,4,1061.59,0.01,4245.94,990.61,66.63,Credit Card,1,FALSE,Delivered,7
ORD-03167,10-03-2023,CUST14358,Arjun Singh,45,Female,South,Bangalore,Groceries,Cooking Oil,2,487.25,0.31,971.48,59.76,64.43,Debit Card,1,FALSE,Delivered,6
ORD-03664,13-05-2024,CUST92119,Amit Singh,39,Male,South,Kochi,Groceries,Cooking Oil,9,188.1,0.08,1691.55,192.79,67.95,EMI,2,TRUE,Returned,9
ORD-03716,06-08-2024,CUST52321,Rohan Pillai,21,Other,South,Hyderabad,Beauty,Sunscreen,5,1069.36,0.29,5331.29,639.85,62.49,EMI,2,FALSE,Delivered,8
ORD-01279,31-07-2021,CUST14981,Nikhil Pillai,40,Other,West,Surat,Sports,Cricket Bat,5,1698.17,0.21,8473.02,334.69,57.32,EMI,1,FALSE,Delivered,7
ORD-02638,16-02-2023,CUST24560,Ritu Pillai,34,Male,West,Mumbai,Furniture,Bookshelf,4,17789.72,0.07,71109.07,19802.24,80.3,EMI,3,FALSE,Delivered,5
ORD-03111,09-05-2023,CUST09406,Meera Nair,66,Other,South,Hyderabad,Sports,Cricket Bat,2,548.2,0.12,1095.08,281.25,57.13,Net Banking,3,FALSE,Delivered,9
ORD-00621,10-05-2020,CUST05543,Vikram Bose,32,Female,West,Ahmedabad,Electronics,Camera,6,25397.18,0.27,151971.65,14030.93,71.52,Credit Card,4,FALSE,Delivered,3
ORD-02552,01-12-2023,CUST30853,Ritu Singh,40,Female,North,Delhi,Beauty,Lipstick,10,544.06,0.02,5439.51,2369.17,69.04,Cash on Delivery,3,FALSE,Shipped,6
ORD-02971,07-09-2023,CUST11958,Rahul Bose,41,Female,East,Guwahati,Clothing,Saree,2,1764.31,0.05,3526.86,1681.63,91.22,EMI,5,FALSE,Delivered,7
ORD-02208,21-08-2022,CUST55072,Rohan Pillai,35,Other,West,Surat,Electronics,Laptop,7,5978.14,0.38,41687.96,3202.9,68.28,EMI,2,FALSE,Cancelled,9
ORD-03467,13-02-2024,CUST83168,Nisha Kapoor,30,Female,North,Chandigarh,Furniture,Wardrobe,1,34040.99,0.35,33921.85,6731.99,44,EMI,2,FALSE,Cancelled,7
ORD-00538,25-08-2020,CUST99927,Nikhil Kapoor,41,Female,Central,Raipur,Groceries,Flour,5,195.75,0.23,976.5,70.85,48.01,Cash on Delivery,1,TRUE,Returned,7
ORD-03768,28-06-2024,CUST05494,Rahul Kumar,42,Female,West,Pune,Clothing,Saree,9,419.53,0.09,3772.37,2226.42,55.39,EMI,1,FALSE,Delivered,6
ORD-02289,20-09-2022,CUST74884,Kavya Mishra,28,Other,East,Bhubaneswar,Electronics,Laptop,5,76773.58,0.12,383407.26,45756.9,84.18,UPI,2,FALSE,Delivered,5
ORD-00014,01-05-2020,CUST18131,Karan Sharma,52,Male,West,Surat,Clothing,Dress,3,471.05,0.16,1410.89,414.35,64.24,Cash on Delivery,2,FALSE,Delivered,6
ORD-01682,20-01-2022,CUST60153,Meera Verma,34,Male,North,Chandigarh,Beauty,Sunscreen,3,790.57,0.33,2363.88,752.09,45.71,UPI,1,FALSE,Delivered,2
ORD-00741,12-03-2020,CUST07400,Arjun Pillai,39,Male,South,Chennai,Electronics,Smartwatch,5,17354.95,0.32,86497.07,5443.79,87.73,UPI,3,FALSE,Delivered,4
ORD-02977,13-07-2023,CUST30941,Amit Rao,36,Male,South,Kochi,Clothing,Dress,3,3416.07,0.14,10233.86,6787.12,56.49,Cash on Delivery,4,FALSE,Shipped,8
ORD-03387,01-04-2024,CUST28149,Sunita Kapoor,30,Female,West,Surat,Furniture,Bookshelf,6,20348.09,0.27,121758.9,23773.69,74.42,EMI,2,FALSE,Cancelled,1
ORD-01386,18-09-2021,CUST40254,Shreya Mehta,26,Male,East,Bhubaneswar,Beauty,Sunscreen,9,1633.93,0.26,14667.14,6165.22,62.78,UPI,4,FALSE,Delivered,2
ORD-02844,24-05-2023,CUST72283,Aarav Reddy,48,Male,West,Mumbai,Furniture,Chair,2,16498.44,0.32,32891.29,11294.07,57.11,Credit Card,4,FALSE,Delivered,5
ORD-02404,11-05-2022,CUST20182,Kavya Joshi,33,Male,West,Surat,Electronics,Laptop,4,6142.5,0.28,24501.2,2596.19,76.47,EMI,5,FALSE,Delivered,4
ORD-00335,25-05-2020,CUST11141,Aarav Chatterjee,45,Female,West,Pune,Clothing,Dress,2,2283.88,0.38,4550.4,1108.5,35.32,Debit Card,4,TRUE,Returned,5
ORD-02737,30-03-2023,CUST77328,Meera Pillai,34,Other,East,Bhubaneswar,Clothing,Dress,4,1407.93,0.05,5628.9,2389.35,107.41,Debit Card,5,FALSE,Delivered,2
ORD-03496,29-02-2024,CUST72195,Rohan Kapoor,26,Female,West,Ahmedabad,Clothing,Dress,3,1849.16,0.24,5534.17,2118.33,38.42,Net Banking,2,FALSE,Delivered,4
ORD-02990,18-07-2023,CUST58369,Aditya Kumar,25,Other,East,Patna,Beauty,Perfume,2,524.06,0.35,1044.45,703.91,91.44,Cash on Delivery,5,FALSE,Delivered,3
ORD-03398,01-12-2024,CUST65122,Rahul Mehta,27,Other,West,Mumbai,Groceries,Tea,8,381.64,0.15,3048.54,195.11,61.1,Net Banking,1,FALSE,Shipped,1
ORD-03050,08-12-2023,CUST75754,Karan Das,48,Other,North,Chandigarh,Furniture,Sofa,5,2325.92,0.02,11627.27,4426.97,68.39,Cash on Delivery,1,FALSE,Delivered,5
ORD-02236,09-01-2022,CUST58809,Rohan Iyer,34,Female,South,Chennai,Beauty,Shampoo,9,1011.72,0.19,9088.18,2925.83,96.59,Net Banking,1,FALSE,Delivered,4
ORD-00942,03-02-2021,CUST93436,Rohan Bose,26,Other,West,Pune,Beauty,Sunscreen,10,1967.69,0.12,19653.29,8446.34,29.78,Credit Card,4,FALSE,Shipped,4
ORD-02948,07-01-2023,CUST47347,Deepa Mishra,36,Male,North,Chandigarh,Beauty,Hair Oil,9,384.12,0.06,3455.01,2559.12,26.49,UPI,3,FALSE,Delivered,8
ORD-01185,16-06-2021,CUST20075,Deepa Bhat,48,Other,West,Ahmedabad,Sports,Tennis Racket,7,13866.5,0.4,96677.24,27530.1,63.5,EMI,2,TRUE,Returned,9
ORD-02278,16-09-2022,CUST26869,Aarav Mehta,28,Female,East,Bhubaneswar,Sports,Cycle,5,10621.22,0.03,53090.17,13918.5,72.95,Credit Card,4,FALSE,Pending,3
ORD-03932,25-08-2024,CUST12409,Sunita Iyer,45,Female,Central,Raipur,Furniture,Bookshelf,7,26483.31,0.19,185030.94,59352.07,51.56,Debit Card,2,FALSE,Delivered,8
ORD-01852,30-03-2022,CUST44543,Shreya Nair,21,Female,Central,Nagpur,Beauty,Shampoo,1,2086.47,0.4,2078.12,777.51,51,EMI,5,FALSE,Shipped,6
ORD-04138,12-04-2024,CUST97139,Rohan Bhat,25,Male,Central,Nagpur,Books,Cook Book,1,395.88,0.05,395.68,152.9,52.45,Cash on Delivery,3,FALSE,Delivered,5
ORD-02797,28-04-2023,CUST19934,Vikram Shah,37,Female,West,Surat,Groceries,Dal (1Kg),7,345.21,0.31,2408.98,210.23,60.08,EMI,4,FALSE,Delivered,10
ORD-01887,13-04-2022,CUST32630,Vikram Shah,27,Male,Central,Raipur,Sports,Tennis Racket,8,10307.31,0.04,82425.5,34280.73,65.12,UPI,4,FALSE,Delivered,8
ORD-03660,05-09-2024,CUST42839,Ananya Pillai,24,Other,West,Pune,Furniture,Bookshelf,6,28581.8,0.38,170839.13,46448.05,45.42,Cash on Delivery,3,FALSE,Delivered,9
ORD-03616,22-04-2024,CUST58545,Pooja Das,33,Other,East,Kolkata,Furniture,Desk,9,14817.04,0,133353.36,62640.08,83.25,UPI,2,FALSE,Delivered,2
ORD-02398,11-03-2022,CUST32655,Shreya Gupta,23,Male,East,Kolkata,Clothing,Dress,1,978.49,0.12,977.32,317.25,92.46,EMI,2,FALSE,Delivered,2
ORD-02094,07-10-2022,CUST96963,Pooja Singh,28,Female,East,Kolkata,Sports,Football,8,3340.32,0.25,26655.75,6012.3,87.45,Net Banking,3,FALSE,Shipped,5
ORD-02157,08-04-2022,CUST68003,Rahul Iyer,31,Other,Central,Indore,Beauty,Sunscreen,10,1462.52,0.36,14572.55,8359.96,63.11,Credit Card,3,FALSE,Cancelled,4
ORD-03690,22-05-2024,CUST65586,Aditya Rao,42,Other,Central,Bhopal,Electronics,Camera,1,44361.97,0.28,44237.76,6985.15,30.74,Credit Card,4,FALSE,Delivered,2
ORD-00030,01-11-2020,CUST05185,Sanjay Rao,35,Other,East,Kolkata,Books,Fiction Novel,2,1132.17,0.12,2261.62,458.01,90.46,UPI,5,FALSE,Cancelled,6
ORD-02670,28-02-2023,CUST97284,Priya Bose,39,Female,North,Ludhiana,Sports,Cricket Bat,3,12089.59,0.15,36214.37,5345.08,42.62,UPI,5,FALSE,Shipped,5
ORD-03492,26-02-2024,CUST31030,Vikram Rao,40,Female,East,Guwahati,Beauty,Hair Oil,1,2292.18,0.23,2286.91,1471.5,115.4,Cash on Delivery,5,FALSE,Delivered,7
ORD-04157,12-10-2024,CUST48612,Nisha Bose,56,Male,South,Hyderabad,Furniture,Bookshelf,6,10501.71,0.38,62770.82,13056.43,75.18,Credit Card,1,FALSE,Cancelled,6
ORD-01108,14-05-2021,CUST42651,Amit Pillai,25,Female,West,Ahmedabad,Furniture,Chair,1,5140.19,0.1,5135.05,1640.29,59.15,EMI,3,FALSE,Delivered,4
ORD-00491,08-04-2020,CUST01461,Priya Kumar,28,Male,East,Patna,Sports,Dumbbells,10,9368.59,0.14,93554.74,23130.27,86.8,Net Banking,3,FALSE,Delivered,2
ORD-00316,18-05-2020,CUST46191,Nisha Shah,19,Other,Central,Bhopal,Books,Comic Book,6,231.93,0.18,1389.08,47.57,54.75,EMI,1,FALSE,Delivered,6
ORD-01475,25-10-2021,CUST99554,Pooja Singh,34,Male,South,Bangalore,Groceries,Sugar,2,94.21,0.04,188.34,12.72,51.52,Debit Card,3,FALSE,Delivered,7
ORD-00382,06-12-2020,CUST28553,Nikhil Rao,25,Male,North,Chandigarh,Books,Textbook,9,1096.64,0.38,9832.25,2771.77,69.74,Debit Card,4,FALSE,Cancelled,8
ORD-03812,16-07-2024,CUST84668,Aditya Kumar,15,Other,West,Mumbai,Beauty,Shampoo,5,162.51,0.02,812.39,494.7,66.88,EMI,3,FALSE,Delivered,8
ORD-03596,04-12-2024,CUST47686,Ritu Das,49,Male,East,Kolkata,Electronics,Smartphone,9,64870.17,0.04,583598,126890.46,83.98,Cash on Delivery,4,FALSE,Pending,8
ORD-00446,16-07-2020,CUST01334,Nikhil Rao,22,Other,South,Chennai,Furniture,Desk,3,7359.98,0.26,22022.53,4022.85,82.84,Credit Card,1,FALSE,Delivered,8
ORD-02828,15-05-2023,CUST68781,Rahul Pillai,27,Male,South,Bangalore,Beauty,Face Cream,7,1149.53,0.19,8031.42,7264.17,62.38,Cash on Delivery,4,FALSE,Pending,2
ORD-04073,30-10-2024,CUST43498,Aarav Iyer,34,Female,Central,Nagpur,Beauty,Hair Oil,1,240.18,0.12,239.89,104.3,65.14,Credit Card,3,FALSE,Delivered,7
ORD-00627,10-08-2020,CUST31310,Rahul Mehta,44,Other,Central,Indore,Books,Fiction Novel,10,571.76,0.34,5698.16,1315.18,66.48,Credit Card,3,FALSE,Pending,4
ORD-01113,17-05-2021,CUST01886,Deepa Bose,38,Male,South,Chennai,Sports,Tennis Racket,6,13738.11,0.34,82148.4,13685.23,96.34,UPI,4,TRUE,Returned,4
ORD-01485,28-10-2021,CUST30209,Sanjay Iyer,48,Female,East,Patna,Clothing,Dress,5,3082.63,0.21,15380.78,2611.62,79.57,EMI,4,FALSE,Pending,7
ORD-02978,14-07-2023,CUST72850,Nikhil Kapoor,28,Male,North,Delhi,Sports,Football,4,10069.78,0.33,40146.2,6733.75,81.56,UPI,2,FALSE,Delivered,9
ORD-03196,14-10-2023,CUST46008,Sunita Shah,27,Other,West,Surat,Furniture,Sofa,6,28759.21,0.28,172072.11,33781.29,54.72,Debit Card,1,FALSE,Cancelled,5
ORD-03806,07-12-2024,CUST73502,Meera Gupta,34,Male,West,Mumbai,Clothing,Kurta,9,1781.89,0.21,16003.33,4832,54.08,EMI,2,TRUE,Returned,5
ORD-00012,01-04-2020,CUST61608,Karan Singh,21,Male,West,Ahmedabad,Electronics,Laptop,9,29868.65,0.32,267957.63,12480.5,51.76,UPI,1,FALSE,Delivered,9
ORD-01453,20-10-2021,CUST65544,Aditya Verma,11,Other,West,Ahmedabad,Clothing,Dress,10,1794.59,0.29,17893.86,5145.36,72.92,Credit Card,5,FALSE,Delivered,6
ORD-01974,22-05-2022,CUST96684,Rahul Pillai,25,Female,South,Bangalore,Books,Self-Help Book,1,429.32,0.37,427.73,193.26,89.48,Net Banking,3,FALSE,Cancelled,9
ORD-01789,03-04-2022,CUST43962,Rohan Mishra,49,Male,Central,Indore,Clothing,Kurta,1,2434.6,0.04,2433.63,635.65,29.56,EMI,3,FALSE,Delivered,1
ORD-02401,11-04-2022,CUST64655,Karan Chatterjee,21,Male,North,Chandigarh,Clothing,Kurta,9,3802.99,0.17,34168.72,9516.59,50.21,Credit Card,1,FALSE,Shipped,4
ORD-02701,16-03-2023,CUST61925,Rohan Rao,37,Other,West,Pune,Beauty,Hair Oil,3,2346.26,0.36,7013.44,2771.99,60.72,Credit Card,1,FALSE,Delivered,6
ORD-00774,16-12-2020,CUST03427,Vikram Kapoor,32,Other,West,Ahmedabad,Sports,Football,9,12132.54,0.37,108788.85,9632.31,31.17,Credit Card,4,FALSE,Shipped,5
ORD-00791,27-12-2020,CUST50607,Shreya Pillai,33,Male,Central,Indore,Furniture,Bed Frame,10,20725.97,0.06,207135.34,32970.37,54.51,Debit Card,5,FALSE,Cancelled,5
ORD-02916,14-06-2023,CUST68649,Rahul Patel,20,Other,South,Chennai,Groceries,Dal (1Kg),8,246.15,0.21,1965.06,179.49,95.73,Net Banking,1,FALSE,Delivered,2
ORD-03350,20-12-2023,CUST53832,Rahul Mehta,14,Female,North,Ludhiana,Clothing,Jeans,5,645.04,0.13,3221.01,643.44,51.85,Credit Card,5,FALSE,Delivered,8
ORD-02122,22-07-2022,CUST58669,Ananya Rao,54,Other,East,Bhubaneswar,Beauty,Perfume,9,1933.74,0.4,17334.05,4077.16,88.26,Debit Card,4,FALSE,Delivered,6
ORD-01554,28-11-2021,CUST42573,Amit Verma,32,Male,North,Ludhiana,Groceries,Flour,3,60.31,0.18,180.6,6.36,35.05,Credit Card,2,FALSE,Delivered,2
ORD-03135,16-09-2023,CUST31542,Meera Kumar,43,Other,North,Ludhiana,Books,Textbook,10,344.89,0.21,3441.66,480.69,36.51,Cash on Delivery,4,FALSE,Delivered,1
ORD-02879,06-02-2023,CUST55177,Ananya Reddy,27,Other,East,Kolkata,Groceries,Sugar,6,386.8,0.21,2315.93,318.39,79.26,EMI,1,FALSE,Shipped,5
ORD-01820,15-03-2022,CUST54684,Rohan Shah,25,Female,East,Guwahati,Furniture,Chair,9,28064.62,0.13,252253.22,53977.66,65.04,Cash on Delivery,3,FALSE,Delivered,5
ORD-02811,05-04-2023,CUST06279,Amit Joshi,35,Female,North,Ludhiana,Beauty,Lipstick,10,239.33,0.23,2387.8,780.04,61.7,Net Banking,4,FALSE,Delivered,10
ORD-00592,21-09-2020,CUST72170,Arjun Iyer,34,Male,North,Amritsar,Groceries,Sugar,9,302.37,0.03,2720.51,269.45,33.59,EMI,4,FALSE,Shipped,6
ORD-01045,19-04-2021,CUST27554,Nikhil Reddy,27,Female,East,Bhubaneswar,Books,Textbook,8,1199.34,0.14,9581.29,6783.73,76.89,Debit Card,2,TRUE,Returned,7
ORD-04041,19-10-2024,CUST75620,Aarav Pillai,39,Female,East,Kolkata,Groceries,Dal (1Kg),6,287.91,0.05,1726.6,185.74,79.81,Net Banking,3,TRUE,Returned,3
ORD-00245,17-04-2020,CUST17070,Aditya Kapoor,30,Female,Central,Raipur,Groceries,Flour,4,368.44,0.05,1473.02,133.75,54.97,Credit Card,2,FALSE,Delivered,2
ORD-01388,19-09-2021,CUST01168,Aarav Verma,30,Male,West,Surat,Furniture,Desk,7,9634.53,0.06,67401.24,21356.74,42.02,Debit Card,3,FALSE,Shipped,3
ORD-02023,06-10-2022,CUST72866,Vikram Mishra,41,Male,North,Amritsar,Sports,Tennis Racket,4,11418.62,0.21,45578.56,11855.66,52.64,Cash on Delivery,2,FALSE,Delivered,1
ORD-00060,22-01-2020,CUST06516,Pooja Das,41,Female,South,Bangalore,Sports,Cricket Bat,3,14511.24,0.17,43459.71,8351.78,63.58,EMI,3,FALSE,Delivered,3
ORD-00177,18-03-2020,CUST74936,Aditya Sharma,49,Female,West,Mumbai,Clothing,Jacket,9,2298.37,0.21,20641.89,7107.09,64.34,Debit Card,3,FALSE,Delivered,2
ORD-00450,17-07-2020,CUST20483,Kavya Iyer,29,Other,South,Chennai,Furniture,Wardrobe,10,9945.43,0.24,99215.61,30233.13,76.34,Credit Card,3,FALSE,Delivered,10
ORD-04082,11-05-2024,CUST72244,Aditya Patel,19,Female,East,Guwahati,Groceries,Cooking Oil,10,400.5,0.32,3992.18,174.53,55.61,EMI,4,FALSE,Delivered,9
ORD-00056,21-01-2020,CUST85136,Sanjay Sharma,45,Female,West,Pune,Sports,Football,6,1871.46,0.22,11204.06,1811.03,62.59,EMI,3,TRUE,Returned,9
ORD-03458,02-08-2024,CUST09746,Karan Pillai,25,Male,South,Chennai,Clothing,Kurta,7,3147.97,0.13,22007.14,10153.44,38.76,EMI,2,FALSE,Cancelled,2
ORD-01769,22-02-2022,CUST64190,Karan Reddy,39,Male,East,Guwahati,Beauty,Face Cream,7,422.45,0.02,2956.56,759.36,39.41,Credit Card,3,FALSE,Delivered,5
ORD-01738,02-11-2022,CUST50460,Amit Mehta,40,Female,East,Bhubaneswar,Books,Biography,5,1456.57,0.27,7263.19,2312.44,71.9,Cash on Delivery,1,FALSE,Cancelled,4
ORD-03241,11-01-2023,CUST36164,Nikhil Rao,23,Other,North,Delhi,Furniture,Desk,10,28349.81,0.14,283101.2,59966.21,53.88,Debit Card,2,FALSE,Delivered,2
